{
  "ts": 1772961821,
  "status": "HEALTHY",
  "balance": 6.767559,
  "wallet_usdc": 6.767559,
  "pm_collateral_usdc": 6.767559,
  "pm_available_usdc": 6.767559,
  "pm_allowance_usdc": 1.157920892373162e+71,
  "position": "FLAT",
  "runtime_ms": 3810,
  "latencies": {
    "data_fetch_all": 692.0,
    "fetch_polymarket": 944.6,
    "total_cycle": 3810
  },
  "trades_15m": 0,
  "last_market_slug": "btc-updown-15m-1772961300",
  "last_condition_id": "0xaf11d10d9bed1f2fb5e8fd920af4a3c1a57bea68b1ee56cc90978461e419e490",
  "unclaimed_usdc": 0.0,
  "api_trade_history": [],
  "signal": {
    "atr14": 105.84781365647754,
    "expected_move": 118.97093355899403,
    "z_score": -0.06648682802914349,
    "posterior_fair_up": 0.4734950525020701,
    "posterior_final_up": 0.4220071277857578,
    "sigma_b": 0.2788165644703696,
    "bvol_multiplier": 1.1288165644703696,
    "signed_score": 10.334879615496789,
    "ema_score": 2.0,
    "vwap_score": 1.0,
    "rsi_score": 1.0,
    "atr_score": 0.0,
    "macd_score": 1.0,
    "stoch_score": 1.5,
    "mfi_score": 0.0,
    "obv_score": -0.5,
    "cvd_score": 1.2221422996542266,
    "ofi_score": 1.0,
    "imbalance_score": 0.0,
    "flow_accel_score": 1.0,
    "liq_vacuum_score": 0.0,
    "bb_position_score": 1.0,
    "cross_exch_score": -0.3,
    "accum_ofi_score": 0.0,
    "misprice_score": 0.0,
    "mtf_momentum_score": 1.0,
    "adx_stoch_boost": -1.0,
    "spread_pressure_score": 0.0,
    "oracle_lag_score": 0.0,
    "funding_rate_score": 0.0,
    "funding_rate": -1.882e-05,
    "vpin_proxy": 0.0,
    "deep_imbalance": 0.5,
    "deep_ofi": 0.0,
    "cvd": 1.6009999999977302,
    "obi": -0.14388413236095815,
    "yes_mid": 0.435,
    "no_mid": 0.565,
    "regime": "normal",
    "direction": "DOWN",
    "edge_up": -0.02271935204544273,
    "edge_down": 0.0030221335131997984,
    "target_edge": 0.0030221335131997984,
    "target_side": "NO",
    "required_edge": 0.035,
    "min_score": 2.5,
    "skip_gates": [
      "edge_insufficient=0.0030_req=0.035"
    ],
    "strike_price": 67754.07,
    "distance": -7.9100000000034925,
    "raw_deep_ofi": 0.0,
    "raw_cvd": 1.6009999999977302,
    "raw_vpin": 0.0,
    "raw_deep_imbalance": 0.5,
    "raw_obi": -0.14388413236095815,
    "monster_signal": true,
    "posterior_final_down": 0.5779928722142422
  },
  "performance": {
    "total_trades": 0,
    "closed_trades": 0,
    "wins": 0,
    "losses": 0,
    "win_rate": 0.0,
    "avg_trade": 0.0,
    "avg_pnl": 0.0,
    "total_pnl": 0,
    "profit_factor": 0.0,
    "sharpe": 0.0,
    "loss_streak": 0
  },
  "perf_db": {
    "total_trades": 0,
    "win_rate": 0.0,
    "profit_factor": 0.0,
    "sharpe_ratio": 0.0,
    "avg_pnl_per_trade": 0.0
  },
  "events": []
}