{
  "ts": 1773152289,
  "status": "HEALTHY",
  "balance": 8.938791,
  "wallet_usdc": 8.938791,
  "pm_collateral_usdc": 8.938791,
  "pm_available_usdc": 8.938791,
  "pm_allowance_usdc": 1.157920892373162e+71,
  "position": "FLAT",
  "runtime_ms": 14972,
  "latencies": {
    "data_fetch_all": 3214.5,
    "fetch_polymarket": 6170.3,
    "total_cycle": 14972
  },
  "trades_15m": 0,
  "last_market_slug": "btc-updown-15m-1773152100",
  "last_condition_id": "0x073150338866d43594d64542e859184f7c4b34d9fbd6d4e2f03397fa01ace460",
  "unclaimed_usdc": 0.0,
  "api_trade_history": [],
  "signal": {
    "atr14": 271.2630090368068,
    "expected_move": 417.6040942925913,
    "z_score": 0.05229833782399286,
    "posterior_fair_up": 0.5208545791314232,
    "posterior_final_up": 0.5254159204119903,
    "sigma_b": 0.22409278749578881,
    "bvol_multiplier": 1.0740927874957888,
    "signed_score": -0.5538025765577582,
    "ema_score": -2.0,
    "vwap_score": 1.0,
    "rsi_score": -1.0,
    "atr_score": -1.0,
    "macd_score": -1.0,
    "stoch_score": -1.5,
    "mfi_score": 0.0,
    "obv_score": 2.5,
    "cvd_score": 1.2221422996542266,
    "ofi_score": 1.0,
    "imbalance_score": 0.0,
    "flow_accel_score": 1.0,
    "liq_vacuum_score": 0.0,
    "bb_position_score": -1.0,
    "cross_exch_score": 0.5,
    "accum_ofi_score": 0.0,
    "misprice_score": 0.0,
    "mtf_momentum_score": 0.0,
    "adx_stoch_boost": 0.0,
    "spread_pressure_score": 0.0,
    "oracle_lag_score": 0.0,
    "funding_rate_score": 0.0,
    "funding_rate": 1.991e-05,
    "vpin_proxy": 0.0,
    "deep_imbalance": 0.5,
    "deep_ofi": 0.0,
    "cvd": -29.01900000000039,
    "obi": 0.06258186354443548,
    "yes_mid": 0.515,
    "no_mid": 0.485,
    "regime": "high",
    "direction": "UP",
    "edge_up": 0.0003719275760351026,
    "edge_down": -0.020256678023787944,
    "target_edge": 0.0003719275760351026,
    "target_side": "YES",
    "required_edge": 0.025,
    "min_score": 2.0,
    "skip_gates": [
      "edge_insufficient=0.0004_req=0.035",
      "score_low=0.55_req=2.0",
      "early_window_rem=11.8min"
    ],
    "strike_price": 69488.66,
    "distance": 21.839999999996508,
    "raw_deep_ofi": 0.0,
    "raw_cvd": -29.01900000000039,
    "raw_vpin": 0.0,
    "raw_deep_imbalance": 0.5,
    "raw_obi": 0.06258186354443548,
    "monster_signal": false,
    "posterior_final_down": 0.47458407958800974
  },
  "performance": {
    "total_trades": 0,
    "closed_trades": 0,
    "wins": 0,
    "losses": 0,
    "win_rate": 0.0,
    "avg_trade": 0.0,
    "avg_pnl": 0.0,
    "total_pnl": 0,
    "profit_factor": 0.0,
    "sharpe": 0.0,
    "loss_streak": 0
  },
  "perf_db": {
    "total_trades": 0,
    "win_rate": 0.0,
    "profit_factor": 0.0,
    "sharpe_ratio": 0.0,
    "avg_pnl_per_trade": 0.0
  },
  "events": []
}