{
  "ts": 1772890233,
  "status": "HEALTHY",
  "balance": 6.767559,
  "wallet_usdc": 6.767559,
  "pm_collateral_usdc": 6.767559,
  "pm_available_usdc": 6.767559,
  "pm_allowance_usdc": 1.157920892373162e+71,
  "position": "FLAT",
  "runtime_ms": 1752,
  "latencies": {
    "data_fetch_all": 574.4,
    "fetch_polymarket": 283.9,
    "total_cycle": 1752
  },
  "trades_15m": 0,
  "last_market_slug": "btc-updown-15m-1772890200",
  "last_condition_id": "0x8faf7fcf2f1293d032c35d7e0d29aed44c5dca8282bd804bf3abfbad816dc7b7",
  "unclaimed_usdc": 0.0,
  "api_trade_history": [],
  "signal": {
    "atr14": 72.17569253943351,
    "expected_move": 122.69867731703697,
    "z_score": 0.11328565477587374,
    "posterior_fair_up": 0.5450980030710131,
    "posterior_final_up": 0.5673212470207648,
    "sigma_b": 0.32340873016524546,
    "bvol_multiplier": 1.1734087301652454,
    "signed_score": 0.4275897749414811,
    "ema_score": -2.0,
    "vwap_score": -1.0,
    "rsi_score": 0.0,
    "atr_score": 0.0,
    "macd_score": -1.0,
    "stoch_score": 0.0,
    "mfi_score": 2.0,
    "obv_score": -0.5,
    "cvd_score": 1.2221422996542266,
    "ofi_score": 1.0,
    "imbalance_score": 0.0,
    "flow_accel_score": 1.0,
    "liq_vacuum_score": 0.0,
    "bb_position_score": 0.0,
    "cross_exch_score": -0.3,
    "accum_ofi_score": 0.0,
    "misprice_score": 0.0,
    "mtf_momentum_score": -1.0,
    "adx_stoch_boost": 1.0,
    "spread_pressure_score": 0.0,
    "oracle_lag_score": 0.0,
    "funding_rate_score": 0.0,
    "funding_rate": -1.422e-05,
    "vpin_proxy": 0.0,
    "deep_imbalance": 0.5,
    "deep_ofi": 0.0,
    "cvd": 3.8339999999999823,
    "obi": 0.009923773319205551,
    "yes_mid": 0.545,
    "no_mid": 0.455,
    "regime": "low",
    "direction": "UP",
    "edge_up": 0.01221535579757782,
    "edge_down": -0.031994177552940595,
    "target_edge": 0.01221535579757782,
    "target_side": "YES",
    "required_edge": 0.05,
    "min_score": 3.0,
    "skip_gates": [
      "edge_insufficient=0.0122_req=0.035",
      "score_low=0.43_req=3.0",
      "early_window_rem=14.4min",
      "bb_squeeze=0.0021"
    ],
    "strike_price": 67990.0,
    "distance": 13.89999999999418,
    "raw_deep_ofi": 0.0,
    "raw_cvd": 3.8339999999999823,
    "raw_vpin": 0.0,
    "raw_deep_imbalance": 0.5,
    "raw_obi": 0.009923773319205551,
    "monster_signal": false,
    "posterior_final_down": 0.4326787529792352
  },
  "performance": {
    "total_trades": 0,
    "closed_trades": 0,
    "wins": 0,
    "losses": 0,
    "win_rate": 0.0,
    "avg_trade": 0.0,
    "avg_pnl": 0.0,
    "total_pnl": 0,
    "profit_factor": 0.0,
    "sharpe": 0.0,
    "loss_streak": 0
  },
  "perf_db": {
    "total_trades": 0,
    "win_rate": 0.0,
    "profit_factor": 0.0,
    "sharpe_ratio": 0.0,
    "avg_pnl_per_trade": 0.0
  },
  "events": []
}