{
  "ts": 1773950826,
  "status": "HEALTHY",
  "balance": 0.0,
  "wallet_usdc": null,
  "pm_collateral_usdc": 0.0,
  "pm_available_usdc": 0.0,
  "pm_allowance_usdc": 1.157920892373162e+71,
  "position": "FLAT",
  "runtime_ms": 3058,
  "latencies": {
    "data_fetch_all": 1464.4,
    "fetch_polymarket": 514.2,
    "total_cycle": 3058
  },
  "trades_15m": 0,
  "last_market_slug": "btc-updown-15m-1773950400",
  "last_condition_id": "0x20375070da3c0b8204c543bbfcb94d0e814f497b0da6af8cb7c9a6a46ff808da",
  "unclaimed_usdc": 0.0,
  "api_trade_history": [],
  "signal": {
    "atr14": 180.05249478406822,
    "expected_move": 226.32247653997544,
    "z_score": -0.14448410294865818,
    "posterior_fair_up": 0.44255908225972235,
    "posterior_final_up": 0.36778430984434013,
    "sigma_b": 0.14895510002533377,
    "bvol_multiplier": 0.9989551000253338,
    "signed_score": 0.0927496330958784,
    "ema_score": 2.0,
    "vwap_score": -1.0,
    "rsi_score": 0.0,
    "atr_score": 1.0,
    "macd_score": -1.0,
    "stoch_score": 0.0,
    "mfi_score": 0.0,
    "obv_score": -0.5,
    "cvd_score": 1.0229404438510774,
    "ofi_score": 0.0,
    "imbalance_score": 1.0,
    "flow_accel_score": 1.0,
    "liq_vacuum_score": 0.0,
    "bb_position_score": 0.0,
    "cross_exch_score": 0.5,
    "accum_ofi_score": 0.0,
    "misprice_score": 0.0,
    "mtf_momentum_score": -1.0,
    "adx_stoch_boost": -1.0,
    "spread_pressure_score": 0.0,
    "oracle_lag_score": -2.0,
    "funding_rate_score": 0.0,
    "funding_rate": 5.36e-06,
    "vpin_proxy": 0.0,
    "deep_imbalance": 0.5,
    "deep_ofi": 0.0,
    "cvd": 40.3639999999999,
    "obi": -0.06649696586895877,
    "yes_mid": 0.395,
    "no_mid": 0.605,
    "regime": "normal",
    "direction": "DOWN",
    "edge_up": -0.03662910187379198,
    "edge_down": 0.017284407772445776,
    "target_edge": 0.017284407772445776,
    "target_side": "NO",
    "required_edge": 0.035,
    "min_score": 2.5,
    "skip_gates": [
      "edge_insufficient=0.0173_req=0.035",
      "score_low=0.09_req=2.5"
    ],
    "strike_price": 70262.93,
    "distance": -32.69999999999709,
    "raw_deep_ofi": 0.0,
    "raw_cvd": 40.3639999999999,
    "raw_vpin": 0.0,
    "raw_deep_imbalance": 0.5,
    "raw_obi": -0.06649696586895877,
    "monster_signal": false,
    "posterior_final_down": 0.6322156901556599
  },
  "performance": {
    "total_trades": 0,
    "closed_trades": 0,
    "wins": 0,
    "losses": 0,
    "win_rate": 0.0,
    "avg_trade": 0.0,
    "avg_pnl": 0.0,
    "total_pnl": 0,
    "profit_factor": 0.0,
    "sharpe": 0.0,
    "loss_streak": 0
  },
  "perf_db": {
    "total_trades": 0,
    "win_rate": 0.0,
    "profit_factor": 0.0,
    "sharpe_ratio": 0.0,
    "avg_pnl_per_trade": 0.0
  },
  "events": []
}