{
  "ts": 1772889963,
  "status": "HEALTHY",
  "balance": 6.767559,
  "wallet_usdc": 6.767559,
  "pm_collateral_usdc": 6.767559,
  "pm_available_usdc": 6.767559,
  "pm_allowance_usdc": 1.157920892373162e+71,
  "position": "FLAT",
  "runtime_ms": 1669,
  "latencies": {
    "data_fetch_all": 508.9,
    "fetch_polymarket": 305.8,
    "total_cycle": 1669
  },
  "trades_15m": 0,
  "last_market_slug": "btc-updown-15m-1772889300",
  "last_condition_id": "0x6ca24c18dd21541f17db3cee3f862f5ab1c7da3ee343c2028797ef33bce7b40e",
  "unclaimed_usdc": 0.0,
  "api_trade_history": [],
  "signal": {
    "atr14": 66.29752213425068,
    "expected_move": 58.926526611550365,
    "z_score": -0.39167419712598106,
    "posterior_fair_up": 0.347649531365458,
    "posterior_final_up": 0.2513284474899174,
    "sigma_b": 0.17308358551678793,
    "bvol_multiplier": 1.023083585516788,
    "signed_score": 0.9457381470515375,
    "ema_score": -2.0,
    "vwap_score": 1.0,
    "rsi_score": 0.0,
    "atr_score": 0.0,
    "macd_score": -1.0,
    "stoch_score": 0.0,
    "mfi_score": 0.0,
    "obv_score": -0.5,
    "cvd_score": 1.2221422996542266,
    "ofi_score": 1.0,
    "imbalance_score": 0.0,
    "flow_accel_score": 1.0,
    "liq_vacuum_score": 0.0,
    "bb_position_score": 0.0,
    "cross_exch_score": -0.3,
    "accum_ofi_score": 0.0,
    "misprice_score": -0.5,
    "mtf_momentum_score": 1.0,
    "adx_stoch_boost": 1.0,
    "spread_pressure_score": 0.0,
    "oracle_lag_score": 0.0,
    "funding_rate_score": 0.0,
    "funding_rate": -1.426e-05,
    "vpin_proxy": 0.0,
    "deep_imbalance": 0.5,
    "deep_ofi": 0.0,
    "cvd": -45.84900000000016,
    "obi": -0.1607047304856962,
    "yes_mid": 0.315,
    "no_mid": 0.685,
    "regime": "low",
    "direction": "DOWN",
    "edge_up": -0.07208961939594546,
    "edge_down": 0.05402978888452026,
    "target_edge": 0.05402978888452026,
    "target_side": "NO",
    "required_edge": 0.05,
    "min_score": 3.0,
    "skip_gates": [
      "score_low=0.95_req=3.0",
      "bb_squeeze=0.0022"
    ],
    "strike_price": 68040.72,
    "distance": -23.080000000001746,
    "raw_deep_ofi": 0.0,
    "raw_cvd": -45.84900000000016,
    "raw_vpin": 0.0,
    "raw_deep_imbalance": 0.5,
    "raw_obi": -0.1607047304856962,
    "monster_signal": false,
    "posterior_final_down": 0.7486715525100827
  },
  "performance": {
    "total_trades": 0,
    "closed_trades": 0,
    "wins": 0,
    "losses": 0,
    "win_rate": 0.0,
    "avg_trade": 0.0,
    "avg_pnl": 0.0,
    "total_pnl": 0,
    "profit_factor": 0.0,
    "sharpe": 0.0,
    "loss_streak": 0
  },
  "perf_db": {
    "total_trades": 0,
    "win_rate": 0.0,
    "profit_factor": 0.0,
    "sharpe_ratio": 0.0,
    "avg_pnl_per_trade": 0.0
  },
  "events": []
}