{
  "ts": 1773746295,
  "status": "HEALTHY",
  "balance": 0.0,
  "wallet_usdc": null,
  "pm_collateral_usdc": 0.0,
  "pm_available_usdc": 0.0,
  "pm_allowance_usdc": 1.157920892373162e+71,
  "position": "FLAT",
  "runtime_ms": 2761,
  "latencies": {
    "data_fetch_all": 1323.1,
    "fetch_polymarket": 473.3,
    "total_cycle": 2761
  },
  "trades_15m": 0,
  "last_market_slug": "btc-updown-15m-1773746100",
  "last_condition_id": "0xa9ead6b2a512273519109736a93baa05c155b3e216f29701af9415b3c38f36ff",
  "unclaimed_usdc": 0.0,
  "api_trade_history": [],
  "signal": {
    "atr14": 121.38853012925289,
    "expected_move": 186.08509298251235,
    "z_score": 0.0,
    "posterior_fair_up": 0.5000000005,
    "posterior_final_up": 0.535000000248775,
    "sigma_b": 0.2174794906565265,
    "bvol_multiplier": 1.0674794906565266,
    "signed_score": 3.002656107696121,
    "ema_score": -2.0,
    "vwap_score": 1.0,
    "rsi_score": 0.0,
    "atr_score": -1.0,
    "macd_score": 1.0,
    "stoch_score": 1.0,
    "mfi_score": 0.0,
    "obv_score": 0.5,
    "cvd_score": 1.0229404438510774,
    "ofi_score": 0.0,
    "imbalance_score": 1.0,
    "flow_accel_score": 1.0,
    "liq_vacuum_score": 0.0,
    "bb_position_score": 0.0,
    "cross_exch_score": -0.3,
    "accum_ofi_score": 0.0,
    "misprice_score": 0.0,
    "mtf_momentum_score": 1.0,
    "adx_stoch_boost": 0.0,
    "spread_pressure_score": 0.0,
    "oracle_lag_score": 0.0,
    "funding_rate_score": 0.0,
    "funding_rate": -4.216e-05,
    "vpin_proxy": 0.0,
    "deep_imbalance": 0.5,
    "deep_ofi": 0.0,
    "cvd": 140.7010000000013,
    "obi": 0.09801376050833488,
    "yes_mid": 0.535,
    "no_mid": 0.46499999999999997,
    "regime": "normal",
    "direction": "UP",
    "edge_up": -0.00992199975351371,
    "edge_down": -0.00992900024613802,
    "target_edge": -0.00992199975351371,
    "target_side": "YES",
    "required_edge": 0.035,
    "min_score": 2.5,
    "skip_gates": [
      "edge_insufficient=-0.0099_req=0.035",
      "early_window_rem=11.8min"
    ],
    "strike_price": 73918.05,
    "distance": 0.0,
    "raw_deep_ofi": 0.0,
    "raw_cvd": 140.7010000000013,
    "raw_vpin": 0.0,
    "raw_deep_imbalance": 0.5,
    "raw_obi": 0.09801376050833488,
    "monster_signal": false,
    "posterior_final_down": 0.46499999975122497
  },
  "performance": {
    "total_trades": 0,
    "closed_trades": 0,
    "wins": 0,
    "losses": 0,
    "win_rate": 0.0,
    "avg_trade": 0.0,
    "avg_pnl": 0.0,
    "total_pnl": 0,
    "profit_factor": 0.0,
    "sharpe": 0.0,
    "loss_streak": 0
  },
  "perf_db": {
    "total_trades": 0,
    "win_rate": 0.0,
    "profit_factor": 0.0,
    "sharpe_ratio": 0.0,
    "avg_pnl_per_trade": 0.0
  },
  "events": []
}