{
  "ts": 1772918790,
  "status": "HEALTHY",
  "balance": 6.767559,
  "wallet_usdc": 6.767559,
  "pm_collateral_usdc": 6.767559,
  "pm_available_usdc": 6.767559,
  "pm_allowance_usdc": 1.157920892373162e+71,
  "position": "FLAT",
  "runtime_ms": 2291,
  "latencies": {
    "data_fetch_all": 364.5,
    "fetch_polymarket": 432.7,
    "total_cycle": 2291
  },
  "trades_15m": 0,
  "last_market_slug": "btc-updown-15m-1772918100",
  "last_condition_id": "0x5844e0356bf5aae1660098ca82153e313479bd2e41d1810249fd1a4127501375",
  "unclaimed_usdc": 0.0,
  "api_trade_history": [],
  "signal": {
    "atr14": 82.16824183575024,
    "expected_move": 68.74688339455713,
    "z_score": 0.6612663404548029,
    "posterior_fair_up": 0.7457793027632829,
    "posterior_final_up": 0.8965624332197998,
    "sigma_b": 0.22096061530500136,
    "bvol_multiplier": 1.0709606153050013,
    "signed_score": 7.6632582648810805,
    "ema_score": 2.0,
    "vwap_score": 1.0,
    "rsi_score": 0.0,
    "atr_score": 0.0,
    "macd_score": 1.0,
    "stoch_score": 1.5,
    "mfi_score": 0.0,
    "obv_score": -2.5,
    "cvd_score": 1.2221422996542266,
    "ofi_score": 1.0,
    "imbalance_score": 0.0,
    "flow_accel_score": 1.0,
    "liq_vacuum_score": 0.0,
    "bb_position_score": 0.5,
    "cross_exch_score": -0.3,
    "accum_ofi_score": 0.0,
    "misprice_score": 0.5,
    "mtf_momentum_score": 1.0,
    "adx_stoch_boost": 0.0,
    "spread_pressure_score": 0.0,
    "oracle_lag_score": 0.0,
    "funding_rate_score": 0.0,
    "funding_rate": -4.146e-05,
    "vpin_proxy": 0.0,
    "deep_imbalance": 0.5,
    "deep_ofi": 0.0,
    "cvd": 12.093000000000007,
    "obi": 0.24656469451423352,
    "yes_mid": 0.835,
    "no_mid": 0.165,
    "regime": "normal",
    "direction": "UP",
    "edge_up": 0.05369343343349642,
    "edge_down": -0.0682794968283511,
    "target_edge": 0.05369343343349642,
    "target_side": "YES",
    "required_edge": 0.035,
    "min_score": 2.5,
    "skip_gates": [],
    "strike_price": 67401.99,
    "distance": 45.45999999999185,
    "raw_deep_ofi": 0.0,
    "raw_cvd": 12.093000000000007,
    "raw_vpin": 0.0,
    "raw_deep_imbalance": 0.5,
    "raw_obi": 0.24656469451423352,
    "monster_signal": false,
    "posterior_final_down": 0.10343756678020022
  },
  "performance": {
    "total_trades": 0,
    "closed_trades": 0,
    "wins": 0,
    "losses": 0,
    "win_rate": 0.0,
    "avg_trade": 0.0,
    "avg_pnl": 0.0,
    "total_pnl": 0,
    "profit_factor": 0.0,
    "sharpe": 0.0,
    "loss_streak": 0
  },
  "perf_db": {
    "total_trades": 0,
    "win_rate": 0.0,
    "profit_factor": 0.0,
    "sharpe_ratio": 0.0,
    "avg_pnl_per_trade": 0.0
  },
  "events": []
}