{
  "ts": 1772915520,
  "status": "HEALTHY",
  "balance": 6.767559,
  "wallet_usdc": 6.767559,
  "pm_collateral_usdc": 6.767559,
  "pm_available_usdc": 6.767559,
  "pm_allowance_usdc": 1.157920892373162e+71,
  "position": "FLAT",
  "runtime_ms": 2831,
  "latencies": {
    "data_fetch_all": 1171.9,
    "fetch_polymarket": 350.1,
    "total_cycle": 2831
  },
  "trades_15m": 0,
  "last_market_slug": "btc-updown-15m-1772915400",
  "last_condition_id": "0x15898b78293ea32b3cbc2f075f61c91a652e118308a69362128f8ceae0ff26fc",
  "unclaimed_usdc": 0.0,
  "api_trade_history": [],
  "signal": {
    "atr14": 105.97367574733296,
    "expected_move": 170.87741768192268,
    "z_score": 0.15514045307821758,
    "posterior_fair_up": 0.5616447170365917,
    "posterior_final_up": 0.5951747511240896,
    "sigma_b": 1.3788988195899943,
    "bvol_multiplier": 2.0,
    "signed_score": 10.910999219515917,
    "ema_score": -2.0,
    "vwap_score": 1.0,
    "rsi_score": 0.0,
    "atr_score": 0.0,
    "macd_score": 1.0,
    "stoch_score": 0.0,
    "mfi_score": 0.0,
    "obv_score": 0.5,
    "cvd_score": 1.2221422996542266,
    "ofi_score": 1.0,
    "imbalance_score": 0.0,
    "flow_accel_score": 1.0,
    "liq_vacuum_score": 0.0,
    "bb_position_score": 0.0,
    "cross_exch_score": 0.5,
    "accum_ofi_score": 0.0,
    "misprice_score": 0.0,
    "mtf_momentum_score": 1.0,
    "adx_stoch_boost": 1.0,
    "spread_pressure_score": 0.0,
    "oracle_lag_score": 0.0,
    "funding_rate_score": 0.0,
    "funding_rate": -3.696e-05,
    "vpin_proxy": 0.0,
    "deep_imbalance": 0.5,
    "deep_ofi": 0.0,
    "cvd": 4.091000000000013,
    "obi": 0.020325892189825112,
    "yes_mid": 0.565,
    "no_mid": 0.435,
    "regime": "normal",
    "direction": "UP",
    "edge_up": 0.020056248264422427,
    "edge_down": -0.039708793911499785,
    "target_edge": 0.020056248264422427,
    "target_side": "YES",
    "required_edge": 0.035,
    "min_score": 2.5,
    "skip_gates": [
      "edge_insufficient=0.0201_req=0.035",
      "monster_too_early_rem=13.0min"
    ],
    "strike_price": 67246.48,
    "distance": 26.510000000009313,
    "raw_deep_ofi": 0.0,
    "raw_cvd": 4.091000000000013,
    "raw_vpin": 0.0,
    "raw_deep_imbalance": 0.5,
    "raw_obi": 0.020325892189825112,
    "monster_signal": true,
    "posterior_final_down": 0.4048252488759104
  },
  "performance": {
    "total_trades": 0,
    "closed_trades": 0,
    "wins": 0,
    "losses": 0,
    "win_rate": 0.0,
    "avg_trade": 0.0,
    "avg_pnl": 0.0,
    "total_pnl": 0,
    "profit_factor": 0.0,
    "sharpe": 0.0,
    "loss_streak": 0
  },
  "perf_db": {
    "total_trades": 0,
    "win_rate": 0.0,
    "profit_factor": 0.0,
    "sharpe_ratio": 0.0,
    "avg_pnl_per_trade": 0.0
  },
  "events": []
}