{
  "ts": 1773706513,
  "status": "HEALTHY",
  "balance": 0.0,
  "wallet_usdc": null,
  "pm_collateral_usdc": 0.0,
  "pm_available_usdc": 0.0,
  "pm_allowance_usdc": 1.157920892373162e+71,
  "position": "FLAT",
  "runtime_ms": 2681,
  "latencies": {
    "data_fetch_all": 1233.1,
    "fetch_polymarket": 381.5,
    "total_cycle": 2681
  },
  "trades_15m": 0,
  "last_market_slug": "btc-updown-15m-1773706500",
  "last_condition_id": "0x1ccbbbb18742fd2e8320467293fd4fbb19f5066868b69fea896ec66de0d4d17f",
  "unclaimed_usdc": 0.0,
  "api_trade_history": [],
  "signal": {
    "atr14": 201.53143786448038,
    "expected_move": 346.5325113998781,
    "z_score": 0.011254355281857987,
    "posterior_fair_up": 0.5044897689166878,
    "posterior_final_up": 0.4972448060082682,
    "sigma_b": 5.488835984589974,
    "bvol_multiplier": 2.0,
    "signed_score": 25.632116621391507,
    "ema_score": 2.0,
    "vwap_score": 1.0,
    "rsi_score": 1.0,
    "atr_score": 1.0,
    "macd_score": 1.0,
    "stoch_score": 1.5,
    "mfi_score": 0.0,
    "obv_score": 0.5,
    "cvd_score": 1.0229404438510774,
    "ofi_score": 0.0,
    "imbalance_score": 1.0,
    "flow_accel_score": 1.0,
    "liq_vacuum_score": 0.0,
    "bb_position_score": 1.0,
    "cross_exch_score": 0.5,
    "accum_ofi_score": 0.0,
    "misprice_score": 0.0,
    "mtf_momentum_score": 1.0,
    "adx_stoch_boost": 0.0,
    "spread_pressure_score": 0.0,
    "oracle_lag_score": 0.0,
    "funding_rate_score": 0.0,
    "funding_rate": 6.71e-06,
    "vpin_proxy": 0.0,
    "deep_imbalance": 0.5,
    "deep_ofi": 0.0,
    "cvd": 1.5270000000000015,
    "obi": -0.041945206440121154,
    "yes_mid": 0.495,
    "no_mid": 0.505,
    "regime": "high",
    "direction": "DOWN",
    "edge_up": -0.007727642051814476,
    "edge_down": -0.012171806909387128,
    "target_edge": -0.012171806909387128,
    "target_side": "NO",
    "required_edge": 0.025,
    "min_score": 2.0,
    "skip_gates": [
      "edge_insufficient=-0.0122_req=0.035",
      "monster_too_early_rem=14.8min"
    ],
    "strike_price": 75415.42,
    "distance": 3.900000000008731,
    "raw_deep_ofi": 0.0,
    "raw_cvd": 1.5270000000000015,
    "raw_vpin": 0.0,
    "raw_deep_imbalance": 0.5,
    "raw_obi": -0.041945206440121154,
    "monster_signal": true,
    "posterior_final_down": 0.5027551939917319
  },
  "performance": {
    "total_trades": 0,
    "closed_trades": 0,
    "wins": 0,
    "losses": 0,
    "win_rate": 0.0,
    "avg_trade": 0.0,
    "avg_pnl": 0.0,
    "total_pnl": 0,
    "profit_factor": 0.0,
    "sharpe": 0.0,
    "loss_streak": 0
  },
  "perf_db": {
    "total_trades": 0,
    "win_rate": 0.0,
    "profit_factor": 0.0,
    "sharpe_ratio": 0.0,
    "avg_pnl_per_trade": 0.0
  },
  "events": []
}