{
  "ts": 1773021095,
  "status": "HEALTHY",
  "balance": 6.681274,
  "wallet_usdc": 6.681274,
  "pm_collateral_usdc": 6.681274,
  "pm_available_usdc": 6.681274,
  "pm_allowance_usdc": 1.157920892373162e+71,
  "position": "FLAT",
  "runtime_ms": 3729,
  "latencies": {
    "data_fetch_all": 1792.8,
    "fetch_polymarket": 645.2,
    "total_cycle": 3729
  },
  "trades_15m": 0,
  "last_market_slug": "btc-updown-15m-1773020700",
  "last_condition_id": "0xe6535ece3e116e3301bc47c091193a0349492fbf03151aa822b61021cfb90bba",
  "unclaimed_usdc": 0.0,
  "api_trade_history": [],
  "signal": {
    "atr14": 212.4608524563853,
    "expected_move": 275.653798464544,
    "z_score": -0.2766150890164775,
    "posterior_fair_up": 0.3910379028716487,
    "posterior_final_up": 0.08593274980749711,
    "sigma_b": 0.29795466197824727,
    "bvol_multiplier": 1.1479546619782472,
    "signed_score": 3.9999328658128683,
    "ema_score": 2.0,
    "vwap_score": -1.0,
    "rsi_score": 0.0,
    "atr_score": 1.0,
    "macd_score": 1.0,
    "stoch_score": 0.0,
    "mfi_score": 0.0,
    "obv_score": -0.5,
    "cvd_score": 1.2221422996542266,
    "ofi_score": 1.0,
    "imbalance_score": 0.0,
    "flow_accel_score": 1.0,
    "liq_vacuum_score": 0.0,
    "bb_position_score": 0.5,
    "cross_exch_score": -0.5,
    "accum_ofi_score": 0.0,
    "misprice_score": 0.0,
    "mtf_momentum_score": 0.0,
    "adx_stoch_boost": -1.0,
    "spread_pressure_score": -0.0,
    "oracle_lag_score": 0.0,
    "funding_rate_score": 0.0,
    "funding_rate": -7.666e-05,
    "vpin_proxy": 0.0,
    "deep_imbalance": 0.5,
    "deep_ofi": 0.0,
    "cvd": -59.391999999999726,
    "obi": -0.45107613548362446,
    "yes_mid": 0.10500000000000001,
    "no_mid": 0.895,
    "regime": "high",
    "direction": "DOWN",
    "edge_up": -0.025596853139076337,
    "edge_down": 0.012239115692117886,
    "target_edge": 0.012239115692117886,
    "target_side": "NO",
    "required_edge": 0.025,
    "min_score": 2.0,
    "skip_gates": [
      "edge_insufficient=0.0122_req=0.035"
    ],
    "strike_price": 66615.29,
    "distance": -76.25,
    "raw_deep_ofi": 0.0,
    "raw_cvd": -59.391999999999726,
    "raw_vpin": 0.0,
    "raw_deep_imbalance": 0.5,
    "raw_obi": -0.45107613548362446,
    "monster_signal": true,
    "posterior_final_down": 0.9140672501925029
  },
  "performance": {
    "total_trades": 0,
    "closed_trades": 0,
    "wins": 0,
    "losses": 0,
    "win_rate": 0.0,
    "avg_trade": 0.0,
    "avg_pnl": 0.0,
    "total_pnl": 0,
    "profit_factor": 0.0,
    "sharpe": 0.0,
    "loss_streak": 0
  },
  "perf_db": {
    "total_trades": 0,
    "win_rate": 0.0,
    "profit_factor": 0.0,
    "sharpe_ratio": 0.0,
    "avg_pnl_per_trade": 0.0
  },
  "events": []
}