{
  "ts": 1773778966,
  "status": "HEALTHY",
  "balance": 0.0,
  "wallet_usdc": null,
  "pm_collateral_usdc": 0.0,
  "pm_available_usdc": 0.0,
  "pm_allowance_usdc": 1.157920892373162e+71,
  "position": "FLAT",
  "runtime_ms": 2411,
  "latencies": {
    "data_fetch_all": 496.4,
    "fetch_polymarket": 478.4,
    "total_cycle": 2411
  },
  "trades_15m": 0,
  "last_market_slug": "btc-updown-15m-1773778500",
  "last_condition_id": "0x31f25e08bacf0831e840597c7f99ad3b79a7b281aa46a264818e9de5eedae931",
  "unclaimed_usdc": 0.0,
  "api_trade_history": [],
  "signal": {
    "atr14": 134.83118010102152,
    "expected_move": 162.17151469258712,
    "z_score": 0.5783383116189192,
    "posterior_fair_up": 0.7184821729108289,
    "posterior_final_up": 0.9648491952436017,
    "sigma_b": 0.1866019171487162,
    "bvol_multiplier": 1.0366019171487162,
    "signed_score": 1.0084547009854783,
    "ema_score": -2.0,
    "vwap_score": 1.0,
    "rsi_score": 0.0,
    "atr_score": -1.0,
    "macd_score": -1.0,
    "stoch_score": 0.0,
    "mfi_score": 0.0,
    "obv_score": -0.5,
    "cvd_score": 1.0229404438510774,
    "ofi_score": 0.0,
    "imbalance_score": 1.0,
    "flow_accel_score": 1.0,
    "liq_vacuum_score": 0.0,
    "bb_position_score": -0.5,
    "cross_exch_score": 0.5,
    "accum_ofi_score": 0.0,
    "misprice_score": 0.0,
    "mtf_momentum_score": 0.0,
    "adx_stoch_boost": 1.0,
    "spread_pressure_score": 1.0,
    "oracle_lag_score": 0.0,
    "funding_rate_score": 0.0,
    "funding_rate": -7.783e-05,
    "vpin_proxy": 0.0,
    "deep_imbalance": 0.5,
    "deep_ofi": 0.0,
    "cvd": 173.90000000000126,
    "obi": 0.7369083161150968,
    "yes_mid": 0.945,
    "no_mid": 0.055,
    "regime": "normal",
    "direction": "UP",
    "edge_up": 0.013884346048358087,
    "edge_down": -0.025510030373021977,
    "target_edge": 0.013884346048358087,
    "target_side": "YES",
    "required_edge": 0.035,
    "min_score": 2.5,
    "skip_gates": [],
    "strike_price": 74397.07,
    "distance": 93.7899999999936,
    "raw_deep_ofi": 0.0,
    "raw_cvd": 173.90000000000126,
    "raw_vpin": 0.0,
    "raw_deep_imbalance": 0.5,
    "raw_obi": 0.7369083161150968,
    "monster_signal": true,
    "posterior_final_down": 0.03515080475639831
  },
  "performance": {
    "total_trades": 0,
    "closed_trades": 0,
    "wins": 0,
    "losses": 0,
    "win_rate": 0.0,
    "avg_trade": 0.0,
    "avg_pnl": 0.0,
    "total_pnl": 0,
    "profit_factor": 0.0,
    "sharpe": 0.0,
    "loss_streak": 0
  },
  "perf_db": {
    "total_trades": 0,
    "win_rate": 0.0,
    "profit_factor": 0.0,
    "sharpe_ratio": 0.0,
    "avg_pnl_per_trade": 0.0
  },
  "events": []
}