{
  "ts": 1773008351,
  "status": "HEALTHY",
  "balance": 6.767559,
  "wallet_usdc": 6.767559,
  "pm_collateral_usdc": 6.767559,
  "pm_available_usdc": 6.767559,
  "pm_allowance_usdc": 1.157920892373162e+71,
  "position": "FLAT",
  "runtime_ms": 1997,
  "latencies": {
    "data_fetch_all": 420.5,
    "fetch_polymarket": 368.6,
    "total_cycle": 1997
  },
  "trades_15m": 0,
  "last_market_slug": "btc-updown-15m-1773008100",
  "last_condition_id": "0x8f51cd52c9ec3c49cbd4d7af7ccc57634a315abcf53d3964707cc3faf4681136",
  "unclaimed_usdc": 0.0,
  "api_trade_history": [],
  "signal": {
    "atr14": 239.39815441059187,
    "expected_move": 352.1133725641181,
    "z_score": 0.20447959552257322,
    "posterior_fair_up": 0.5810106040935615,
    "posterior_final_up": 0.37758002824017356,
    "sigma_b": 0.25881266236339134,
    "bvol_multiplier": 1.1088126623633914,
    "signed_score": 1.645921169847965,
    "ema_score": -2.0,
    "vwap_score": 1.0,
    "rsi_score": 0.0,
    "atr_score": -1.0,
    "macd_score": -1.0,
    "stoch_score": 0.0,
    "mfi_score": 0.0,
    "obv_score": 0.5,
    "cvd_score": 1.2221422996542266,
    "ofi_score": 1.0,
    "imbalance_score": 0.0,
    "flow_accel_score": 1.0,
    "liq_vacuum_score": 0.0,
    "bb_position_score": -1.0,
    "cross_exch_score": -0.5,
    "accum_ofi_score": 0.0,
    "misprice_score": 0.0,
    "mtf_momentum_score": 0.0,
    "adx_stoch_boost": 1.0,
    "spread_pressure_score": -0.0,
    "oracle_lag_score": 2.0,
    "funding_rate_score": 0.0,
    "funding_rate": -3.493e-05,
    "vpin_proxy": 0.0,
    "deep_imbalance": 0.5,
    "deep_ofi": 0.0,
    "cvd": -78.95600000000087,
    "obi": -0.15689775126135164,
    "yes_mid": 0.33999999999999997,
    "no_mid": 0.655,
    "regime": "high",
    "direction": "DOWN",
    "edge_up": 0.022671487873051344,
    "edge_down": -0.04181248404814042,
    "target_edge": -0.04181248404814042,
    "target_side": "NO",
    "required_edge": 0.025,
    "min_score": 2.0,
    "skip_gates": [
      "edge_insufficient=-0.0418_req=0.035",
      "score_low=1.65_req=2.0",
      "early_window_rem=10.8min"
    ],
    "strike_price": 66066.0,
    "distance": 72.0,
    "raw_deep_ofi": 0.0,
    "raw_cvd": -78.95600000000087,
    "raw_vpin": 0.0,
    "raw_deep_imbalance": 0.5,
    "raw_obi": -0.15689775126135164,
    "monster_signal": false,
    "posterior_final_down": 0.6224199717598264
  },
  "performance": {
    "total_trades": 0,
    "closed_trades": 0,
    "wins": 0,
    "losses": 0,
    "win_rate": 0.0,
    "avg_trade": 0.0,
    "avg_pnl": 0.0,
    "total_pnl": 0,
    "profit_factor": 0.0,
    "sharpe": 0.0,
    "loss_streak": 0
  },
  "perf_db": {
    "total_trades": 0,
    "win_rate": 0.0,
    "profit_factor": 0.0,
    "sharpe_ratio": 0.0,
    "avg_pnl_per_trade": 0.0
  },
  "events": []
}