{
  "ts": 1773079534,
  "status": "HEALTHY",
  "balance": 9.95251,
  "wallet_usdc": 9.95251,
  "pm_collateral_usdc": 9.95251,
  "pm_available_usdc": 9.95251,
  "pm_allowance_usdc": 1.157920892373162e+71,
  "position": "FLAT",
  "runtime_ms": 31907,
  "latencies": {
    "data_fetch_all": 1194.4,
    "fetch_polymarket": 370.9,
    "total_cycle": 31907
  },
  "trades_15m": 0,
  "last_market_slug": "btc-updown-15m-1773079200",
  "last_condition_id": "0x9ff64fa0f182b8a3d3db08db69b0f52275125645cd2b44eb06996d98fd5f0569",
  "unclaimed_usdc": 0.0,
  "api_trade_history": [],
  "signal": {
    "atr14": 191.3193932037666,
    "expected_move": 262.7886373886519,
    "z_score": -0.4750205383324246,
    "posterior_fair_up": 0.3173861792311307,
    "posterior_final_up": 0.07407134889108134,
    "sigma_b": 0.17233115720121783,
    "bvol_multiplier": 1.022331157201218,
    "signed_score": -3.6350009817099282,
    "ema_score": -2.0,
    "vwap_score": -1.0,
    "rsi_score": 0.0,
    "atr_score": -1.0,
    "macd_score": -1.0,
    "stoch_score": 0.0,
    "mfi_score": 0.0,
    "obv_score": -0.5,
    "cvd_score": 1.2221422996542266,
    "ofi_score": 1.0,
    "imbalance_score": 0.0,
    "flow_accel_score": 1.0,
    "liq_vacuum_score": 0.0,
    "bb_position_score": -0.5,
    "cross_exch_score": 0.3,
    "accum_ofi_score": 0.0,
    "misprice_score": 0.0,
    "mtf_momentum_score": -1.0,
    "adx_stoch_boost": -1.0,
    "spread_pressure_score": -0.0,
    "oracle_lag_score": 0.0,
    "funding_rate_score": 0.0,
    "funding_rate": -3.118e-05,
    "vpin_proxy": 0.0,
    "deep_imbalance": 0.5,
    "deep_ofi": 0.0,
    "cvd": -101.37900000000116,
    "obi": -0.5102920058064686,
    "yes_mid": 0.10500000000000001,
    "no_mid": 0.895,
    "regime": "normal",
    "direction": "DOWN",
    "edge_up": -0.03724712111917991,
    "edge_down": 0.024076793806700802,
    "target_edge": 0.024076793806700802,
    "target_side": "NO",
    "required_edge": 0.035,
    "min_score": 2.5,
    "skip_gates": [
      "edge_insufficient=0.0241_req=0.035"
    ],
    "strike_price": 68611.96,
    "distance": -124.83000000000175,
    "raw_deep_ofi": 0.0,
    "raw_cvd": -101.37900000000116,
    "raw_vpin": 0.0,
    "raw_deep_imbalance": 0.5,
    "raw_obi": -0.5102920058064686,
    "monster_signal": true,
    "posterior_final_down": 0.9259286511089186
  },
  "performance": {
    "total_trades": 0,
    "closed_trades": 0,
    "wins": 0,
    "losses": 0,
    "win_rate": 0.0,
    "avg_trade": 0.0,
    "avg_pnl": 0.0,
    "total_pnl": 0,
    "profit_factor": 0.0,
    "sharpe": 0.0,
    "loss_streak": 0
  },
  "perf_db": {
    "total_trades": 0,
    "win_rate": 0.0,
    "profit_factor": 0.0,
    "sharpe_ratio": 0.0,
    "avg_pnl_per_trade": 0.0
  },
  "events": []
}