{
  "ts": 1772979429,
  "status": "HEALTHY",
  "balance": 6.767559,
  "wallet_usdc": 6.767559,
  "pm_collateral_usdc": 6.767559,
  "pm_available_usdc": 6.767559,
  "pm_allowance_usdc": 1.157920892373162e+71,
  "position": "FLAT",
  "runtime_ms": 1975,
  "latencies": {
    "data_fetch_all": 399.4,
    "fetch_polymarket": 378.1,
    "total_cycle": 1975
  },
  "trades_15m": 0,
  "last_market_slug": "btc-updown-15m-1772979300",
  "last_condition_id": "0xca00710ba6551529e4cdde80dadf51c27d63fb581db131fe3a27db4b3dc902d2",
  "unclaimed_usdc": 0.0,
  "api_trade_history": [],
  "signal": {
    "atr14": 153.68283360171574,
    "expected_move": 246.37232452875324,
    "z_score": 0.4184723271868908,
    "posterior_fair_up": 0.662199051357615,
    "posterior_final_up": 0.6637137034881344,
    "sigma_b": 2.334886481661372,
    "bvol_multiplier": 2.0,
    "signed_score": 20.310999219515917,
    "ema_score": 2.0,
    "vwap_score": 1.0,
    "rsi_score": 0.0,
    "atr_score": 1.0,
    "macd_score": 1.0,
    "stoch_score": 1.5,
    "mfi_score": 0.0,
    "obv_score": -0.5,
    "cvd_score": 1.2221422996542266,
    "ofi_score": 1.0,
    "imbalance_score": 0.0,
    "flow_accel_score": 1.0,
    "liq_vacuum_score": 0.0,
    "bb_position_score": 0.5,
    "cross_exch_score": -0.3,
    "accum_ofi_score": 0.0,
    "misprice_score": 0.5,
    "mtf_momentum_score": 1.0,
    "adx_stoch_boost": 0.0,
    "spread_pressure_score": 0.0,
    "oracle_lag_score": 0.0,
    "funding_rate_score": 0.0,
    "funding_rate": -6e-06,
    "vpin_proxy": 0.0,
    "deep_imbalance": 0.5,
    "deep_ofi": 0.0,
    "cvd": 21.3089999999998,
    "obi": -0.001455177947238745,
    "yes_mid": 0.585,
    "no_mid": 0.415,
    "regime": "normal",
    "direction": "UP",
    "edge_up": 0.0682712511195317,
    "edge_down": -0.08761462452767205,
    "target_edge": 0.0682712511195317,
    "target_side": "YES",
    "required_edge": 0.035,
    "min_score": 2.5,
    "skip_gates": [
      "monster_too_early_rem=12.8min"
    ],
    "strike_price": 67288.02,
    "distance": 103.09999999999127,
    "raw_deep_ofi": 0.0,
    "raw_cvd": 21.3089999999998,
    "raw_vpin": 0.0,
    "raw_deep_imbalance": 0.5,
    "raw_obi": -0.001455177947238745,
    "monster_signal": true,
    "posterior_final_down": 0.3362862965118656
  },
  "performance": {
    "total_trades": 0,
    "closed_trades": 0,
    "wins": 0,
    "losses": 0,
    "win_rate": 0.0,
    "avg_trade": 0.0,
    "avg_pnl": 0.0,
    "total_pnl": 0,
    "profit_factor": 0.0,
    "sharpe": 0.0,
    "loss_streak": 0
  },
  "perf_db": {
    "total_trades": 0,
    "win_rate": 0.0,
    "profit_factor": 0.0,
    "sharpe_ratio": 0.0,
    "avg_pnl_per_trade": 0.0
  },
  "events": []
}