{
  "ts": 1773407102,
  "status": "HEALTHY",
  "balance": 0.0,
  "wallet_usdc": null,
  "pm_collateral_usdc": 0.0,
  "pm_available_usdc": 0.0,
  "pm_allowance_usdc": 1.157920892373162e+71,
  "position": "FLAT",
  "runtime_ms": 2363,
  "latencies": {
    "data_fetch_all": 766.0,
    "fetch_polymarket": 533.0,
    "total_cycle": 2363
  },
  "trades_15m": 0,
  "last_market_slug": "btc-updown-15m-1773406800",
  "last_condition_id": "0xa7568555273506bef2c10833fc2429bf32a74bf04760706a753f43ef33ee3117",
  "unclaimed_usdc": 0.0,
  "api_trade_history": [],
  "signal": {
    "atr14": 166.76894819889446,
    "expected_move": 235.45350203279767,
    "z_score": -0.12019358283337951,
    "posterior_fair_up": 0.4521648578644061,
    "posterior_final_up": 0.521118576735228,
    "sigma_b": 0.26747120512557926,
    "bvol_multiplier": 1.1174712051255793,
    "signed_score": 13.831741914561693,
    "ema_score": 2.0,
    "vwap_score": 1.0,
    "rsi_score": 0.0,
    "atr_score": 1.0,
    "macd_score": 1.0,
    "stoch_score": 1.5,
    "mfi_score": 0.0,
    "obv_score": 2.5,
    "cvd_score": -1.031833391680986,
    "ofi_score": 1.0,
    "imbalance_score": 0.0,
    "flow_accel_score": 1.0,
    "liq_vacuum_score": 0.0,
    "bb_position_score": 1.0,
    "cross_exch_score": 0.5,
    "accum_ofi_score": 0.0,
    "misprice_score": 0.0,
    "mtf_momentum_score": 1.0,
    "adx_stoch_boost": 0.0,
    "spread_pressure_score": 0.0,
    "oracle_lag_score": 0.0,
    "funding_rate_score": 0.0,
    "funding_rate": -2.935e-05,
    "vpin_proxy": 0.0,
    "deep_imbalance": 0.5,
    "deep_ofi": 0.0,
    "cvd": -40.9910000000009,
    "obi": 0.03319414095032143,
    "yes_mid": 0.545,
    "no_mid": 0.455,
    "regime": "normal",
    "direction": "UP",
    "edge_up": -0.0335714904553891,
    "edge_down": 0.013709503893512442,
    "target_edge": -0.0335714904553891,
    "target_side": "YES",
    "required_edge": 0.035,
    "min_score": 2.5,
    "skip_gates": [
      "edge_insufficient=-0.0336_req=0.035"
    ],
    "strike_price": 72807.65,
    "distance": -28.29999999998836,
    "raw_deep_ofi": 0.0,
    "raw_cvd": -40.9910000000009,
    "raw_vpin": 0.0,
    "raw_deep_imbalance": 0.5,
    "raw_obi": 0.03319414095032143,
    "monster_signal": true,
    "posterior_final_down": 0.478881423264772
  },
  "performance": {
    "total_trades": 0,
    "closed_trades": 0,
    "wins": 0,
    "losses": 0,
    "win_rate": 0.0,
    "avg_trade": 0.0,
    "avg_pnl": 0.0,
    "total_pnl": 0,
    "profit_factor": 0.0,
    "sharpe": 0.0,
    "loss_streak": 0
  },
  "perf_db": {
    "total_trades": 0,
    "win_rate": 0.0,
    "profit_factor": 0.0,
    "sharpe_ratio": 0.0,
    "avg_pnl_per_trade": 0.0
  },
  "events": []
}