{
  "ts": 1773680619,
  "status": "HEALTHY",
  "balance": 0.0,
  "wallet_usdc": null,
  "pm_collateral_usdc": 0.0,
  "pm_available_usdc": 0.0,
  "pm_allowance_usdc": 1.157920892373162e+71,
  "position": "FLAT",
  "runtime_ms": 4421,
  "latencies": {
    "data_fetch_all": 1994.7,
    "fetch_polymarket": 959.5,
    "total_cycle": 4421
  },
  "trades_15m": 0,
  "last_market_slug": "btc-updown-15m-1773680400",
  "last_condition_id": "0x6cf5277283e08a123580fe92eb09cb19c1df6fc63bc1f383428ddd8b1e391bc2",
  "unclaimed_usdc": 0.0,
  "api_trade_history": [],
  "signal": {
    "atr14": 225.33439407969075,
    "expected_move": 339.5004968809962,
    "z_score": 0.2845651210751097,
    "posterior_fair_up": 0.6120112658693259,
    "posterior_final_up": 0.6485249004984552,
    "sigma_b": 0.3372643988398279,
    "bvol_multiplier": 1.187264398839828,
    "signed_score": 12.485341648412769,
    "ema_score": 2.0,
    "vwap_score": 1.0,
    "rsi_score": 0.0,
    "atr_score": 1.0,
    "macd_score": 1.0,
    "stoch_score": 1.5,
    "mfi_score": 0.0,
    "obv_score": -0.5,
    "cvd_score": 1.0229404438510774,
    "ofi_score": 0.0,
    "imbalance_score": 1.0,
    "flow_accel_score": 1.0,
    "liq_vacuum_score": 0.0,
    "bb_position_score": 1.0,
    "cross_exch_score": -0.3,
    "accum_ofi_score": 0.0,
    "misprice_score": 0.5,
    "mtf_momentum_score": 1.0,
    "adx_stoch_boost": 0.0,
    "spread_pressure_score": 0.0,
    "oracle_lag_score": 0.0,
    "funding_rate_score": 0.0,
    "funding_rate": 3.039e-05,
    "vpin_proxy": 0.0,
    "deep_imbalance": 0.5,
    "deep_ofi": 0.0,
    "cvd": 23.677000000000202,
    "obi": -0.05873476033517331,
    "yes_mid": 0.595,
    "no_mid": 0.405,
    "regime": "high",
    "direction": "UP",
    "edge_up": 0.04333670129446765,
    "edge_down": -0.06267230667257345,
    "target_edge": 0.04333670129446765,
    "target_side": "YES",
    "required_edge": 0.025,
    "min_score": 2.0,
    "skip_gates": [
      "monster_too_early_rem=11.3min"
    ],
    "strike_price": 73770.73,
    "distance": 96.61000000000058,
    "raw_deep_ofi": 0.0,
    "raw_cvd": 23.677000000000202,
    "raw_vpin": 0.0,
    "raw_deep_imbalance": 0.5,
    "raw_obi": -0.05873476033517331,
    "monster_signal": true,
    "posterior_final_down": 0.35147509950154476
  },
  "performance": {
    "total_trades": 0,
    "closed_trades": 0,
    "wins": 0,
    "losses": 0,
    "win_rate": 0.0,
    "avg_trade": 0.0,
    "avg_pnl": 0.0,
    "total_pnl": 0,
    "profit_factor": 0.0,
    "sharpe": 0.0,
    "loss_streak": 0
  },
  "perf_db": {
    "total_trades": 0,
    "win_rate": 0.0,
    "profit_factor": 0.0,
    "sharpe_ratio": 0.0,
    "avg_pnl_per_trade": 0.0
  },
  "events": []
}