{
  "ts": 1773323270,
  "status": "HEALTHY",
  "balance": 0.0,
  "wallet_usdc": null,
  "pm_collateral_usdc": 0.0,
  "pm_available_usdc": 0.0,
  "pm_allowance_usdc": 1.157920892373162e+71,
  "position": "FLAT",
  "runtime_ms": 1868,
  "latencies": {
    "data_fetch_all": 600.4,
    "fetch_polymarket": 406.1,
    "total_cycle": 1868
  },
  "trades_15m": 0,
  "last_market_slug": "btc-updown-15m-1773323100",
  "last_condition_id": "0xc088314b638347b7ac2df886dc91e39f8973d13e3e5ee04469ef2eff0c1efd38",
  "unclaimed_usdc": 0.0,
  "api_trade_history": [],
  "signal": {
    "atr14": 196.64550232721393,
    "expected_move": 306.75017586211357,
    "z_score": -1.1497629920138155,
    "posterior_fair_up": 0.12512080740610743,
    "posterior_final_up": 0.051255665944985665,
    "sigma_b": 0.6126017614089484,
    "bvol_multiplier": 1.4626017614089484,
    "signed_score": -18.4096217074606,
    "ema_score": -2.0,
    "vwap_score": -1.0,
    "rsi_score": -1.0,
    "atr_score": -1.0,
    "macd_score": -1.0,
    "stoch_score": -1.5,
    "mfi_score": 0.0,
    "obv_score": -0.5,
    "cvd_score": 1.0187146795503175,
    "ofi_score": -2.0,
    "imbalance_score": -1.0,
    "flow_accel_score": -1.0,
    "liq_vacuum_score": 0.0,
    "bb_position_score": -1.0,
    "cross_exch_score": 0.3,
    "accum_ofi_score": 0.0,
    "misprice_score": -0.5,
    "mtf_momentum_score": -1.0,
    "adx_stoch_boost": 0.0,
    "spread_pressure_score": 0.5,
    "oracle_lag_score": 0.0,
    "funding_rate_score": 0.0,
    "funding_rate": -4.227e-05,
    "vpin_proxy": 0.0,
    "deep_imbalance": 0.5,
    "deep_ofi": 0.0,
    "cvd": -299.5479999999935,
    "obi": -0.13482642038046933,
    "yes_mid": 0.125,
    "no_mid": 0.875,
    "regime": "normal",
    "direction": "DOWN",
    "edge_up": -0.07963618264245709,
    "edge_down": 0.06646734765328233,
    "target_edge": 0.06646734765328233,
    "target_side": "NO",
    "required_edge": 0.035,
    "min_score": 2.5,
    "skip_gates": [
      "monster_too_early_rem=12.2min"
    ],
    "strike_price": 70103.04,
    "distance": -352.6899999999878,
    "raw_deep_ofi": 0.0,
    "raw_cvd": -299.5479999999935,
    "raw_vpin": 0.0,
    "raw_deep_imbalance": 0.5,
    "raw_obi": -0.13482642038046933,
    "monster_signal": true,
    "posterior_final_down": 0.9487443340550143
  },
  "performance": {
    "total_trades": 0,
    "closed_trades": 0,
    "wins": 0,
    "losses": 0,
    "win_rate": 0.0,
    "avg_trade": 0.0,
    "avg_pnl": 0.0,
    "total_pnl": 0,
    "profit_factor": 0.0,
    "sharpe": 0.0,
    "loss_streak": 0
  },
  "perf_db": {
    "total_trades": 0,
    "win_rate": 0.0,
    "profit_factor": 0.0,
    "sharpe_ratio": 0.0,
    "avg_pnl_per_trade": 0.0
  },
  "events": []
}