{
  "ts": 1773630403,
  "status": "HEALTHY",
  "balance": 0.0,
  "wallet_usdc": null,
  "pm_collateral_usdc": 0.0,
  "pm_available_usdc": 0.0,
  "pm_allowance_usdc": 1.157920892373162e+71,
  "position": "FLAT",
  "runtime_ms": 1741,
  "latencies": {
    "data_fetch_all": 364.3,
    "fetch_polymarket": 385.3,
    "total_cycle": 1741
  },
  "trades_15m": 0,
  "last_market_slug": "btc-updown-15m-1773630000",
  "last_condition_id": "0xcebc7131c7272c4c730ae355ddd26f8b4eefe16cb08d67a4f21a3f1abfac60db",
  "unclaimed_usdc": 0.0,
  "api_trade_history": [],
  "signal": {
    "atr14": 118.82628793414699,
    "expected_move": 152.94317345550033,
    "z_score": -0.10376402974682201,
    "posterior_fair_up": 0.4586782515079656,
    "posterior_final_up": 0.5748927267235943,
    "sigma_b": 0.2615472519996572,
    "bvol_multiplier": 1.1115472519996572,
    "signed_score": 0.10320343706047004,
    "ema_score": -2.0,
    "vwap_score": -1.0,
    "rsi_score": 0.0,
    "atr_score": 0.0,
    "macd_score": -1.0,
    "stoch_score": 0.0,
    "mfi_score": 0.0,
    "obv_score": 2.5,
    "cvd_score": 1.0229404438510774,
    "ofi_score": 0.0,
    "imbalance_score": 1.0,
    "flow_accel_score": 1.0,
    "liq_vacuum_score": 0.0,
    "bb_position_score": 0.0,
    "cross_exch_score": 0.5,
    "accum_ofi_score": 0.0,
    "misprice_score": 0.0,
    "mtf_momentum_score": -1.0,
    "adx_stoch_boost": -1.0,
    "spread_pressure_score": 0.0,
    "oracle_lag_score": 0.0,
    "funding_rate_score": 0.0,
    "funding_rate": 5.853e-05,
    "vpin_proxy": 0.0,
    "deep_imbalance": 0.5,
    "deep_ofi": 0.0,
    "cvd": 1.698000000000018,
    "obi": 0.11832051727419203,
    "yes_mid": 0.595,
    "no_mid": 0.405,
    "regime": "normal",
    "direction": "UP",
    "edge_up": -0.02970641509019445,
    "edge_down": 0.010091007451744183,
    "target_edge": -0.02970641509019445,
    "target_side": "YES",
    "required_edge": 0.035,
    "min_score": 2.5,
    "skip_gates": [
      "edge_insufficient=-0.0297_req=0.035",
      "score_low=0.10_req=2.5"
    ],
    "strike_price": 72529.88,
    "distance": -15.870000000009895,
    "raw_deep_ofi": 0.0,
    "raw_cvd": 1.698000000000018,
    "raw_vpin": 0.0,
    "raw_deep_imbalance": 0.5,
    "raw_obi": 0.11832051727419203,
    "monster_signal": false,
    "posterior_final_down": 0.42510727327640574
  },
  "performance": {
    "total_trades": 0,
    "closed_trades": 0,
    "wins": 0,
    "losses": 0,
    "win_rate": 0.0,
    "avg_trade": 0.0,
    "avg_pnl": 0.0,
    "total_pnl": 0,
    "profit_factor": 0.0,
    "sharpe": 0.0,
    "loss_streak": 0
  },
  "perf_db": {
    "total_trades": 0,
    "win_rate": 0.0,
    "profit_factor": 0.0,
    "sharpe_ratio": 0.0,
    "avg_pnl_per_trade": 0.0
  },
  "events": []
}