{
  "ts": 1773626683,
  "status": "HEALTHY",
  "balance": 0.0,
  "wallet_usdc": null,
  "pm_collateral_usdc": 0.0,
  "pm_available_usdc": 0.0,
  "pm_allowance_usdc": 1.157920892373162e+71,
  "position": "FLAT",
  "runtime_ms": 3841,
  "latencies": {
    "data_fetch_all": 2285.2,
    "fetch_polymarket": 514.6,
    "total_cycle": 3841
  },
  "trades_15m": 0,
  "last_market_slug": "btc-updown-15m-1773626400",
  "last_condition_id": "0xcd1989962c73abb8c3f924c76c23cd5637f380c2cdaf532bf576e5f71077f921",
  "unclaimed_usdc": 0.0,
  "api_trade_history": [],
  "signal": {
    "atr14": 142.1695055216179,
    "expected_move": 203.88647038046486,
    "z_score": -0.11025743865224036,
    "posterior_fair_up": 0.4561025550004007,
    "posterior_final_up": 0.7697719881517376,
    "sigma_b": 0.2724307012364024,
    "bvol_multiplier": 1.1224307012364023,
    "signed_score": 9.895414511815247,
    "ema_score": 2.0,
    "vwap_score": 1.0,
    "rsi_score": 0.0,
    "atr_score": 1.0,
    "macd_score": 1.0,
    "stoch_score": 0.0,
    "mfi_score": 0.0,
    "obv_score": -0.5,
    "cvd_score": 1.0229404438510774,
    "ofi_score": 0.0,
    "imbalance_score": 1.0,
    "flow_accel_score": 1.0,
    "liq_vacuum_score": 0.0,
    "bb_position_score": 0.5,
    "cross_exch_score": 0.5,
    "accum_ofi_score": 0.0,
    "misprice_score": 0.0,
    "mtf_momentum_score": 1.0,
    "adx_stoch_boost": -1.0,
    "spread_pressure_score": 1.0,
    "oracle_lag_score": 0.0,
    "funding_rate_score": 0.0,
    "funding_rate": 5.078e-05,
    "vpin_proxy": 0.0,
    "deep_imbalance": 0.5,
    "deep_ofi": 0.0,
    "cvd": 32.665000000000234,
    "obi": 0.44078783696030954,
    "yes_mid": 0.785,
    "no_mid": 0.215,
    "regime": "normal",
    "direction": "UP",
    "edge_up": -0.023461054198499642,
    "edge_down": 0.006636454863429481,
    "target_edge": -0.023461054198499642,
    "target_side": "YES",
    "required_edge": 0.035,
    "min_score": 2.5,
    "skip_gates": [
      "edge_insufficient=-0.0235_req=0.035"
    ],
    "strike_price": 72774.28,
    "distance": -22.479999999995925,
    "raw_deep_ofi": 0.0,
    "raw_cvd": 32.665000000000234,
    "raw_vpin": 0.0,
    "raw_deep_imbalance": 0.5,
    "raw_obi": 0.44078783696030954,
    "monster_signal": true,
    "posterior_final_down": 0.23022801184826236
  },
  "performance": {
    "total_trades": 0,
    "closed_trades": 0,
    "wins": 0,
    "losses": 0,
    "win_rate": 0.0,
    "avg_trade": 0.0,
    "avg_pnl": 0.0,
    "total_pnl": 0,
    "profit_factor": 0.0,
    "sharpe": 0.0,
    "loss_streak": 0
  },
  "perf_db": {
    "total_trades": 0,
    "win_rate": 0.0,
    "profit_factor": 0.0,
    "sharpe_ratio": 0.0,
    "avg_pnl_per_trade": 0.0
  },
  "events": []
}