{
  "ts": 1773070296,
  "status": "HEALTHY",
  "balance": 9.745522,
  "wallet_usdc": 9.745522,
  "pm_collateral_usdc": 9.745522,
  "pm_available_usdc": 9.745522,
  "pm_allowance_usdc": 1.157920892373162e+71,
  "position": "FLAT",
  "runtime_ms": 2243,
  "latencies": {
    "data_fetch_all": 356.7,
    "fetch_polymarket": 593.5,
    "total_cycle": 2243
  },
  "trades_15m": 0,
  "last_market_slug": "btc-updown-15m-1773070200",
  "last_condition_id": "0x527096f3cf90fed27c4bc29c285ea66f3c500449fff2094f8c44b35da91051f9",
  "unclaimed_usdc": 0.0,
  "api_trade_history": [],
  "signal": {
    "atr14": 229.3392001886788,
    "expected_move": 375.4444515926826,
    "z_score": -0.0019443622003179795,
    "posterior_fair_up": 0.4992243068661805,
    "posterior_final_up": 0.6696568978014937,
    "sigma_b": 1.5077204308726107,
    "bvol_multiplier": 2.0,
    "signed_score": 2.3287993756127343,
    "ema_score": 2.0,
    "vwap_score": -1.0,
    "rsi_score": 0.0,
    "atr_score": 1.0,
    "macd_score": -1.0,
    "stoch_score": 0.0,
    "mfi_score": 0.0,
    "obv_score": -0.5,
    "cvd_score": 1.2221422996542266,
    "ofi_score": 1.0,
    "imbalance_score": 0.0,
    "flow_accel_score": 1.0,
    "liq_vacuum_score": 0.0,
    "bb_position_score": 0.0,
    "cross_exch_score": -0.3,
    "accum_ofi_score": 0.0,
    "misprice_score": 0.0,
    "mtf_momentum_score": -1.0,
    "adx_stoch_boost": -1.0,
    "spread_pressure_score": 0.0,
    "oracle_lag_score": 0.0,
    "funding_rate_score": 0.0,
    "funding_rate": -4.052e-05,
    "vpin_proxy": 0.0,
    "deep_imbalance": 0.5,
    "deep_ofi": 0.0,
    "cvd": 13.136999999999915,
    "obi": 0.12098182360310925,
    "yes_mid": 0.67,
    "no_mid": 0.33,
    "regime": "high",
    "direction": "UP",
    "edge_up": -0.01462890634443581,
    "edge_down": -0.01401742675051404,
    "target_edge": -0.01462890634443581,
    "target_side": "YES",
    "required_edge": 0.025,
    "min_score": 2.0,
    "skip_gates": [
      "edge_insufficient=-0.0146_req=0.035",
      "early_window_rem=13.4min"
    ],
    "strike_price": 69111.31,
    "distance": -0.7299999999959255,
    "raw_deep_ofi": 0.0,
    "raw_cvd": 13.136999999999915,
    "raw_vpin": 0.0,
    "raw_deep_imbalance": 0.5,
    "raw_obi": 0.12098182360310925,
    "monster_signal": false,
    "posterior_final_down": 0.33034310219850627
  },
  "performance": {
    "total_trades": 0,
    "closed_trades": 0,
    "wins": 0,
    "losses": 0,
    "win_rate": 0.0,
    "avg_trade": 0.0,
    "avg_pnl": 0.0,
    "total_pnl": 0,
    "profit_factor": 0.0,
    "sharpe": 0.0,
    "loss_streak": 0
  },
  "perf_db": {
    "total_trades": 0,
    "win_rate": 0.0,
    "profit_factor": 0.0,
    "sharpe_ratio": 0.0,
    "avg_pnl_per_trade": 0.0
  },
  "events": []
}