{
  "ts": 1773366709,
  "status": "HEALTHY",
  "balance": 0.0,
  "wallet_usdc": null,
  "pm_collateral_usdc": 0.0,
  "pm_available_usdc": 0.0,
  "pm_allowance_usdc": 1.157920892373162e+71,
  "position": "FLAT",
  "runtime_ms": 1655,
  "latencies": {
    "data_fetch_all": 338.2,
    "fetch_polymarket": 383.2,
    "total_cycle": 1655
  },
  "trades_15m": 0,
  "last_market_slug": "btc-updown-15m-1773366300",
  "last_condition_id": "0xf4b68d03abc9c61a0ce1dff79cfb73dd780f8c9164583dbeb2b03bdec07c8df9",
  "unclaimed_usdc": 0.0,
  "api_trade_history": [],
  "signal": {
    "atr14": 222.8224380775197,
    "expected_move": 285.0618114562042,
    "z_score": -0.14547722049529055,
    "posterior_fair_up": 0.442167028673248,
    "posterior_final_up": 0.43624511480497996,
    "sigma_b": 0.18442561536564234,
    "bvol_multiplier": 1.0344256153656424,
    "signed_score": 5.252520145319631,
    "ema_score": 2.0,
    "vwap_score": 1.0,
    "rsi_score": 0.0,
    "atr_score": 1.0,
    "macd_score": -1.0,
    "stoch_score": 0.0,
    "mfi_score": 0.0,
    "obv_score": -0.5,
    "cvd_score": -1.031833391680986,
    "ofi_score": 1.0,
    "imbalance_score": 0.0,
    "flow_accel_score": 1.0,
    "liq_vacuum_score": 0.0,
    "bb_position_score": 0.0,
    "cross_exch_score": -0.3,
    "accum_ofi_score": 0.0,
    "misprice_score": 0.0,
    "mtf_momentum_score": 1.0,
    "adx_stoch_boost": 1.0,
    "spread_pressure_score": 0.0,
    "oracle_lag_score": 0.0,
    "funding_rate_score": 0.0,
    "funding_rate": -2.1e-07,
    "vpin_proxy": 0.0,
    "deep_imbalance": 0.5,
    "deep_ofi": 0.0,
    "cvd": -13.643000000000212,
    "obi": 0.004020797986678913,
    "yes_mid": 0.46499999999999997,
    "no_mid": 0.535,
    "regime": "high",
    "direction": "DOWN",
    "edge_up": -0.03837908341195284,
    "edge_down": 0.01856834025122578,
    "target_edge": 0.01856834025122578,
    "target_side": "NO",
    "required_edge": 0.025,
    "min_score": 2.0,
    "skip_gates": [
      "edge_insufficient=0.0186_req=0.035"
    ],
    "strike_price": 71621.45,
    "distance": -41.470000000001164,
    "raw_deep_ofi": 0.0,
    "raw_cvd": -13.643000000000212,
    "raw_vpin": 0.0,
    "raw_deep_imbalance": 0.5,
    "raw_obi": 0.004020797986678913,
    "monster_signal": false,
    "posterior_final_down": 0.56375488519502
  },
  "performance": {
    "total_trades": 0,
    "closed_trades": 0,
    "wins": 0,
    "losses": 0,
    "win_rate": 0.0,
    "avg_trade": 0.0,
    "avg_pnl": 0.0,
    "total_pnl": 0,
    "profit_factor": 0.0,
    "sharpe": 0.0,
    "loss_streak": 0
  },
  "perf_db": {
    "total_trades": 0,
    "win_rate": 0.0,
    "profit_factor": 0.0,
    "sharpe_ratio": 0.0,
    "avg_pnl_per_trade": 0.0
  },
  "events": []
}