{
  "ts": 1773328573,
  "status": "HEALTHY",
  "balance": 0.0,
  "wallet_usdc": null,
  "pm_collateral_usdc": 0.0,
  "pm_available_usdc": 0.0,
  "pm_allowance_usdc": 1.157920892373162e+71,
  "position": "FLAT",
  "runtime_ms": 2514,
  "latencies": {
    "data_fetch_all": 1241.9,
    "fetch_polymarket": 341.8,
    "total_cycle": 2514
  },
  "trades_15m": 0,
  "last_market_slug": "btc-updown-15m-1773328500",
  "last_condition_id": "0x22f5c5f497adf7cc6f18da6e71ace284a8c64289169c443d379568d27f1994cf",
  "unclaimed_usdc": 0.0,
  "api_trade_history": [],
  "signal": {
    "atr14": 252.87579628984489,
    "expected_move": 419.8550592161043,
    "z_score": -0.2694739470598232,
    "posterior_fair_up": 0.39378255633111314,
    "posterior_final_up": 0.4119404843541874,
    "sigma_b": 2.376760835039533,
    "bvol_multiplier": 2.0,
    "signed_score": -7.555653398682705,
    "ema_score": -2.0,
    "vwap_score": 1.0,
    "rsi_score": 0.0,
    "atr_score": -1.0,
    "macd_score": -1.0,
    "stoch_score": 0.0,
    "mfi_score": 0.0,
    "obv_score": -0.5,
    "cvd_score": -1.031833391680986,
    "ofi_score": 1.0,
    "imbalance_score": 0.0,
    "flow_accel_score": 1.0,
    "liq_vacuum_score": 0.0,
    "bb_position_score": -0.5,
    "cross_exch_score": -0.5,
    "accum_ofi_score": 0.0,
    "misprice_score": -0.5,
    "mtf_momentum_score": 0.0,
    "adx_stoch_boost": -1.0,
    "spread_pressure_score": 0.0,
    "oracle_lag_score": 0.0,
    "funding_rate_score": 0.0,
    "funding_rate": -6.422e-05,
    "vpin_proxy": 0.0,
    "deep_imbalance": 0.5,
    "deep_ofi": 0.0,
    "cvd": 7.412000000000015,
    "obi": -0.012374137011718913,
    "yes_mid": 0.46499999999999997,
    "no_mid": 0.535,
    "regime": "high",
    "direction": "DOWN",
    "edge_up": -0.06242608477996697,
    "edge_down": 0.04264936810187114,
    "target_edge": 0.04264936810187114,
    "target_side": "NO",
    "required_edge": 0.025,
    "min_score": 2.0,
    "skip_gates": [],
    "strike_price": 69769.19,
    "distance": -113.13999999999942,
    "raw_deep_ofi": 0.0,
    "raw_cvd": 7.412000000000015,
    "raw_vpin": 0.0,
    "raw_deep_imbalance": 0.5,
    "raw_obi": -0.012374137011718913,
    "monster_signal": false,
    "posterior_final_down": 0.5880595156458126
  },
  "performance": {
    "total_trades": 0,
    "closed_trades": 0,
    "wins": 0,
    "losses": 0,
    "win_rate": 0.0,
    "avg_trade": 0.0,
    "avg_pnl": 0.0,
    "total_pnl": 0,
    "profit_factor": 0.0,
    "sharpe": 0.0,
    "loss_streak": 0
  },
  "perf_db": {
    "total_trades": 0,
    "win_rate": 0.0,
    "profit_factor": 0.0,
    "sharpe_ratio": 0.0,
    "avg_pnl_per_trade": 0.0
  },
  "events": []
}