{
  "ts": 1773845291,
  "status": "HEALTHY",
  "balance": 0.0,
  "wallet_usdc": null,
  "pm_collateral_usdc": 0.0,
  "pm_available_usdc": 0.0,
  "pm_allowance_usdc": 1.157920892373162e+71,
  "position": "FLAT",
  "runtime_ms": 1746,
  "latencies": {
    "data_fetch_all": 438.8,
    "fetch_polymarket": 368.0,
    "total_cycle": 1746
  },
  "trades_15m": 0,
  "last_market_slug": "btc-updown-15m-1773845100",
  "last_condition_id": "0x55b9ccd578ebfc4bb3a4d17dcaccc715f12ee4cdfe3d8d505d2f1777f16457f0",
  "unclaimed_usdc": 0.0,
  "api_trade_history": [],
  "signal": {
    "atr14": 208.55882742123077,
    "expected_move": 320.6203373003703,
    "z_score": 0.23258038035855083,
    "posterior_fair_up": 0.5919563218261793,
    "posterior_final_up": 0.6341343593792558,
    "sigma_b": 0.42040284871139527,
    "bvol_multiplier": 1.2704028487113952,
    "signed_score": -10.650983405522341,
    "ema_score": -2.0,
    "vwap_score": -1.0,
    "rsi_score": -1.0,
    "atr_score": -1.0,
    "macd_score": -1.0,
    "stoch_score": -1.5,
    "mfi_score": 0.0,
    "obv_score": -0.5,
    "cvd_score": 1.0229404438510774,
    "ofi_score": 0.0,
    "imbalance_score": 1.0,
    "flow_accel_score": 1.0,
    "liq_vacuum_score": 0.0,
    "bb_position_score": -1.0,
    "cross_exch_score": -0.5,
    "accum_ofi_score": 0.0,
    "misprice_score": 0.0,
    "mtf_momentum_score": -1.0,
    "adx_stoch_boost": 1.0,
    "spread_pressure_score": 0.0,
    "oracle_lag_score": -2.0,
    "funding_rate_score": 0.0,
    "funding_rate": -7.87e-06,
    "vpin_proxy": 0.0,
    "deep_imbalance": 0.5,
    "deep_ofi": 0.0,
    "cvd": -20.217999999999975,
    "obi": 0.1379318394559462,
    "yes_mid": 0.59,
    "no_mid": 0.41000000000000003,
    "regime": "high",
    "direction": "UP",
    "edge_up": 0.02906128450422174,
    "edge_down": -0.05837840081045642,
    "target_edge": 0.02906128450422174,
    "target_side": "YES",
    "required_edge": 0.025,
    "min_score": 2.0,
    "skip_gates": [
      "edge_insufficient=0.0291_req=0.035",
      "monster_too_early_rem=11.8min"
    ],
    "strike_price": 71496.09,
    "distance": 74.57000000000698,
    "raw_deep_ofi": 0.0,
    "raw_cvd": -20.217999999999975,
    "raw_vpin": 0.0,
    "raw_deep_imbalance": 0.5,
    "raw_obi": 0.1379318394559462,
    "monster_signal": true,
    "posterior_final_down": 0.3658656406207442
  },
  "performance": {
    "total_trades": 0,
    "closed_trades": 0,
    "wins": 0,
    "losses": 0,
    "win_rate": 0.0,
    "avg_trade": 0.0,
    "avg_pnl": 0.0,
    "total_pnl": 0,
    "profit_factor": 0.0,
    "sharpe": 0.0,
    "loss_streak": 0
  },
  "perf_db": {
    "total_trades": 0,
    "win_rate": 0.0,
    "profit_factor": 0.0,
    "sharpe_ratio": 0.0,
    "avg_pnl_per_trade": 0.0
  },
  "events": []
}