{
  "ts": 1773436800,
  "status": "HEALTHY",
  "balance": 0.0,
  "wallet_usdc": null,
  "pm_collateral_usdc": 0.0,
  "pm_available_usdc": 0.0,
  "pm_allowance_usdc": 1.157920892373162e+71,
  "position": "FLAT",
  "runtime_ms": 1842,
  "latencies": {
    "data_fetch_all": 578.4,
    "fetch_polymarket": 386.0,
    "total_cycle": 1842
  },
  "trades_15m": 0,
  "last_market_slug": "btc-updown-15m-1773436500",
  "last_condition_id": "0x9bcc5c7b98b4c46204d4d217b061bf8c88bb0c97d02a6d69887260ebf16027e5",
  "unclaimed_usdc": 0.0,
  "api_trade_history": [],
  "signal": {
    "atr14": 114.76774439847922,
    "expected_move": 162.30610065129815,
    "z_score": -0.03259273667952443,
    "posterior_fair_up": 0.48699962518877976,
    "posterior_final_up": 0.47850709751870885,
    "sigma_b": 0.12090933273679913,
    "bvol_multiplier": 0.9709093327367991,
    "signed_score": 3.477965489090065,
    "ema_score": 2.0,
    "vwap_score": -1.0,
    "rsi_score": 0.0,
    "atr_score": 0.0,
    "macd_score": 1.0,
    "stoch_score": 0.0,
    "mfi_score": 0.0,
    "obv_score": 2.5,
    "cvd_score": -1.031833391680986,
    "ofi_score": 1.0,
    "imbalance_score": 0.0,
    "flow_accel_score": 1.0,
    "liq_vacuum_score": 0.0,
    "bb_position_score": 0.0,
    "cross_exch_score": -0.3,
    "accum_ofi_score": 0.0,
    "misprice_score": 0.0,
    "mtf_momentum_score": 0.0,
    "adx_stoch_boost": -1.0,
    "spread_pressure_score": 0.0,
    "oracle_lag_score": 0.0,
    "funding_rate_score": 0.0,
    "funding_rate": -2.47e-06,
    "vpin_proxy": 0.0,
    "deep_imbalance": 0.5,
    "deep_ofi": 0.0,
    "cvd": -8.56699999999999,
    "obi": 0.014920358339932212,
    "yes_mid": 0.485,
    "no_mid": 0.515,
    "regime": "normal",
    "direction": "DOWN",
    "edge_up": -0.01637367487598196,
    "edge_down": -0.0035134293825292984,
    "target_edge": -0.0035134293825292984,
    "target_side": "NO",
    "required_edge": 0.035,
    "min_score": 2.5,
    "skip_gates": [
      "edge_insufficient=-0.0035_req=0.035",
      "early_window_rem=10.0min"
    ],
    "strike_price": 71419.47,
    "distance": -5.290000000008149,
    "raw_deep_ofi": 0.0,
    "raw_cvd": -8.56699999999999,
    "raw_vpin": 0.0,
    "raw_deep_imbalance": 0.5,
    "raw_obi": 0.014920358339932212,
    "monster_signal": false,
    "posterior_final_down": 0.5214929024812911
  },
  "performance": {
    "total_trades": 0,
    "closed_trades": 0,
    "wins": 0,
    "losses": 0,
    "win_rate": 0.0,
    "avg_trade": 0.0,
    "avg_pnl": 0.0,
    "total_pnl": 0,
    "profit_factor": 0.0,
    "sharpe": 0.0,
    "loss_streak": 0
  },
  "perf_db": {
    "total_trades": 0,
    "win_rate": 0.0,
    "profit_factor": 0.0,
    "sharpe_ratio": 0.0,
    "avg_pnl_per_trade": 0.0
  },
  "events": []
}