{
  "ts": 1773836937,
  "status": "HEALTHY",
  "balance": 0.0,
  "wallet_usdc": null,
  "pm_collateral_usdc": 0.0,
  "pm_available_usdc": 0.0,
  "pm_allowance_usdc": 1.157920892373162e+71,
  "position": "FLAT",
  "runtime_ms": 2134,
  "latencies": {
    "data_fetch_all": 516.8,
    "fetch_polymarket": 486.9,
    "total_cycle": 2134
  },
  "trades_15m": 0,
  "last_market_slug": "btc-updown-15m-1773836100",
  "last_condition_id": "0xe9d7400e201c6b741b4e88398198d3eaad02447f223865800199c58e08778fde",
  "unclaimed_usdc": 0.0,
  "api_trade_history": [],
  "signal": {
    "atr14": 169.4955596282572,
    "expected_move": 77.67262319553899,
    "z_score": 1.4759383072642716,
    "posterior_fair_up": 0.9300197362881193,
    "posterior_final_up": 0.9958400670632253,
    "sigma_b": 0.7366595019543158,
    "bvol_multiplier": 1.5,
    "signed_score": -0.5807300271650954,
    "ema_score": -2.0,
    "vwap_score": 1.0,
    "rsi_score": -1.0,
    "atr_score": -1.0,
    "macd_score": -1.0,
    "stoch_score": -1.5,
    "mfi_score": 0.0,
    "obv_score": 0.5,
    "cvd_score": 1.0229404438510774,
    "ofi_score": 0.0,
    "imbalance_score": 1.0,
    "flow_accel_score": 1.0,
    "liq_vacuum_score": 0.0,
    "bb_position_score": -0.5,
    "cross_exch_score": 0.3,
    "accum_ofi_score": 0.0,
    "misprice_score": 0.0,
    "mtf_momentum_score": 0.0,
    "adx_stoch_boost": 1.0,
    "spread_pressure_score": 1.0,
    "oracle_lag_score": 0.0,
    "funding_rate_score": 0.0,
    "funding_rate": -8.689e-05,
    "vpin_proxy": 0.0,
    "deep_imbalance": 0.5,
    "deep_ofi": 0.0,
    "cvd": 290.0050000000093,
    "obi": 0.9528114564639204,
    "yes_mid": 0.985,
    "no_mid": 0.015,
    "regime": "normal",
    "direction": "UP",
    "edge_up": 0.0056408990498126865,
    "edge_down": -0.01592160174878604,
    "target_edge": 0.0056408990498126865,
    "target_side": "YES",
    "required_edge": 0.035,
    "min_score": 2.5,
    "skip_gates": [],
    "strike_price": 72763.17,
    "distance": 114.63999999999942,
    "raw_deep_ofi": 0.0,
    "raw_cvd": 290.0050000000093,
    "raw_vpin": 0.0,
    "raw_deep_imbalance": 0.5,
    "raw_obi": 0.9528114564639204,
    "monster_signal": true,
    "posterior_final_down": 0.004159932936774746
  },
  "performance": {
    "total_trades": 0,
    "closed_trades": 0,
    "wins": 0,
    "losses": 0,
    "win_rate": 0.0,
    "avg_trade": 0.0,
    "avg_pnl": 0.0,
    "total_pnl": 0,
    "profit_factor": 0.0,
    "sharpe": 0.0,
    "loss_streak": 0
  },
  "perf_db": {
    "total_trades": 0,
    "win_rate": 0.0,
    "profit_factor": 0.0,
    "sharpe_ratio": 0.0,
    "avg_pnl_per_trade": 0.0
  },
  "events": []
}