{
  "ts": 1773151498,
  "status": "HEALTHY",
  "balance": 9.918881,
  "wallet_usdc": 9.918881,
  "pm_collateral_usdc": 9.918881,
  "pm_available_usdc": 9.918881,
  "pm_allowance_usdc": 1.157920892373162e+71,
  "position": "FLAT",
  "runtime_ms": 8448,
  "latencies": {
    "data_fetch_all": 5329.0,
    "fetch_polymarket": 1311.7,
    "total_cycle": 8448
  },
  "trades_15m": 0,
  "last_market_slug": "btc-updown-15m-1773151200",
  "last_condition_id": "0x85a814c95ed904e951d5dcb9be0790011a5e9c0bfb6349bc778c454faf9b83b2",
  "unclaimed_usdc": 0.0,
  "api_trade_history": [],
  "signal": {
    "atr14": 230.52688062776724,
    "expected_move": 326.55714609934785,
    "z_score": 0.21432695880650646,
    "posterior_fair_up": 0.5848539167798752,
    "posterior_final_up": 0.6926327513680415,
    "sigma_b": 0.31170792886270793,
    "bvol_multiplier": 1.161707928862708,
    "signed_score": -2.2718363883617307,
    "ema_score": -2.0,
    "vwap_score": -1.0,
    "rsi_score": 0.0,
    "atr_score": -1.0,
    "macd_score": -1.0,
    "stoch_score": 0.0,
    "mfi_score": 0.0,
    "obv_score": -0.5,
    "cvd_score": 1.2221422996542266,
    "ofi_score": 1.0,
    "imbalance_score": 0.0,
    "flow_accel_score": 1.0,
    "liq_vacuum_score": 0.0,
    "bb_position_score": -0.5,
    "cross_exch_score": 0.3,
    "accum_ofi_score": 0.0,
    "misprice_score": 0.0,
    "mtf_momentum_score": -1.0,
    "adx_stoch_boost": 1.0,
    "spread_pressure_score": 0.0,
    "oracle_lag_score": 0.0,
    "funding_rate_score": 0.0,
    "funding_rate": 2.486e-05,
    "vpin_proxy": 0.0,
    "deep_imbalance": 0.5,
    "deep_ofi": 0.0,
    "cvd": -60.024000000058024,
    "obi": 0.24708360034281807,
    "yes_mid": 0.655,
    "no_mid": 0.345,
    "regime": "high",
    "direction": "UP",
    "edge_up": 0.02792284865873873,
    "edge_down": -0.04662852560025693,
    "target_edge": 0.02792284865873873,
    "target_side": "YES",
    "required_edge": 0.025,
    "min_score": 2.0,
    "skip_gates": [
      "edge_insufficient=0.0279_req=0.035",
      "early_window_rem=10.0min"
    ],
    "strike_price": 69920.2,
    "distance": 69.99000000000524,
    "raw_deep_ofi": 0.0,
    "raw_cvd": -60.024000000058024,
    "raw_vpin": 0.0,
    "raw_deep_imbalance": 0.5,
    "raw_obi": 0.24708360034281807,
    "monster_signal": false,
    "posterior_final_down": 0.3073672486319585
  },
  "performance": {
    "total_trades": 0,
    "closed_trades": 0,
    "wins": 0,
    "losses": 0,
    "win_rate": 0.0,
    "avg_trade": 0.0,
    "avg_pnl": 0.0,
    "total_pnl": 0,
    "profit_factor": 0.0,
    "sharpe": 0.0,
    "loss_streak": 0
  },
  "perf_db": {
    "total_trades": 0,
    "win_rate": 0.0,
    "profit_factor": 0.0,
    "sharpe_ratio": 0.0,
    "avg_pnl_per_trade": 0.0
  },
  "events": []
}