{
  "ts": 1774197542,
  "status": "HEALTHY",
  "balance": 0.0,
  "wallet_usdc": null,
  "pm_collateral_usdc": 0.0,
  "pm_available_usdc": 0.0,
  "pm_allowance_usdc": 1.157920892373162e+71,
  "position": "FLAT",
  "runtime_ms": 4151,
  "latencies": {
    "data_fetch_all": 1960.7,
    "fetch_polymarket": 798.2,
    "total_cycle": 4151
  },
  "trades_15m": 0,
  "last_market_slug": "btc-updown-15m-1774197000",
  "last_condition_id": "0xa33ccee5ab4cb274ba4770feeebdf6a7830bceca5321687f954dfe1f812ce0bc",
  "unclaimed_usdc": 0.0,
  "api_trade_history": [],
  "signal": {
    "atr14": 88.62810201042215,
    "expected_move": 96.81715906486113,
    "z_score": 0.3026323048827929,
    "posterior_fair_up": 0.6189148852496064,
    "posterior_final_up": 0.7438493108837003,
    "sigma_b": 0.36405480062622503,
    "bvol_multiplier": 1.214054800626225,
    "signed_score": 2.3465817525544543,
    "ema_score": -2.0,
    "vwap_score": 1.0,
    "rsi_score": 0.0,
    "atr_score": 0.0,
    "macd_score": -1.0,
    "stoch_score": 0.0,
    "mfi_score": 0.0,
    "obv_score": 2.5,
    "cvd_score": 1.0229404438510774,
    "ofi_score": 0.0,
    "imbalance_score": 1.0,
    "flow_accel_score": 1.0,
    "liq_vacuum_score": 0.0,
    "bb_position_score": -0.5,
    "cross_exch_score": -0.3,
    "accum_ofi_score": 0.0,
    "misprice_score": 0.0,
    "mtf_momentum_score": 0.0,
    "adx_stoch_boost": 1.0,
    "spread_pressure_score": 1.0,
    "oracle_lag_score": -2.0,
    "funding_rate_score": 0.0,
    "funding_rate": -6.286e-05,
    "vpin_proxy": 0.0,
    "deep_imbalance": 0.5,
    "deep_ofi": 0.0,
    "cvd": 9.064000000000041,
    "obi": 0.2870846725611457,
    "yes_mid": 0.695,
    "no_mid": 0.305,
    "regime": "normal",
    "direction": "UP",
    "edge_up": 0.03938621501839812,
    "edge_down": -0.057384190393505285,
    "target_edge": 0.03938621501839812,
    "target_side": "YES",
    "required_edge": 0.035,
    "min_score": 2.5,
    "skip_gates": [
      "score_low=2.35_req=2.5"
    ],
    "strike_price": 68710.39,
    "distance": 29.30000000000291,
    "raw_deep_ofi": 0.0,
    "raw_cvd": 9.064000000000041,
    "raw_vpin": 0.0,
    "raw_deep_imbalance": 0.5,
    "raw_obi": 0.2870846725611457,
    "monster_signal": false,
    "posterior_final_down": 0.2561506891162997
  },
  "performance": {
    "total_trades": 0,
    "closed_trades": 0,
    "wins": 0,
    "losses": 0,
    "win_rate": 0.0,
    "avg_trade": 0.0,
    "avg_pnl": 0.0,
    "total_pnl": 0,
    "profit_factor": 0.0,
    "sharpe": 0.0,
    "loss_streak": 0
  },
  "perf_db": {
    "total_trades": 0,
    "win_rate": 0.0,
    "profit_factor": 0.0,
    "sharpe_ratio": 0.0,
    "avg_pnl_per_trade": 0.0
  },
  "events": []
}