{
  "ts": 1773628063,
  "status": "HEALTHY",
  "balance": 0.0,
  "wallet_usdc": null,
  "pm_collateral_usdc": 0.0,
  "pm_available_usdc": 0.0,
  "pm_allowance_usdc": 1.157920892373162e+71,
  "position": "FLAT",
  "runtime_ms": 1989,
  "latencies": {
    "data_fetch_all": 419.0,
    "fetch_polymarket": 399.0,
    "total_cycle": 1989
  },
  "trades_15m": 0,
  "last_market_slug": "btc-updown-15m-1773627300",
  "last_condition_id": "0x943e82b37f02d031b69091915dfa1812599e0601ce43fa78f25dee35169753b3",
  "unclaimed_usdc": 0.0,
  "api_trade_history": [],
  "signal": {
    "atr14": 143.69598875821114,
    "expected_move": 97.10560564616223,
    "z_score": -1.766015451516653,
    "posterior_fair_up": 0.0386965828465714,
    "posterior_final_up": 0.002022514360607004,
    "sigma_b": 0.12992875188201622,
    "bvol_multiplier": 0.9799287518820162,
    "signed_score": 5.503337010896715,
    "ema_score": 2.0,
    "vwap_score": -1.0,
    "rsi_score": 0.0,
    "atr_score": 1.0,
    "macd_score": 1.0,
    "stoch_score": 0.0,
    "mfi_score": 0.0,
    "obv_score": 2.5,
    "cvd_score": 1.0229404438510774,
    "ofi_score": 0.0,
    "imbalance_score": 1.0,
    "flow_accel_score": 1.0,
    "liq_vacuum_score": 0.0,
    "bb_position_score": 0.0,
    "cross_exch_score": -0.5,
    "accum_ofi_score": 0.0,
    "misprice_score": 0.0,
    "mtf_momentum_score": -1.0,
    "adx_stoch_boost": -1.0,
    "spread_pressure_score": -0.5,
    "oracle_lag_score": 0.0,
    "funding_rate_score": 0.0,
    "funding_rate": 5.31e-05,
    "vpin_proxy": 0.0,
    "deep_imbalance": 0.5,
    "deep_ofi": 0.0,
    "cvd": -232.8960000000017,
    "obi": -0.8595593130843797,
    "yes_mid": 0.0015,
    "no_mid": 0.9984999999999999,
    "regime": "normal",
    "direction": "DOWN",
    "edge_up": -1.785502603071209e-05,
    "edge_down": -0.0010424739103197522,
    "target_edge": -0.0010424739103197522,
    "target_side": "NO",
    "required_edge": 0.035,
    "min_score": 2.5,
    "skip_gates": [],
    "strike_price": 72715.97,
    "distance": -171.49000000000524,
    "raw_deep_ofi": 0.0,
    "raw_cvd": -232.8960000000017,
    "raw_vpin": 0.0,
    "raw_deep_imbalance": 0.5,
    "raw_obi": -0.8595593130843797,
    "monster_signal": true,
    "posterior_final_down": 0.997977485639393
  },
  "performance": {
    "total_trades": 0,
    "closed_trades": 0,
    "wins": 0,
    "losses": 0,
    "win_rate": 0.0,
    "avg_trade": 0.0,
    "avg_pnl": 0.0,
    "total_pnl": 0,
    "profit_factor": 0.0,
    "sharpe": 0.0,
    "loss_streak": 0
  },
  "perf_db": {
    "total_trades": 0,
    "win_rate": 0.0,
    "profit_factor": 0.0,
    "sharpe_ratio": 0.0,
    "avg_pnl_per_trade": 0.0
  },
  "events": []
}