{
  "ts": 1773007106,
  "status": "HEALTHY",
  "balance": 6.767559,
  "wallet_usdc": 6.767559,
  "pm_collateral_usdc": 6.767559,
  "pm_available_usdc": 6.767559,
  "pm_allowance_usdc": 1.157920892373162e+71,
  "position": "FLAT",
  "runtime_ms": 1736,
  "latencies": {
    "data_fetch_all": 477.3,
    "fetch_polymarket": 395.2,
    "total_cycle": 1736
  },
  "trades_15m": 0,
  "last_market_slug": "btc-updown-15m-1773006300",
  "last_condition_id": "0x8e8476898eb6a90e6e1240567073821008799c9937a9dc04e0a02b8b46b88be4",
  "unclaimed_usdc": 0.0,
  "api_trade_history": [],
  "signal": {
    "atr14": 127.30152097615145,
    "expected_move": 71.25853541452896,
    "z_score": -0.7556989445086426,
    "posterior_fair_up": 0.2249147911965792,
    "posterior_final_up": 0.10254851264150834,
    "sigma_b": 0.406321767444726,
    "bvol_multiplier": 1.256321767444726,
    "signed_score": -6.588779999633436,
    "ema_score": -2.0,
    "vwap_score": -1.0,
    "rsi_score": 0.0,
    "atr_score": -1.0,
    "macd_score": 1.0,
    "stoch_score": 0.0,
    "mfi_score": 0.0,
    "obv_score": -2.5,
    "cvd_score": 1.2221422996542266,
    "ofi_score": 1.0,
    "imbalance_score": 0.0,
    "flow_accel_score": 1.0,
    "liq_vacuum_score": 0.0,
    "bb_position_score": 0.0,
    "cross_exch_score": -0.5,
    "accum_ofi_score": 0.0,
    "misprice_score": -0.5,
    "mtf_momentum_score": -1.0,
    "adx_stoch_boost": -1.0,
    "spread_pressure_score": -0.0,
    "oracle_lag_score": 0.0,
    "funding_rate_score": 0.0,
    "funding_rate": -1.897e-05,
    "vpin_proxy": 0.0,
    "deep_imbalance": 0.5,
    "deep_ofi": 0.0,
    "cvd": 2.2630000000000163,
    "obi": -0.22292863714894068,
    "yes_mid": 0.175,
    "no_mid": 0.825,
    "regime": "normal",
    "direction": "DOWN",
    "edge_up": -0.07913328296581239,
    "edge_down": 0.06440015230147289,
    "target_edge": 0.06440015230147289,
    "target_side": "NO",
    "required_edge": 0.035,
    "min_score": 2.5,
    "skip_gates": [],
    "strike_price": 67017.65,
    "distance": -53.84999999999127,
    "raw_deep_ofi": 0.0,
    "raw_cvd": 2.2630000000000163,
    "raw_vpin": 0.0,
    "raw_deep_imbalance": 0.5,
    "raw_obi": -0.22292863714894068,
    "monster_signal": false,
    "posterior_final_down": 0.8974514873584917
  },
  "performance": {
    "total_trades": 0,
    "closed_trades": 0,
    "wins": 0,
    "losses": 0,
    "win_rate": 0.0,
    "avg_trade": 0.0,
    "avg_pnl": 0.0,
    "total_pnl": 0,
    "profit_factor": 0.0,
    "sharpe": 0.0,
    "loss_streak": 0
  },
  "perf_db": {
    "total_trades": 0,
    "win_rate": 0.0,
    "profit_factor": 0.0,
    "sharpe_ratio": 0.0,
    "avg_pnl_per_trade": 0.0
  },
  "events": []
}