{
  "ts": 1773082452,
  "status": "HEALTHY",
  "balance": 10.033989,
  "wallet_usdc": 10.033989,
  "pm_collateral_usdc": 10.033989,
  "pm_available_usdc": 10.033989,
  "pm_allowance_usdc": 1.157920892373162e+71,
  "position": "FLAT",
  "runtime_ms": 4837,
  "latencies": {
    "data_fetch_all": 1729.6,
    "fetch_polymarket": 627.7,
    "total_cycle": 4837
  },
  "trades_15m": 0,
  "last_market_slug": "btc-updown-15m-1773081900",
  "last_condition_id": "0x262a6d7d62f3456767b7cdd6ad8aa653478e21672811fbff86bdf4b4a8906d5f",
  "unclaimed_usdc": 0.0,
  "api_trade_history": [],
  "signal": {
    "atr14": 176.1745376301215,
    "expected_move": 189.74578399178472,
    "z_score": -0.3244867880841702,
    "posterior_fair_up": 0.37278483022766923,
    "posterior_final_up": 0.12389455184856021,
    "sigma_b": 0.34051731840353383,
    "bvol_multiplier": 1.1905173184035338,
    "signed_score": -2.6139001959587254,
    "ema_score": -2.0,
    "vwap_score": -1.0,
    "rsi_score": 0.0,
    "atr_score": -1.0,
    "macd_score": 1.0,
    "stoch_score": 0.0,
    "mfi_score": 0.0,
    "obv_score": -0.5,
    "cvd_score": 1.2221422996542266,
    "ofi_score": 1.0,
    "imbalance_score": 0.0,
    "flow_accel_score": 1.0,
    "liq_vacuum_score": 0.0,
    "bb_position_score": -0.5,
    "cross_exch_score": 0.0,
    "accum_ofi_score": 0.0,
    "misprice_score": 0.0,
    "mtf_momentum_score": -1.0,
    "adx_stoch_boost": -1.0,
    "spread_pressure_score": -0.0,
    "oracle_lag_score": 0.0,
    "funding_rate_score": 0.0,
    "funding_rate": -1.872e-05,
    "vpin_proxy": 0.0,
    "deep_imbalance": 0.5,
    "deep_ofi": 0.0,
    "cvd": -65.8990000000004,
    "obi": -0.4947177681963398,
    "yes_mid": 0.155,
    "no_mid": 0.845,
    "regime": "normal",
    "direction": "DOWN",
    "edge_up": -0.038186876622495605,
    "edge_down": 0.023477131806985407,
    "target_edge": 0.023477131806985407,
    "target_side": "NO",
    "required_edge": 0.035,
    "min_score": 2.5,
    "skip_gates": [
      "edge_insufficient=0.0235_req=0.035"
    ],
    "strike_price": 68499.61,
    "distance": -61.570000000006985,
    "raw_deep_ofi": 0.0,
    "raw_cvd": -65.8990000000004,
    "raw_vpin": 0.0,
    "raw_deep_imbalance": 0.5,
    "raw_obi": -0.4947177681963398,
    "monster_signal": false,
    "posterior_final_down": 0.8761054481514398
  },
  "performance": {
    "total_trades": 0,
    "closed_trades": 0,
    "wins": 0,
    "losses": 0,
    "win_rate": 0.0,
    "avg_trade": 0.0,
    "avg_pnl": 0.0,
    "total_pnl": 0,
    "profit_factor": 0.0,
    "sharpe": 0.0,
    "loss_streak": 0
  },
  "perf_db": {
    "total_trades": 0,
    "win_rate": 0.0,
    "profit_factor": 0.0,
    "sharpe_ratio": 0.0,
    "avg_pnl_per_trade": 0.0
  },
  "events": []
}