{
  "ts": 1774013310,
  "status": "HEALTHY",
  "balance": 0.0,
  "wallet_usdc": null,
  "pm_collateral_usdc": 0.0,
  "pm_available_usdc": 0.0,
  "pm_allowance_usdc": 1.157920892373162e+71,
  "position": "FLAT",
  "runtime_ms": 1990,
  "latencies": {
    "data_fetch_all": 552.1,
    "fetch_polymarket": 375.5,
    "total_cycle": 1990
  },
  "trades_15m": 0,
  "last_market_slug": "btc-updown-15m-1774012500",
  "last_condition_id": "0xcd1bbb53f9098f5934ed67b1c0438a86a8d056af7d4906f48de870f318618cc5",
  "unclaimed_usdc": 0.0,
  "api_trade_history": [],
  "signal": {
    "atr14": 135.26794241769653,
    "expected_move": 74.08930336948228,
    "z_score": 1.5793103009278895,
    "posterior_fair_up": 0.9428675439269576,
    "posterior_final_up": 0.997519710382942,
    "sigma_b": 0.894156601840234,
    "bvol_multiplier": 1.5,
    "signed_score": 0.6192699728349045,
    "ema_score": -2.0,
    "vwap_score": 1.0,
    "rsi_score": 0.0,
    "atr_score": -1.0,
    "macd_score": 1.0,
    "stoch_score": 0.0,
    "mfi_score": 0.0,
    "obv_score": 0.5,
    "cvd_score": 1.0229404438510774,
    "ofi_score": 0.0,
    "imbalance_score": 1.0,
    "flow_accel_score": 1.0,
    "liq_vacuum_score": 0.0,
    "bb_position_score": 0.0,
    "cross_exch_score": -0.3,
    "accum_ofi_score": 0.0,
    "misprice_score": 0.0,
    "mtf_momentum_score": 1.0,
    "adx_stoch_boost": -1.0,
    "spread_pressure_score": 1.0,
    "oracle_lag_score": -2.0,
    "funding_rate_score": 0.0,
    "funding_rate": -2.88e-05,
    "vpin_proxy": 0.0,
    "deep_imbalance": 0.5,
    "deep_ofi": 0.0,
    "cvd": 119.60399999999878,
    "obi": 0.6075463789947161,
    "yes_mid": 0.9924999999999999,
    "no_mid": 0.0075,
    "regime": "normal",
    "direction": "UP",
    "edge_up": 0.004380057623488365,
    "edge_down": -0.005568919328944391,
    "target_edge": 0.004380057623488365,
    "target_side": "YES",
    "required_edge": 0.035,
    "min_score": 2.5,
    "skip_gates": [],
    "strike_price": 70314.47,
    "distance": 117.00999999999476,
    "raw_deep_ofi": 0.0,
    "raw_cvd": 119.60399999999878,
    "raw_vpin": 0.0,
    "raw_deep_imbalance": 0.5,
    "raw_obi": 0.6075463789947161,
    "monster_signal": true,
    "posterior_final_down": 0.00248028961705804
  },
  "performance": {
    "total_trades": 0,
    "closed_trades": 0,
    "wins": 0,
    "losses": 0,
    "win_rate": 0.0,
    "avg_trade": 0.0,
    "avg_pnl": 0.0,
    "total_pnl": 0,
    "profit_factor": 0.0,
    "sharpe": 0.0,
    "loss_streak": 0
  },
  "perf_db": {
    "total_trades": 0,
    "win_rate": 0.0,
    "profit_factor": 0.0,
    "sharpe_ratio": 0.0,
    "avg_pnl_per_trade": 0.0
  },
  "events": []
}