{
  "ts": 1773616228,
  "status": "HEALTHY",
  "balance": 0.0,
  "wallet_usdc": null,
  "pm_collateral_usdc": 0.0,
  "pm_available_usdc": 0.0,
  "pm_allowance_usdc": 1.157920892373162e+71,
  "position": "FLAT",
  "runtime_ms": 1495,
  "latencies": {
    "data_fetch_all": 308.7,
    "fetch_polymarket": 318.8,
    "total_cycle": 1495
  },
  "trades_15m": 0,
  "last_market_slug": "btc-updown-15m-1773615600",
  "last_condition_id": "0x6133a1c45746edb8822dd8af68a2bea516eb6df0e33ebbb60f11da8d92060301",
  "unclaimed_usdc": 0.0,
  "api_trade_history": [],
  "signal": {
    "atr14": 214.6776178877426,
    "expected_move": 204.4139791140512,
    "z_score": 1.754283153990793,
    "posterior_fair_up": 0.9603090424284273,
    "posterior_final_up": 0.990511253690177,
    "sigma_b": 0.2851494864217592,
    "bvol_multiplier": 1.1351494864217593,
    "signed_score": 17.953590468602883,
    "ema_score": 2.0,
    "vwap_score": 1.0,
    "rsi_score": 1.0,
    "atr_score": 1.0,
    "macd_score": 1.0,
    "stoch_score": 1.5,
    "mfi_score": 0.0,
    "obv_score": 0.5,
    "cvd_score": 1.0229404438510774,
    "ofi_score": 0.0,
    "imbalance_score": 1.0,
    "flow_accel_score": 1.0,
    "liq_vacuum_score": 0.0,
    "bb_position_score": 1.0,
    "cross_exch_score": 0.5,
    "accum_ofi_score": 0.0,
    "misprice_score": 0.0,
    "mtf_momentum_score": 1.0,
    "adx_stoch_boost": 0.0,
    "spread_pressure_score": 1.0,
    "oracle_lag_score": 2.0,
    "funding_rate_score": 0.0,
    "funding_rate": 1.175e-05,
    "vpin_proxy": 0.0,
    "deep_imbalance": 0.5,
    "deep_ofi": 0.0,
    "cvd": 433.5730000000229,
    "obi": 0.6267558477022904,
    "yes_mid": 0.955,
    "no_mid": 0.045,
    "regime": "high",
    "direction": "UP",
    "edge_up": 0.029718844687224855,
    "edge_down": -0.040691539870063645,
    "target_edge": 0.029718844687224855,
    "target_side": "YES",
    "required_edge": 0.025,
    "min_score": 2.0,
    "skip_gates": [],
    "strike_price": 72766.4,
    "distance": 358.6000000000058,
    "raw_deep_ofi": 0.0,
    "raw_cvd": 433.5730000000229,
    "raw_vpin": 0.0,
    "raw_deep_imbalance": 0.5,
    "raw_obi": 0.6267558477022904,
    "monster_signal": true,
    "posterior_final_down": 0.009488746309822993
  },
  "performance": {
    "total_trades": 0,
    "closed_trades": 0,
    "wins": 0,
    "losses": 0,
    "win_rate": 0.0,
    "avg_trade": 0.0,
    "avg_pnl": 0.0,
    "total_pnl": 0,
    "profit_factor": 0.0,
    "sharpe": 0.0,
    "loss_streak": 0
  },
  "perf_db": {
    "total_trades": 0,
    "win_rate": 0.0,
    "profit_factor": 0.0,
    "sharpe_ratio": 0.0,
    "avg_pnl_per_trade": 0.0
  },
  "events": []
}