{
  "ts": 1772916660,
  "status": "HEALTHY",
  "balance": 6.767559,
  "wallet_usdc": 6.767559,
  "pm_collateral_usdc": 6.767559,
  "pm_available_usdc": 6.767559,
  "pm_allowance_usdc": 1.157920892373162e+71,
  "position": "FLAT",
  "runtime_ms": 1767,
  "latencies": {
    "data_fetch_all": 324.2,
    "fetch_polymarket": 311.6,
    "total_cycle": 1767
  },
  "trades_15m": 0,
  "last_market_slug": "btc-updown-15m-1772916300",
  "last_condition_id": "0xcf73a8b39385685902c9db4b3e11ddbea8c0068d18a3d3e7dddcf1fbed0d1e39",
  "unclaimed_usdc": 0.0,
  "api_trade_history": [],
  "signal": {
    "atr14": 100.71972301872336,
    "expected_move": 135.12968840688944,
    "z_score": -0.502924270759489,
    "posterior_fair_up": 0.3075087551260284,
    "posterior_final_up": 0.22626963443255105,
    "sigma_b": 0.27411920553820235,
    "bvol_multiplier": 1.1241192055382023,
    "signed_score": 0.3196991511122061,
    "ema_score": -2.0,
    "vwap_score": -1.0,
    "rsi_score": 0.0,
    "atr_score": 0.0,
    "macd_score": 1.0,
    "stoch_score": 1.0,
    "mfi_score": 0.0,
    "obv_score": -0.5,
    "cvd_score": 1.2221422996542266,
    "ofi_score": 1.0,
    "imbalance_score": 0.0,
    "flow_accel_score": 1.0,
    "liq_vacuum_score": 0.0,
    "bb_position_score": 0.0,
    "cross_exch_score": 0.5,
    "accum_ofi_score": 0.0,
    "misprice_score": -0.5,
    "mtf_momentum_score": 0.0,
    "adx_stoch_boost": -1.0,
    "spread_pressure_score": 0.0,
    "oracle_lag_score": 0.0,
    "funding_rate_score": 0.0,
    "funding_rate": -3.708e-05,
    "vpin_proxy": 0.0,
    "deep_imbalance": 0.5,
    "deep_ofi": 0.0,
    "cvd": -71.04599999999904,
    "obi": -0.1918289690424497,
    "yes_mid": 0.305,
    "no_mid": 0.695,
    "regime": "normal",
    "direction": "DOWN",
    "edge_up": -0.08685288652261816,
    "edge_down": 0.06908798337404431,
    "target_edge": 0.06908798337404431,
    "target_side": "NO",
    "required_edge": 0.035,
    "min_score": 2.5,
    "skip_gates": [
      "score_low=0.32_req=2.5"
    ],
    "strike_price": 67397.56,
    "distance": -67.95999999999185,
    "raw_deep_ofi": 0.0,
    "raw_cvd": -71.04599999999904,
    "raw_vpin": 0.0,
    "raw_deep_imbalance": 0.5,
    "raw_obi": -0.1918289690424497,
    "monster_signal": false,
    "posterior_final_down": 0.773730365567449
  },
  "performance": {
    "total_trades": 0,
    "closed_trades": 0,
    "wins": 0,
    "losses": 0,
    "win_rate": 0.0,
    "avg_trade": 0.0,
    "avg_pnl": 0.0,
    "total_pnl": 0,
    "profit_factor": 0.0,
    "sharpe": 0.0,
    "loss_streak": 0
  },
  "perf_db": {
    "total_trades": 0,
    "win_rate": 0.0,
    "profit_factor": 0.0,
    "sharpe_ratio": 0.0,
    "avg_pnl_per_trade": 0.0
  },
  "events": []
}