{
  "ts": 1773431565,
  "status": "HEALTHY",
  "balance": 0.0,
  "wallet_usdc": null,
  "pm_collateral_usdc": 0.0,
  "pm_available_usdc": 0.0,
  "pm_allowance_usdc": 1.157920892373162e+71,
  "position": "FLAT",
  "runtime_ms": 3697,
  "latencies": {
    "data_fetch_all": 1644.5,
    "fetch_polymarket": 877.2,
    "total_cycle": 3697
  },
  "trades_15m": 0,
  "last_market_slug": "btc-updown-15m-1773431100",
  "last_condition_id": "0x8c0ff3945553746633a6b988dba883e55a696b7396e6b13f539fb07e76e6eb3d",
  "unclaimed_usdc": 0.0,
  "api_trade_history": [],
  "signal": {
    "atr14": 169.81541003899548,
    "expected_move": 204.4848320920959,
    "z_score": 0.11423830198554631,
    "posterior_fair_up": 0.5454756022618379,
    "posterior_final_up": 0.5971211469378322,
    "sigma_b": 0.46868700840873595,
    "bvol_multiplier": 1.318687008408736,
    "signed_score": 2.1918863373024275,
    "ema_score": -2.0,
    "vwap_score": 1.0,
    "rsi_score": 0.0,
    "atr_score": -1.0,
    "macd_score": 1.0,
    "stoch_score": 0.0,
    "mfi_score": 0.0,
    "obv_score": 0.5,
    "cvd_score": -1.031833391680986,
    "ofi_score": 1.0,
    "imbalance_score": 0.0,
    "flow_accel_score": 1.0,
    "liq_vacuum_score": 0.0,
    "bb_position_score": 0.0,
    "cross_exch_score": -0.3,
    "accum_ofi_score": 0.0,
    "misprice_score": 0.0,
    "mtf_momentum_score": 1.0,
    "adx_stoch_boost": 1.0,
    "spread_pressure_score": 0.0,
    "oracle_lag_score": 0.0,
    "funding_rate_score": 0.0,
    "funding_rate": 1.301e-05,
    "vpin_proxy": 0.0,
    "deep_imbalance": 0.5,
    "deep_ofi": 0.0,
    "cvd": 61.30999999999969,
    "obi": 0.03075043220888039,
    "yes_mid": 0.575,
    "no_mid": 0.425,
    "regime": "normal",
    "direction": "UP",
    "edge_up": 0.012105329303554568,
    "edge_down": -0.031713965862740945,
    "target_edge": 0.012105329303554568,
    "target_side": "YES",
    "required_edge": 0.035,
    "min_score": 2.5,
    "skip_gates": [
      "edge_insufficient=0.0121_req=0.035",
      "score_low=2.19_req=2.5"
    ],
    "strike_price": 71148.72,
    "distance": 23.360000000000582,
    "raw_deep_ofi": 0.0,
    "raw_cvd": 61.30999999999969,
    "raw_vpin": 0.0,
    "raw_deep_imbalance": 0.5,
    "raw_obi": 0.03075043220888039,
    "monster_signal": false,
    "posterior_final_down": 0.40287885306216775
  },
  "performance": {
    "total_trades": 0,
    "closed_trades": 0,
    "wins": 0,
    "losses": 0,
    "win_rate": 0.0,
    "avg_trade": 0.0,
    "avg_pnl": 0.0,
    "total_pnl": 0,
    "profit_factor": 0.0,
    "sharpe": 0.0,
    "loss_streak": 0
  },
  "perf_db": {
    "total_trades": 0,
    "win_rate": 0.0,
    "profit_factor": 0.0,
    "sharpe_ratio": 0.0,
    "avg_pnl_per_trade": 0.0
  },
  "events": []
}