{
  "ts": 1772911155,
  "status": "HEALTHY",
  "balance": 6.767559,
  "wallet_usdc": 6.767559,
  "pm_collateral_usdc": 6.767559,
  "pm_available_usdc": 6.767559,
  "pm_allowance_usdc": 1.157920892373162e+71,
  "position": "FLAT",
  "runtime_ms": 3820,
  "latencies": {
    "data_fetch_all": 1962.2,
    "fetch_polymarket": 532.5,
    "total_cycle": 3820
  },
  "trades_15m": 0,
  "last_market_slug": "btc-updown-15m-1772910900",
  "last_condition_id": "0xaf44d0d1f2f7da6be59e0e665af465d71990583ebbb71dd21b33bd5d1c1d8ad8",
  "unclaimed_usdc": 0.0,
  "api_trade_history": [],
  "signal": {
    "atr14": 71.35112259210975,
    "expected_move": 104.62128270376773,
    "z_score": 0.2376189562728932,
    "posterior_fair_up": 0.5939116276833332,
    "posterior_final_up": 0.14731333687450823,
    "sigma_b": 0.501365009465368,
    "bvol_multiplier": 1.351365009465368,
    "signed_score": -0.4805458192534365,
    "ema_score": -2.0,
    "vwap_score": -1.0,
    "rsi_score": 0.0,
    "atr_score": 0.0,
    "macd_score": -1.0,
    "stoch_score": 0.0,
    "mfi_score": 0.0,
    "obv_score": 0.5,
    "cvd_score": 1.2221422996542266,
    "ofi_score": 1.0,
    "imbalance_score": 0.0,
    "flow_accel_score": 1.0,
    "liq_vacuum_score": 0.0,
    "bb_position_score": -0.5,
    "cross_exch_score": 0.3,
    "accum_ofi_score": 0.0,
    "misprice_score": 0.0,
    "mtf_momentum_score": -1.0,
    "adx_stoch_boost": 1.0,
    "spread_pressure_score": -0.0,
    "oracle_lag_score": 0.0,
    "funding_rate_score": 0.0,
    "funding_rate": -4.364e-05,
    "vpin_proxy": 0.0,
    "deep_imbalance": 0.5,
    "deep_ofi": 0.0,
    "cvd": -436.6419999999819,
    "obi": -0.5251274571849872,
    "yes_mid": 0.125,
    "no_mid": 0.875,
    "regime": "low",
    "direction": "DOWN",
    "edge_up": 0.014750084812891778,
    "edge_down": -0.02935978486600932,
    "target_edge": -0.02935978486600932,
    "target_side": "NO",
    "required_edge": 0.05,
    "min_score": 3.0,
    "skip_gates": [
      "edge_insufficient=-0.0294_req=0.035",
      "score_low=0.48_req=3.0",
      "early_window_rem=10.8min"
    ],
    "strike_price": 67504.19,
    "distance": 24.860000000000582,
    "raw_deep_ofi": 0.0,
    "raw_cvd": -436.6419999999819,
    "raw_vpin": 0.0,
    "raw_deep_imbalance": 0.5,
    "raw_obi": -0.5251274571849872,
    "monster_signal": false,
    "posterior_final_down": 0.8526866631254918
  },
  "performance": {
    "total_trades": 0,
    "closed_trades": 0,
    "wins": 0,
    "losses": 0,
    "win_rate": 0.0,
    "avg_trade": 0.0,
    "avg_pnl": 0.0,
    "total_pnl": 0,
    "profit_factor": 0.0,
    "sharpe": 0.0,
    "loss_streak": 0
  },
  "perf_db": {
    "total_trades": 0,
    "win_rate": 0.0,
    "profit_factor": 0.0,
    "sharpe_ratio": 0.0,
    "avg_pnl_per_trade": 0.0
  },
  "events": []
}