{
  "ts": 1773624388,
  "status": "HEALTHY",
  "balance": 0.0,
  "wallet_usdc": null,
  "pm_collateral_usdc": 0.0,
  "pm_available_usdc": 0.0,
  "pm_allowance_usdc": 1.157920892373162e+71,
  "position": "FLAT",
  "runtime_ms": 1779,
  "latencies": {
    "data_fetch_all": 434.0,
    "fetch_polymarket": 367.2,
    "total_cycle": 1779
  },
  "trades_15m": 0,
  "last_market_slug": "btc-updown-15m-1773623700",
  "last_condition_id": "0x4580d364bb56307b0d6e459f48e4f0c166abc5a902b4789972e5b2986d0a82ee",
  "unclaimed_usdc": 0.0,
  "api_trade_history": [],
  "signal": {
    "atr14": 162.19158394715265,
    "expected_move": 136.34387040979252,
    "z_score": 1.536482713673641,
    "posterior_fair_up": 0.9377899639038279,
    "posterior_final_up": 0.9974051405226558,
    "sigma_b": 0.11046140542338333,
    "bvol_multiplier": 0.9604614054233833,
    "signed_score": 1.933261520974422,
    "ema_score": -2.0,
    "vwap_score": 1.0,
    "rsi_score": 0.0,
    "atr_score": -1.0,
    "macd_score": -1.0,
    "stoch_score": 0.0,
    "mfi_score": 0.0,
    "obv_score": 0.5,
    "cvd_score": 1.0229404438510774,
    "ofi_score": 0.0,
    "imbalance_score": 1.0,
    "flow_accel_score": 1.0,
    "liq_vacuum_score": 0.0,
    "bb_position_score": 0.0,
    "cross_exch_score": -0.3,
    "accum_ofi_score": 0.0,
    "misprice_score": 0.0,
    "mtf_momentum_score": 1.0,
    "adx_stoch_boost": 1.0,
    "spread_pressure_score": 1.0,
    "oracle_lag_score": 0.0,
    "funding_rate_score": 0.0,
    "funding_rate": 4.476e-05,
    "vpin_proxy": 0.0,
    "deep_imbalance": 0.5,
    "deep_ofi": 0.0,
    "cvd": 155.3519999999999,
    "obi": 0.6702123168044861,
    "yes_mid": 0.9955,
    "no_mid": 0.0045000000000000005,
    "regime": "normal",
    "direction": "UP",
    "edge_up": 0.00034529621422452195,
    "edge_down": -0.003456726329065433,
    "target_edge": 0.00034529621422452195,
    "target_side": "YES",
    "required_edge": 0.035,
    "min_score": 2.5,
    "skip_gates": [],
    "strike_price": 72328.4,
    "distance": 209.49000000000524,
    "raw_deep_ofi": 0.0,
    "raw_cvd": 155.3519999999999,
    "raw_vpin": 0.0,
    "raw_deep_imbalance": 0.5,
    "raw_obi": 0.6702123168044861,
    "monster_signal": true,
    "posterior_final_down": 0.002594859477344169
  },
  "performance": {
    "total_trades": 0,
    "closed_trades": 0,
    "wins": 0,
    "losses": 0,
    "win_rate": 0.0,
    "avg_trade": 0.0,
    "avg_pnl": 0.0,
    "total_pnl": 0,
    "profit_factor": 0.0,
    "sharpe": 0.0,
    "loss_streak": 0
  },
  "perf_db": {
    "total_trades": 0,
    "win_rate": 0.0,
    "profit_factor": 0.0,
    "sharpe_ratio": 0.0,
    "avg_pnl_per_trade": 0.0
  },
  "events": []
}