{
  "ts": 1772934235,
  "status": "HEALTHY",
  "balance": 6.767559,
  "wallet_usdc": 6.767559,
  "pm_collateral_usdc": 6.767559,
  "pm_available_usdc": 6.767559,
  "pm_allowance_usdc": 1.157920892373162e+71,
  "position": "FLAT",
  "runtime_ms": 2695,
  "latencies": {
    "data_fetch_all": 519.1,
    "fetch_polymarket": 827.9,
    "total_cycle": 2695
  },
  "trades_15m": 0,
  "last_market_slug": "btc-updown-15m-1772933400",
  "last_condition_id": "0x844b50b215ca27b49df0d15035c7818a3885d99dc7dcf58042acf85484e56def",
  "unclaimed_usdc": 0.0,
  "api_trade_history": [],
  "signal": {
    "atr14": 81.7666302197116,
    "expected_move": 38.060295065271475,
    "z_score": 0.11481781716355627,
    "posterior_fair_up": 0.5457052836463634,
    "posterior_final_up": 0.9495745579038738,
    "sigma_b": 0.5972774209309517,
    "bvol_multiplier": 1.4472774209309516,
    "signed_score": 3.074595701194917,
    "ema_score": -2.0,
    "vwap_score": 1.0,
    "rsi_score": 0.0,
    "atr_score": 0.0,
    "macd_score": -1.0,
    "stoch_score": 0.0,
    "mfi_score": 0.0,
    "obv_score": 0.5,
    "cvd_score": 1.2221422996542266,
    "ofi_score": 1.0,
    "imbalance_score": 0.0,
    "flow_accel_score": 1.0,
    "liq_vacuum_score": 0.0,
    "bb_position_score": 0.0,
    "cross_exch_score": -0.3,
    "accum_ofi_score": 0.0,
    "misprice_score": 0.0,
    "mtf_momentum_score": 1.0,
    "adx_stoch_boost": 1.0,
    "spread_pressure_score": 0.0,
    "oracle_lag_score": 0.0,
    "funding_rate_score": 0.0,
    "funding_rate": -2.944e-05,
    "vpin_proxy": 0.0,
    "deep_imbalance": 0.5,
    "deep_ofi": 0.0,
    "cvd": 83.56200000000037,
    "obi": 0.48842659462720317,
    "yes_mid": 0.945,
    "no_mid": 0.055,
    "regime": "normal",
    "direction": "UP",
    "edge_up": -0.001375016654030059,
    "edge_down": -0.010522556215280969,
    "target_edge": -0.001375016654030059,
    "target_side": "YES",
    "required_edge": 0.035,
    "min_score": 2.5,
    "skip_gates": [
      "edge_insufficient=-0.0014_req=0.010"
    ],
    "strike_price": 67228.67,
    "distance": 4.369999999995343,
    "raw_deep_ofi": 0.0,
    "raw_cvd": 83.56200000000037,
    "raw_vpin": 0.0,
    "raw_deep_imbalance": 0.5,
    "raw_obi": 0.48842659462720317,
    "monster_signal": true,
    "posterior_final_down": 0.050425442096126205
  },
  "performance": {
    "total_trades": 0,
    "closed_trades": 0,
    "wins": 0,
    "losses": 0,
    "win_rate": 0.0,
    "avg_trade": 0.0,
    "avg_pnl": 0.0,
    "total_pnl": 0,
    "profit_factor": 0.0,
    "sharpe": 0.0,
    "loss_streak": 0
  },
  "perf_db": {
    "total_trades": 0,
    "win_rate": 0.0,
    "profit_factor": 0.0,
    "sharpe_ratio": 0.0,
    "avg_pnl_per_trade": 0.0
  },
  "events": []
}