{
  "ts": 1773757499,
  "status": "HEALTHY",
  "balance": 0.0,
  "wallet_usdc": null,
  "pm_collateral_usdc": 0.0,
  "pm_available_usdc": 0.0,
  "pm_allowance_usdc": 1.157920892373162e+71,
  "position": "FLAT",
  "runtime_ms": 1789,
  "latencies": {
    "data_fetch_all": 455.7,
    "fetch_polymarket": 307.0,
    "total_cycle": 1789
  },
  "trades_15m": 0,
  "last_market_slug": "btc-updown-15m-1773756900",
  "last_condition_id": "0xf9c7d8af5576f7f96cba71d081b8a257d6afdbf4d1f7f80d530bcdf55c33823a",
  "unclaimed_usdc": 0.0,
  "api_trade_history": [],
  "signal": {
    "atr14": 208.9688900969497,
    "expected_move": 209.3168818285939,
    "z_score": 0.279289465280033,
    "posterior_fair_up": 0.609988589988665,
    "posterior_final_up": 0.7402430510225964,
    "sigma_b": 0.3212339350765699,
    "bvol_multiplier": 1.17123393507657,
    "signed_score": 8.56881576448583,
    "ema_score": -2.0,
    "vwap_score": 1.0,
    "rsi_score": 0.0,
    "atr_score": -1.0,
    "macd_score": 1.0,
    "stoch_score": 0.0,
    "mfi_score": 0.0,
    "obv_score": 2.5,
    "cvd_score": 1.0229404438510774,
    "ofi_score": 0.0,
    "imbalance_score": 1.0,
    "flow_accel_score": 1.0,
    "liq_vacuum_score": 0.0,
    "bb_position_score": 0.0,
    "cross_exch_score": 0.5,
    "accum_ofi_score": 0.0,
    "misprice_score": 0.0,
    "mtf_momentum_score": 1.0,
    "adx_stoch_boost": 1.0,
    "spread_pressure_score": 1.0,
    "oracle_lag_score": 0.0,
    "funding_rate_score": 0.0,
    "funding_rate": 1.206e-05,
    "vpin_proxy": 0.0,
    "deep_imbalance": 0.5,
    "deep_ofi": 0.0,
    "cvd": 51.91299999999695,
    "obi": 0.2887942770667064,
    "yes_mid": 0.695,
    "no_mid": 0.305,
    "regime": "high",
    "direction": "UP",
    "edge_up": 0.03580159271646077,
    "edge_down": -0.05382769691848455,
    "target_edge": 0.03580159271646077,
    "target_side": "YES",
    "required_edge": 0.025,
    "min_score": 2.0,
    "skip_gates": [],
    "strike_price": 73735.91,
    "distance": 58.45999999999185,
    "raw_deep_ofi": 0.0,
    "raw_cvd": 51.91299999999695,
    "raw_vpin": 0.0,
    "raw_deep_imbalance": 0.5,
    "raw_obi": 0.2887942770667064,
    "monster_signal": true,
    "posterior_final_down": 0.25975694897740365
  },
  "performance": {
    "total_trades": 0,
    "closed_trades": 0,
    "wins": 0,
    "losses": 0,
    "win_rate": 0.0,
    "avg_trade": 0.0,
    "avg_pnl": 0.0,
    "total_pnl": 0,
    "profit_factor": 0.0,
    "sharpe": 0.0,
    "loss_streak": 0
  },
  "perf_db": {
    "total_trades": 0,
    "win_rate": 0.0,
    "profit_factor": 0.0,
    "sharpe_ratio": 0.0,
    "avg_pnl_per_trade": 0.0
  },
  "events": []
}