{
  "ts": 1773435480,
  "status": "HEALTHY",
  "balance": 0.0,
  "wallet_usdc": null,
  "pm_collateral_usdc": 0.0,
  "pm_available_usdc": 0.0,
  "pm_allowance_usdc": 1.157920892373162e+71,
  "position": "FLAT",
  "runtime_ms": 2036,
  "latencies": {
    "data_fetch_all": 566.7,
    "fetch_polymarket": 469.7,
    "total_cycle": 2036
  },
  "trades_15m": 0,
  "last_market_slug": "btc-updown-15m-1773434700",
  "last_condition_id": "0xff5f231e6dc9936281c0cd0d02647bd76f719183690715a4e6a076292c2b3f11",
  "unclaimed_usdc": 0.0,
  "api_trade_history": [],
  "signal": {
    "atr14": 132.3938921858726,
    "expected_move": 83.73324952042518,
    "z_score": 1.2581620873833117,
    "posterior_fair_up": 0.8958333597650898,
    "posterior_final_up": 0.9325463811774155,
    "sigma_b": 0.2811216144953604,
    "bvol_multiplier": 1.1311216144953604,
    "signed_score": 12.530244714723358,
    "ema_score": 2.0,
    "vwap_score": 1.0,
    "rsi_score": 0.0,
    "atr_score": 1.0,
    "macd_score": 1.0,
    "stoch_score": 1.5,
    "mfi_score": 0.0,
    "obv_score": 0.5,
    "cvd_score": -1.031833391680986,
    "ofi_score": 1.0,
    "imbalance_score": 0.0,
    "flow_accel_score": 1.0,
    "liq_vacuum_score": 0.0,
    "bb_position_score": 1.0,
    "cross_exch_score": -0.3,
    "accum_ofi_score": 0.0,
    "misprice_score": 1.5,
    "mtf_momentum_score": 1.0,
    "adx_stoch_boost": 0.0,
    "spread_pressure_score": 0.0,
    "oracle_lag_score": 0.0,
    "funding_rate_score": 0.0,
    "funding_rate": 1.61e-06,
    "vpin_proxy": 0.0,
    "deep_imbalance": 0.5,
    "deep_ofi": 0.0,
    "cvd": -44.878999999999266,
    "obi": 0.16428890876926452,
    "yes_mid": 0.825,
    "no_mid": 0.16999999999999998,
    "regime": "normal",
    "direction": "UP",
    "edge_up": 0.09937572348141233,
    "edge_down": -0.11365262052610588,
    "target_edge": 0.09937572348141233,
    "target_side": "YES",
    "required_edge": 0.035,
    "min_score": 2.5,
    "skip_gates": [],
    "strike_price": 71333.78,
    "distance": 105.35000000000582,
    "raw_deep_ofi": 0.0,
    "raw_cvd": -44.878999999999266,
    "raw_vpin": 0.0,
    "raw_deep_imbalance": 0.5,
    "raw_obi": 0.16428890876926452,
    "monster_signal": true,
    "posterior_final_down": 0.0674536188225845
  },
  "performance": {
    "total_trades": 0,
    "closed_trades": 0,
    "wins": 0,
    "losses": 0,
    "win_rate": 0.0,
    "avg_trade": 0.0,
    "avg_pnl": 0.0,
    "total_pnl": 0,
    "profit_factor": 0.0,
    "sharpe": 0.0,
    "loss_streak": 0
  },
  "perf_db": {
    "total_trades": 0,
    "win_rate": 0.0,
    "profit_factor": 0.0,
    "sharpe_ratio": 0.0,
    "avg_pnl_per_trade": 0.0
  },
  "events": []
}