{
  "ts": 1772985739,
  "status": "HEALTHY",
  "balance": 6.767559,
  "wallet_usdc": 6.767559,
  "pm_collateral_usdc": 6.767559,
  "pm_available_usdc": 6.767559,
  "pm_allowance_usdc": 1.157920892373162e+71,
  "position": "FLAT",
  "runtime_ms": 2607,
  "latencies": {
    "data_fetch_all": 1085.1,
    "fetch_polymarket": 284.4,
    "total_cycle": 2607
  },
  "trades_15m": 0,
  "last_market_slug": "btc-updown-15m-1772985600",
  "last_condition_id": "0x60657bf221ad9cff1a4b09ee7850f84bc7d8fa1c6f6679ee16264073940775f4",
  "unclaimed_usdc": 0.0,
  "api_trade_history": [],
  "signal": {
    "atr14": 113.01016999405358,
    "expected_move": 179.99035321655992,
    "z_score": -0.0059447630436037175,
    "posterior_fair_up": 0.4976283820497515,
    "posterior_final_up": 0.4838153358768086,
    "sigma_b": 0.7011140316748083,
    "bvol_multiplier": 1.5511140316748082,
    "signed_score": 3.667453532243992,
    "ema_score": -2.0,
    "vwap_score": 1.0,
    "rsi_score": 0.0,
    "atr_score": 0.0,
    "macd_score": -1.0,
    "stoch_score": 0.0,
    "mfi_score": 0.0,
    "obv_score": 0.5,
    "cvd_score": 1.2221422996542266,
    "ofi_score": 1.0,
    "imbalance_score": 0.0,
    "flow_accel_score": 1.0,
    "liq_vacuum_score": 0.0,
    "bb_position_score": 0.0,
    "cross_exch_score": 0.0,
    "accum_ofi_score": 0.0,
    "misprice_score": 0.0,
    "mtf_momentum_score": 1.0,
    "adx_stoch_boost": 1.0,
    "spread_pressure_score": 0.0,
    "oracle_lag_score": 0.0,
    "funding_rate_score": 0.0,
    "funding_rate": -2.901e-05,
    "vpin_proxy": 0.0,
    "deep_imbalance": 0.5,
    "deep_ofi": 0.0,
    "cvd": -20.070999999999938,
    "obi": 0.0301668888423245,
    "yes_mid": 0.485,
    "no_mid": 0.515,
    "regime": "normal",
    "direction": "DOWN",
    "edge_up": -0.011119580549134866,
    "edge_down": -0.008770708652391268,
    "target_edge": -0.008770708652391268,
    "target_side": "NO",
    "required_edge": 0.035,
    "min_score": 2.5,
    "skip_gates": [
      "edge_insufficient=-0.0088_req=0.035",
      "early_window_rem=12.7min"
    ],
    "strike_price": 67201.02,
    "distance": -1.070000000006985,
    "raw_deep_ofi": 0.0,
    "raw_cvd": -20.070999999999938,
    "raw_vpin": 0.0,
    "raw_deep_imbalance": 0.5,
    "raw_obi": 0.0301668888423245,
    "monster_signal": false,
    "posterior_final_down": 0.5161846641231914
  },
  "performance": {
    "total_trades": 0,
    "closed_trades": 0,
    "wins": 0,
    "losses": 0,
    "win_rate": 0.0,
    "avg_trade": 0.0,
    "avg_pnl": 0.0,
    "total_pnl": 0,
    "profit_factor": 0.0,
    "sharpe": 0.0,
    "loss_streak": 0
  },
  "perf_db": {
    "total_trades": 0,
    "win_rate": 0.0,
    "profit_factor": 0.0,
    "sharpe_ratio": 0.0,
    "avg_pnl_per_trade": 0.0
  },
  "events": []
}