{
  "ts": 1772865733,
  "status": "HEALTHY",
  "balance": 4.567559,
  "wallet_usdc": 4.567559,
  "pm_collateral_usdc": 4.567559,
  "pm_available_usdc": 4.567559,
  "pm_allowance_usdc": 1.157920892373162e+71,
  "position": "FLAT",
  "runtime_ms": 3934,
  "latencies": {
    "data_fetch_all": 1917.9,
    "fetch_polymarket": 472.4,
    "total_cycle": 3934
  },
  "trades_15m": 0,
  "last_market_slug": "btc-updown-15m-1772865000",
  "last_condition_id": "0x1d37c28ef97e1b9e1107c6ab841104f57a3ac2bbc38ca7a491a9b2d4d0c67a07",
  "unclaimed_usdc": 0.0,
  "api_trade_history": [],
  "signal": {
    "atr14": 73.65033761958512,
    "expected_move": 54.95058879444854,
    "z_score": -0.14940695232069706,
    "posterior_fair_up": 0.44061624530896454,
    "posterior_final_up": 0.8070986047683995,
    "sigma_b": 0.6668568958690464,
    "bvol_multiplier": 1.5,
    "signed_score": -0.8934004682904496,
    "ema_score": -2.0,
    "vwap_score": -1.0,
    "rsi_score": 0.0,
    "atr_score": 0.0,
    "macd_score": -1.0,
    "stoch_score": 0.0,
    "mfi_score": 0.0,
    "obv_score": 0.5,
    "cvd_score": 1.2221422996542266,
    "ofi_score": 1.0,
    "imbalance_score": 0.0,
    "flow_accel_score": 1.0,
    "liq_vacuum_score": 0.0,
    "bb_position_score": -1.0,
    "cross_exch_score": 0.5,
    "accum_ofi_score": 0.0,
    "misprice_score": 0.0,
    "mtf_momentum_score": -1.0,
    "adx_stoch_boost": 1.0,
    "spread_pressure_score": 0.0,
    "oracle_lag_score": 0.0,
    "funding_rate_score": 0.0,
    "funding_rate": 2.856e-05,
    "vpin_proxy": 0.0,
    "deep_imbalance": 0.5,
    "deep_ofi": 0.0,
    "cvd": -192.18799999999928,
    "obi": 0.23824767321892665,
    "yes_mid": 0.825,
    "no_mid": 0.175,
    "regime": "low",
    "direction": "UP",
    "edge_up": -0.02564553048781304,
    "edge_down": 0.00973781234980231,
    "target_edge": -0.02564553048781304,
    "target_side": "YES",
    "required_edge": 0.05,
    "min_score": 3.0,
    "skip_gates": [
      "edge_insufficient=-0.0256_req=0.035",
      "score_low=0.89_req=3.0"
    ],
    "strike_price": 67863.71,
    "distance": -8.210000000006403,
    "raw_deep_ofi": 0.0,
    "raw_cvd": -192.18799999999928,
    "raw_vpin": 0.0,
    "raw_deep_imbalance": 0.5,
    "raw_obi": 0.23824767321892665,
    "monster_signal": false,
    "posterior_final_down": 0.19290139523160055
  },
  "performance": {
    "total_trades": 0,
    "closed_trades": 0,
    "wins": 0,
    "losses": 0,
    "win_rate": 0.0,
    "avg_trade": 0.0,
    "avg_pnl": 0.0,
    "total_pnl": 0,
    "profit_factor": 0.0,
    "sharpe": 0.0,
    "loss_streak": 0
  },
  "perf_db": {
    "total_trades": 0,
    "win_rate": 0.0,
    "profit_factor": 0.0,
    "sharpe_ratio": 0.0,
    "avg_pnl_per_trade": 0.0
  },
  "events": []
}