{
  "ts": 1772876579,
  "status": "HEALTHY",
  "balance": 4.567559,
  "wallet_usdc": 4.567559,
  "pm_collateral_usdc": 4.567559,
  "pm_available_usdc": 4.567559,
  "pm_allowance_usdc": 1.157920892373162e+71,
  "position": "FLAT",
  "runtime_ms": 2771,
  "latencies": {
    "data_fetch_all": 1203.2,
    "fetch_polymarket": 343.1,
    "total_cycle": 2771
  },
  "trades_15m": 0,
  "last_market_slug": "btc-updown-15m-1772875800",
  "last_condition_id": "0x49fad1b3e9aee978e1664109b8bc142848c8b242e8ba4653b661e8dea1d6037f",
  "unclaimed_usdc": 0.0,
  "api_trade_history": [],
  "signal": {
    "atr14": 66.6489131827386,
    "expected_move": 42.32774476397514,
    "z_score": 0.9133489207979776,
    "posterior_fair_up": 0.8194704937756729,
    "posterior_final_up": 0.8017825693663362,
    "sigma_b": 0.3699222217175648,
    "bvol_multiplier": 1.2199222217175647,
    "signed_score": 12.998880757446573,
    "ema_score": 2.0,
    "vwap_score": 1.0,
    "rsi_score": 0.0,
    "atr_score": 0.0,
    "macd_score": 1.0,
    "stoch_score": 0.0,
    "mfi_score": 0.0,
    "obv_score": 0.5,
    "cvd_score": 1.2221422996542266,
    "ofi_score": 1.0,
    "imbalance_score": 0.0,
    "flow_accel_score": 1.0,
    "liq_vacuum_score": 0.0,
    "bb_position_score": 0.5,
    "cross_exch_score": -0.3,
    "accum_ofi_score": 0.0,
    "misprice_score": 1.5,
    "mtf_momentum_score": 1.0,
    "adx_stoch_boost": 1.0,
    "spread_pressure_score": 0.0,
    "oracle_lag_score": 0.0,
    "funding_rate_score": 0.0,
    "funding_rate": 2.037e-05,
    "vpin_proxy": 0.0,
    "deep_imbalance": 0.5,
    "deep_ofi": 0.0,
    "cvd": 42.11900000000009,
    "obi": -0.014820858212427464,
    "yes_mid": 0.655,
    "no_mid": 0.345,
    "regime": "low",
    "direction": "UP",
    "edge_up": 0.136330447894645,
    "edge_down": -0.1543593959645738,
    "target_edge": 0.136330447894645,
    "target_side": "YES",
    "required_edge": 0.05,
    "min_score": 3.0,
    "skip_gates": [],
    "strike_price": 67959.99,
    "distance": 38.65999999998894,
    "raw_deep_ofi": 0.0,
    "raw_cvd": 42.11900000000009,
    "raw_vpin": 0.0,
    "raw_deep_imbalance": 0.5,
    "raw_obi": -0.014820858212427464,
    "monster_signal": true,
    "posterior_final_down": 0.19821743063366382
  },
  "performance": {
    "total_trades": 0,
    "closed_trades": 0,
    "wins": 0,
    "losses": 0,
    "win_rate": 0.0,
    "avg_trade": 0.0,
    "avg_pnl": 0.0,
    "total_pnl": 0,
    "profit_factor": 0.0,
    "sharpe": 0.0,
    "loss_streak": 0
  },
  "perf_db": {
    "total_trades": 0,
    "win_rate": 0.0,
    "profit_factor": 0.0,
    "sharpe_ratio": 0.0,
    "avg_pnl_per_trade": 0.0
  },
  "events": []
}