{
  "ts": 1773425051,
  "status": "HEALTHY",
  "balance": 0.0,
  "wallet_usdc": null,
  "pm_collateral_usdc": 0.0,
  "pm_available_usdc": 0.0,
  "pm_allowance_usdc": 1.157920892373162e+71,
  "position": "FLAT",
  "runtime_ms": 1694,
  "latencies": {
    "data_fetch_all": 435.5,
    "fetch_polymarket": 367.4,
    "total_cycle": 1694
  },
  "trades_15m": 0,
  "last_market_slug": "btc-updown-15m-1773424800",
  "last_condition_id": "0xbd30b942138d5b68f0db47725890a9c17ae019603f21d3b4571eb2274d6287f5",
  "unclaimed_usdc": 0.0,
  "api_trade_history": [],
  "signal": {
    "atr14": 251.70836467305273,
    "expected_move": 370.219567506015,
    "z_score": -0.04572961962560908,
    "posterior_fair_up": 0.4817628123597176,
    "posterior_final_up": 0.5158928682461754,
    "sigma_b": 0.1393680904390261,
    "bvol_multiplier": 0.9893680904390261,
    "signed_score": -6.947623092430914,
    "ema_score": -2.0,
    "vwap_score": -1.0,
    "rsi_score": -1.0,
    "atr_score": -1.0,
    "macd_score": -1.0,
    "stoch_score": -1.5,
    "mfi_score": 0.0,
    "obv_score": -0.5,
    "cvd_score": -1.031833391680986,
    "ofi_score": 1.0,
    "imbalance_score": 0.0,
    "flow_accel_score": 1.0,
    "liq_vacuum_score": 0.0,
    "bb_position_score": -1.0,
    "cross_exch_score": 0.3,
    "accum_ofi_score": 0.0,
    "misprice_score": 0.0,
    "mtf_momentum_score": -1.0,
    "adx_stoch_boost": 1.0,
    "spread_pressure_score": 0.0,
    "oracle_lag_score": 0.0,
    "funding_rate_score": 0.0,
    "funding_rate": 8.54e-06,
    "vpin_proxy": 0.0,
    "deep_imbalance": 0.5,
    "deep_ofi": 0.0,
    "cvd": 86.70300000000023,
    "obi": -0.09069336342338731,
    "yes_mid": 0.525,
    "no_mid": 0.475,
    "regime": "high",
    "direction": "UP",
    "edge_up": -0.018956524715338596,
    "edge_down": -0.0009275824164151625,
    "target_edge": -0.018956524715338596,
    "target_side": "YES",
    "required_edge": 0.025,
    "min_score": 2.0,
    "skip_gates": [
      "edge_insufficient=-0.0190_req=0.035",
      "early_window_rem=10.8min"
    ],
    "strike_price": 71043.02,
    "distance": -16.930000000007567,
    "raw_deep_ofi": 0.0,
    "raw_cvd": 86.70300000000023,
    "raw_vpin": 0.0,
    "raw_deep_imbalance": 0.5,
    "raw_obi": -0.09069336342338731,
    "monster_signal": false,
    "posterior_final_down": 0.4841071317538246
  },
  "performance": {
    "total_trades": 0,
    "closed_trades": 0,
    "wins": 0,
    "losses": 0,
    "win_rate": 0.0,
    "avg_trade": 0.0,
    "avg_pnl": 0.0,
    "total_pnl": 0,
    "profit_factor": 0.0,
    "sharpe": 0.0,
    "loss_streak": 0
  },
  "perf_db": {
    "total_trades": 0,
    "win_rate": 0.0,
    "profit_factor": 0.0,
    "sharpe_ratio": 0.0,
    "avg_pnl_per_trade": 0.0
  },
  "events": []
}