{
  "ts": 1773147244,
  "status": "HEALTHY",
  "balance": 2.092429,
  "wallet_usdc": 2.092429,
  "pm_collateral_usdc": 2.092429,
  "pm_available_usdc": 2.092429,
  "pm_allowance_usdc": 1.157920892373162e+71,
  "position": "FLAT",
  "runtime_ms": 2127,
  "latencies": {
    "data_fetch_all": 817.7,
    "fetch_polymarket": 458.9,
    "total_cycle": 2127
  },
  "trades_15m": 0,
  "last_market_slug": "btc-updown-15m-1773146700",
  "last_condition_id": "0xfbf6aa3babb50264484b9e4d8c1e081bdf99bd7e56b1955898ea81a571543e86",
  "unclaimed_usdc": 0.0,
  "api_trade_history": [
    {
      "slug": "btc-updown-15m-1773146700",
      "outcome": "Up",
      "size": 8.0,
      "entry_price": 0.0,
      "exit_price": 0.855,
      "realized_pnl": 0.0,
      "percent_pnl": 0.0,
      "timestamp": "2026-03-10"
    }
  ],
  "signal": {
    "atr14": 110.92884210197666,
    "expected_move": 120.83948101497232,
    "z_score": 0.17502557791843043,
    "posterior_fair_up": 0.5694702275642903,
    "posterior_final_up": 0.9606416714262688,
    "sigma_b": 0.27506570803702407,
    "bvol_multiplier": 1.125065708037024,
    "signed_score": 0.7699946193421886,
    "ema_score": -2.0,
    "vwap_score": -1.0,
    "rsi_score": 0.0,
    "atr_score": 0.0,
    "macd_score": -1.0,
    "stoch_score": 0.0,
    "mfi_score": 0.0,
    "obv_score": 0.5,
    "cvd_score": 1.2221422996542266,
    "ofi_score": 1.0,
    "imbalance_score": 0.0,
    "flow_accel_score": 1.0,
    "liq_vacuum_score": 0.0,
    "bb_position_score": 0.0,
    "cross_exch_score": 0.5,
    "accum_ofi_score": 0.0,
    "misprice_score": 0.0,
    "mtf_momentum_score": 0.0,
    "adx_stoch_boost": 1.0,
    "spread_pressure_score": 0.0,
    "oracle_lag_score": 0.0,
    "funding_rate_score": 0.0,
    "funding_rate": 3.811e-05,
    "vpin_proxy": 0.0,
    "deep_imbalance": 0.5,
    "deep_ofi": 0.0,
    "cvd": 72.8230000000003,
    "obi": 0.696372110104437,
    "yes_mid": 0.955,
    "no_mid": 0.045,
    "regime": "normal",
    "direction": "UP",
    "edge_up": -0.00012684191087219965,
    "edge_down": -0.011389479669169672,
    "target_edge": -0.00012684191087219965,
    "target_side": "YES",
    "required_edge": 0.035,
    "min_score": 2.5,
    "skip_gates": [],
    "strike_price": 70461.34,
    "distance": 21.15000000000873,
    "raw_deep_ofi": 0.0,
    "raw_cvd": 72.8230000000003,
    "raw_vpin": 0.0,
    "raw_deep_imbalance": 0.5,
    "raw_obi": 0.696372110104437,
    "monster_signal": true,
    "posterior_final_down": 0.03935832857373123
  },
  "performance": {
    "total_trades": 0,
    "closed_trades": 0,
    "wins": 0,
    "losses": 0,
    "win_rate": 0.0,
    "avg_trade": 0.0,
    "avg_pnl": 0.0,
    "total_pnl": 0,
    "profit_factor": 0.0,
    "sharpe": 0.0,
    "loss_streak": 0
  },
  "perf_db": {
    "total_trades": 0,
    "win_rate": 0.0,
    "profit_factor": 0.0,
    "sharpe_ratio": 0.0,
    "avg_pnl_per_trade": 0.0
  },
  "events": []
}