{
  "ts": 1774014015,
  "status": "HEALTHY",
  "balance": 0.0,
  "wallet_usdc": null,
  "pm_collateral_usdc": 0.0,
  "pm_available_usdc": 0.0,
  "pm_allowance_usdc": 1.157920892373162e+71,
  "position": "FLAT",
  "runtime_ms": 1587,
  "latencies": {
    "data_fetch_all": 327.6,
    "fetch_polymarket": 383.3,
    "total_cycle": 1587
  },
  "trades_15m": 0,
  "last_market_slug": "btc-updown-15m-1774013400",
  "last_condition_id": "0x963513c2145ca4b41ae6233364dc84a82cdddda897c8f6d2bc6dcf765c4ee815",
  "unclaimed_usdc": 0.0,
  "api_trade_history": [],
  "signal": {
    "atr14": 183.2416592205078,
    "expected_move": 178.6018767823857,
    "z_score": -1.882790965347617,
    "posterior_fair_up": 0.029864286660239436,
    "posterior_final_up": 0.0017691132509645568,
    "sigma_b": 0.33700859668184724,
    "bvol_multiplier": 1.1870085966818473,
    "signed_score": -6.628186788574297,
    "ema_score": -2.0,
    "vwap_score": -1.0,
    "rsi_score": 0.0,
    "atr_score": -1.0,
    "macd_score": -1.0,
    "stoch_score": 0.0,
    "mfi_score": 0.0,
    "obv_score": -0.5,
    "cvd_score": 1.0229404438510774,
    "ofi_score": 0.0,
    "imbalance_score": 1.0,
    "flow_accel_score": 1.0,
    "liq_vacuum_score": 0.0,
    "bb_position_score": -1.0,
    "cross_exch_score": 0.3,
    "accum_ofi_score": 0.0,
    "misprice_score": 0.0,
    "mtf_momentum_score": -1.0,
    "adx_stoch_boost": 1.0,
    "spread_pressure_score": -0.5,
    "oracle_lag_score": -2.0,
    "funding_rate_score": 0.0,
    "funding_rate": -2.842e-05,
    "vpin_proxy": 0.0,
    "deep_imbalance": 0.5,
    "deep_ofi": 0.0,
    "cvd": -1080.253999999981,
    "obi": -0.31978819134327185,
    "yes_mid": 0.006,
    "no_mid": 0.994,
    "regime": "normal",
    "direction": "DOWN",
    "edge_up": -0.0052660213381995995,
    "edge_down": 0.0031310636603606445,
    "target_edge": 0.0031310636603606445,
    "target_side": "NO",
    "required_edge": 0.035,
    "min_score": 2.5,
    "skip_gates": [],
    "strike_price": 70497.42,
    "distance": -336.2700000000041,
    "raw_deep_ofi": 0.0,
    "raw_cvd": -1080.253999999981,
    "raw_vpin": 0.0,
    "raw_deep_imbalance": 0.5,
    "raw_obi": -0.31978819134327185,
    "monster_signal": true,
    "posterior_final_down": 0.9982308867490355
  },
  "performance": {
    "total_trades": 0,
    "closed_trades": 0,
    "wins": 0,
    "losses": 0,
    "win_rate": 0.0,
    "avg_trade": 0.0,
    "avg_pnl": 0.0,
    "total_pnl": 0,
    "profit_factor": 0.0,
    "sharpe": 0.0,
    "loss_streak": 0
  },
  "perf_db": {
    "total_trades": 0,
    "win_rate": 0.0,
    "profit_factor": 0.0,
    "sharpe_ratio": 0.0,
    "avg_pnl_per_trade": 0.0
  },
  "events": []
}