{
  "ts": 1772871974,
  "status": "HEALTHY",
  "balance": 4.567559,
  "wallet_usdc": 4.567559,
  "pm_collateral_usdc": 4.567559,
  "pm_available_usdc": 4.567559,
  "pm_allowance_usdc": 1.157920892373162e+71,
  "position": "FLAT",
  "runtime_ms": 3402,
  "latencies": {
    "data_fetch_all": 1473.9,
    "fetch_polymarket": 404.9,
    "total_cycle": 3402
  },
  "trades_15m": 0,
  "last_market_slug": "btc-updown-15m-1772871300",
  "last_condition_id": "0x92f03fb8f9483a20261ed8cdcc8e7df271a2ae848efae64186b450deeee5fbdf",
  "unclaimed_usdc": 0.0,
  "api_trade_history": [],
  "signal": {
    "atr14": 86.20427441513482,
    "expected_move": 74.820807836711,
    "z_score": 1.2922875707385928,
    "posterior_fair_up": 0.9018711444235404,
    "posterior_final_up": 0.9853952839294955,
    "sigma_b": 0.4651333168165501,
    "bvol_multiplier": 1.3151333168165502,
    "signed_score": 12.040702568893614,
    "ema_score": 2.0,
    "vwap_score": 1.0,
    "rsi_score": 0.0,
    "atr_score": 0.0,
    "macd_score": 1.0,
    "stoch_score": 1.5,
    "mfi_score": 0.0,
    "obv_score": 0.5,
    "cvd_score": 1.2221422996542266,
    "ofi_score": 1.0,
    "imbalance_score": 0.0,
    "flow_accel_score": 1.0,
    "liq_vacuum_score": 0.0,
    "bb_position_score": 1.0,
    "cross_exch_score": -0.3,
    "accum_ofi_score": 0.0,
    "misprice_score": 0.0,
    "mtf_momentum_score": 1.0,
    "adx_stoch_boost": -1.0,
    "spread_pressure_score": 0.0,
    "oracle_lag_score": 0.0,
    "funding_rate_score": 0.0,
    "funding_rate": 3.052e-05,
    "vpin_proxy": 0.0,
    "deep_imbalance": 0.5,
    "deep_ofi": 0.0,
    "cvd": 170.42200000000062,
    "obi": 0.44879492157401835,
    "yes_mid": 0.957,
    "no_mid": 0.043,
    "regime": "normal",
    "direction": "UP",
    "edge_up": 0.024606967702351934,
    "edge_down": -0.031673941912120716,
    "target_edge": 0.024606967702351934,
    "target_side": "YES",
    "required_edge": 0.035,
    "min_score": 2.5,
    "skip_gates": [],
    "strike_price": 67867.77,
    "distance": 96.69000000000233,
    "raw_deep_ofi": 0.0,
    "raw_cvd": 170.42200000000062,
    "raw_vpin": 0.0,
    "raw_deep_imbalance": 0.5,
    "raw_obi": 0.44879492157401835,
    "monster_signal": true,
    "posterior_final_down": 0.014604716070504509
  },
  "performance": {
    "total_trades": 0,
    "closed_trades": 0,
    "wins": 0,
    "losses": 0,
    "win_rate": 0.0,
    "avg_trade": 0.0,
    "avg_pnl": 0.0,
    "total_pnl": 0,
    "profit_factor": 0.0,
    "sharpe": 0.0,
    "loss_streak": 0
  },
  "perf_db": {
    "total_trades": 0,
    "win_rate": 0.0,
    "profit_factor": 0.0,
    "sharpe_ratio": 0.0,
    "avg_pnl_per_trade": 0.0
  },
  "events": []
}