{
  "ts": 1773080172,
  "status": "HEALTHY",
  "balance": 9.95251,
  "wallet_usdc": 9.95251,
  "pm_collateral_usdc": 9.95251,
  "pm_available_usdc": 9.95251,
  "pm_allowance_usdc": 1.157920892373162e+71,
  "position": "FLAT",
  "runtime_ms": 1981,
  "latencies": {
    "data_fetch_all": 539.7,
    "fetch_polymarket": 417.1,
    "total_cycle": 1981
  },
  "trades_15m": 0,
  "last_market_slug": "btc-updown-15m-1773080100",
  "last_condition_id": "0x91d5fbcb8f107f934c39db2304f12c162b676f43a5d3997f13961d6abbe54bb8",
  "unclaimed_usdc": 0.0,
  "api_trade_history": [],
  "signal": {
    "atr14": 191.48626767911207,
    "expected_move": 318.1208801048861,
    "z_score": 0.11505060588270286,
    "posterior_fair_up": 0.5457975413578615,
    "posterior_final_up": 0.49794227958084625,
    "sigma_b": 4.750270089678678,
    "bvol_multiplier": 2.0,
    "signed_score": -4.231200624387266,
    "ema_score": -2.0,
    "vwap_score": 1.0,
    "rsi_score": 0.0,
    "atr_score": -1.0,
    "macd_score": -1.0,
    "stoch_score": 0.0,
    "mfi_score": 0.0,
    "obv_score": -2.5,
    "cvd_score": 1.2221422996542266,
    "ofi_score": 1.0,
    "imbalance_score": 0.0,
    "flow_accel_score": 1.0,
    "liq_vacuum_score": 0.0,
    "bb_position_score": -0.5,
    "cross_exch_score": -0.5,
    "accum_ofi_score": 0.0,
    "misprice_score": 0.0,
    "mtf_momentum_score": 0.0,
    "adx_stoch_boost": 1.0,
    "spread_pressure_score": 0.0,
    "oracle_lag_score": 0.0,
    "funding_rate_score": 0.0,
    "funding_rate": -2.64e-05,
    "vpin_proxy": 0.0,
    "deep_imbalance": 0.5,
    "deep_ofi": 0.0,
    "cvd": 25.29299999999993,
    "obi": -0.030689311684229097,
    "yes_mid": 0.475,
    "no_mid": 0.525,
    "regime": "normal",
    "direction": "DOWN",
    "edge_up": 0.01276367987320548,
    "edge_down": -0.032661622152786285,
    "target_edge": -0.032661622152786285,
    "target_side": "NO",
    "required_edge": 0.035,
    "min_score": 2.5,
    "skip_gates": [
      "edge_insufficient=-0.0327_req=0.035",
      "early_window_rem=13.8min"
    ],
    "strike_price": 68451.97,
    "distance": 36.60000000000582,
    "raw_deep_ofi": 0.0,
    "raw_cvd": 25.29299999999993,
    "raw_vpin": 0.0,
    "raw_deep_imbalance": 0.5,
    "raw_obi": -0.030689311684229097,
    "monster_signal": false,
    "posterior_final_down": 0.5020577204191538
  },
  "performance": {
    "total_trades": 0,
    "closed_trades": 0,
    "wins": 0,
    "losses": 0,
    "win_rate": 0.0,
    "avg_trade": 0.0,
    "avg_pnl": 0.0,
    "total_pnl": 0,
    "profit_factor": 0.0,
    "sharpe": 0.0,
    "loss_streak": 0
  },
  "perf_db": {
    "total_trades": 0,
    "win_rate": 0.0,
    "profit_factor": 0.0,
    "sharpe_ratio": 0.0,
    "avg_pnl_per_trade": 0.0
  },
  "events": []
}