{
  "ts": 1773100303,
  "status": "HEALTHY",
  "balance": 8.503853,
  "wallet_usdc": 8.503853,
  "pm_collateral_usdc": 8.503853,
  "pm_available_usdc": 8.503853,
  "pm_allowance_usdc": 1.157920892373162e+71,
  "position": "FLAT",
  "runtime_ms": 2809,
  "latencies": {
    "data_fetch_all": 1277.4,
    "fetch_polymarket": 321.7,
    "total_cycle": 2809
  },
  "trades_15m": 0,
  "last_market_slug": "btc-updown-15m-1773099900",
  "last_condition_id": "0xa91a9502d291e651f882f0f52066d3f100d93e7a9b62213fe98c41cd079dfbcd",
  "unclaimed_usdc": 0.0,
  "api_trade_history": [],
  "signal": {
    "atr14": 114.21957173427064,
    "expected_move": 147.01379699287432,
    "z_score": -0.04516582889374155,
    "posterior_fair_up": 0.4819875004392893,
    "posterior_final_up": 0.2187777642280154,
    "sigma_b": 0.3835520173110733,
    "bvol_multiplier": 1.2335520173110732,
    "signed_score": 1.1402950996952705,
    "ema_score": -2.0,
    "vwap_score": 1.0,
    "rsi_score": 0.0,
    "atr_score": 0.0,
    "macd_score": -1.0,
    "stoch_score": 0.0,
    "mfi_score": 0.0,
    "obv_score": -0.5,
    "cvd_score": 1.2221422996542266,
    "ofi_score": 1.0,
    "imbalance_score": 0.0,
    "flow_accel_score": 1.0,
    "liq_vacuum_score": 0.0,
    "bb_position_score": -0.5,
    "cross_exch_score": 0.3,
    "accum_ofi_score": 0.0,
    "misprice_score": 0.0,
    "mtf_momentum_score": 0.0,
    "adx_stoch_boost": 1.0,
    "spread_pressure_score": 0.0,
    "oracle_lag_score": 0.0,
    "funding_rate_score": 0.0,
    "funding_rate": -2.261e-05,
    "vpin_proxy": 0.0,
    "deep_imbalance": 0.5,
    "deep_ofi": 0.0,
    "cvd": 16.874999999999773,
    "obi": -0.3913577118566016,
    "yes_mid": 0.225,
    "no_mid": 0.775,
    "regime": "normal",
    "direction": "DOWN",
    "edge_up": -0.014591413341096038,
    "edge_down": -0.002215142065412179,
    "target_edge": -0.002215142065412179,
    "target_side": "NO",
    "required_edge": 0.035,
    "min_score": 2.5,
    "skip_gates": [
      "edge_insufficient=-0.0022_req=0.035",
      "score_low=1.14_req=2.5"
    ],
    "strike_price": 68552.64,
    "distance": -6.639999999999418,
    "raw_deep_ofi": 0.0,
    "raw_cvd": 16.874999999999773,
    "raw_vpin": 0.0,
    "raw_deep_imbalance": 0.5,
    "raw_obi": -0.3913577118566016,
    "monster_signal": false,
    "posterior_final_down": 0.7812222357719846
  },
  "performance": {
    "total_trades": 0,
    "closed_trades": 0,
    "wins": 0,
    "losses": 0,
    "win_rate": 0.0,
    "avg_trade": 0.0,
    "avg_pnl": 0.0,
    "total_pnl": 0,
    "profit_factor": 0.0,
    "sharpe": 0.0,
    "loss_streak": 0
  },
  "perf_db": {
    "total_trades": 0,
    "win_rate": 0.0,
    "profit_factor": 0.0,
    "sharpe_ratio": 0.0,
    "avg_pnl_per_trade": 0.0
  },
  "events": []
}