{
  "ts": 1772918010,
  "status": "HEALTHY",
  "balance": 6.767559,
  "wallet_usdc": 6.767559,
  "pm_collateral_usdc": 6.767559,
  "pm_available_usdc": 6.767559,
  "pm_allowance_usdc": 1.157920892373162e+71,
  "position": "FLAT",
  "runtime_ms": 3480,
  "latencies": {
    "data_fetch_all": 1536.8,
    "fetch_polymarket": 562.9,
    "total_cycle": 3480
  },
  "trades_15m": 0,
  "last_market_slug": "btc-updown-15m-1772917200",
  "last_condition_id": "0xbadcc8046a3e256360414bb80eb9b6d41ca11209683d3598fab5da3a7290578f",
  "unclaimed_usdc": 0.0,
  "api_trade_history": [],
  "signal": {
    "atr14": 88.70170305053021,
    "expected_move": 48.5839236499002,
    "z_score": 0.9062668613860263,
    "posterior_fair_up": 0.8176027163024634,
    "posterior_final_up": 0.876360328946153,
    "sigma_b": 0.28850420758481343,
    "bvol_multiplier": 1.1385042075848135,
    "signed_score": 11.562079035835367,
    "ema_score": 2.0,
    "vwap_score": 1.0,
    "rsi_score": 0.0,
    "atr_score": 0.0,
    "macd_score": 1.0,
    "stoch_score": 1.5,
    "mfi_score": 0.0,
    "obv_score": 0.5,
    "cvd_score": 1.2221422996542266,
    "ofi_score": 1.0,
    "imbalance_score": 0.0,
    "flow_accel_score": 1.0,
    "liq_vacuum_score": 0.0,
    "bb_position_score": 0.5,
    "cross_exch_score": -0.3,
    "accum_ofi_score": 0.0,
    "misprice_score": 1.5,
    "mtf_momentum_score": 1.0,
    "adx_stoch_boost": -1.0,
    "spread_pressure_score": 0.0,
    "oracle_lag_score": 0.0,
    "funding_rate_score": 0.0,
    "funding_rate": -4.194e-05,
    "vpin_proxy": 0.0,
    "deep_imbalance": 0.5,
    "deep_ofi": 0.0,
    "cvd": -56.62699999999979,
    "obi": 0.3395161840678063,
    "yes_mid": 0.77,
    "no_mid": 0.22999999999999998,
    "regime": "normal",
    "direction": "UP",
    "edge_up": 0.09250434349879,
    "edge_down": -0.11823965194617148,
    "target_edge": 0.09250434349879,
    "target_side": "YES",
    "required_edge": 0.035,
    "min_score": 2.5,
    "skip_gates": [],
    "strike_price": 67396.68,
    "distance": 44.03000000001339,
    "raw_deep_ofi": 0.0,
    "raw_cvd": -56.62699999999979,
    "raw_vpin": 0.0,
    "raw_deep_imbalance": 0.5,
    "raw_obi": 0.3395161840678063,
    "monster_signal": true,
    "posterior_final_down": 0.12363967105384699
  },
  "performance": {
    "total_trades": 0,
    "closed_trades": 0,
    "wins": 0,
    "losses": 0,
    "win_rate": 0.0,
    "avg_trade": 0.0,
    "avg_pnl": 0.0,
    "total_pnl": 0,
    "profit_factor": 0.0,
    "sharpe": 0.0,
    "loss_streak": 0
  },
  "perf_db": {
    "total_trades": 0,
    "win_rate": 0.0,
    "profit_factor": 0.0,
    "sharpe_ratio": 0.0,
    "avg_pnl_per_trade": 0.0
  },
  "events": []
}