{
  "ts": 1772922069,
  "status": "HEALTHY",
  "balance": 6.767559,
  "wallet_usdc": 6.767559,
  "pm_collateral_usdc": 6.767559,
  "pm_available_usdc": 6.767559,
  "pm_allowance_usdc": 1.157920892373162e+71,
  "position": "FLAT",
  "runtime_ms": 5388,
  "latencies": {
    "data_fetch_all": 1924.2,
    "fetch_polymarket": 1112.4,
    "total_cycle": 5388
  },
  "trades_15m": 0,
  "last_market_slug": "btc-updown-15m-1772921700",
  "last_condition_id": "0xf1c41a037a30a1f5b4caf5f48df0705e7c9d2f42ba1498041ea2dc6d7115e041",
  "unclaimed_usdc": 0.0,
  "api_trade_history": [],
  "signal": {
    "atr14": 92.57898811715371,
    "expected_move": 123.16833278976004,
    "z_score": 0.07786092238794841,
    "posterior_fair_up": 0.5310307253226655,
    "posterior_final_up": 0.5702901728084034,
    "sigma_b": 0.22234822488607514,
    "bvol_multiplier": 1.0723482248860752,
    "signed_score": 0.8197026483226278,
    "ema_score": 2.0,
    "vwap_score": -1.0,
    "rsi_score": 0.0,
    "atr_score": 0.0,
    "macd_score": -1.0,
    "stoch_score": 0.0,
    "mfi_score": 0.0,
    "obv_score": 0.5,
    "cvd_score": 1.2221422996542266,
    "ofi_score": 1.0,
    "imbalance_score": 0.0,
    "flow_accel_score": 1.0,
    "liq_vacuum_score": 0.0,
    "bb_position_score": -0.5,
    "cross_exch_score": -0.3,
    "accum_ofi_score": 0.0,
    "misprice_score": 0.0,
    "mtf_momentum_score": -1.0,
    "adx_stoch_boost": -1.0,
    "spread_pressure_score": 0.0,
    "oracle_lag_score": 0.0,
    "funding_rate_score": 0.0,
    "funding_rate": -4.142e-05,
    "vpin_proxy": 0.0,
    "deep_imbalance": 0.5,
    "deep_ofi": 0.0,
    "cvd": 19.80000000000013,
    "obi": -0.0026974099048778432,
    "yes_mid": 0.555,
    "no_mid": 0.445,
    "regime": "normal",
    "direction": "UP",
    "edge_up": 0.0052716192876893775,
    "edge_down": -0.025016980907511033,
    "target_edge": 0.0052716192876893775,
    "target_side": "YES",
    "required_edge": 0.035,
    "min_score": 2.5,
    "skip_gates": [
      "edge_insufficient=0.0053_req=0.035",
      "score_low=0.82_req=2.5",
      "bb_squeeze=0.0023"
    ],
    "strike_price": 67333.99,
    "distance": 9.589999999996508,
    "raw_deep_ofi": 0.0,
    "raw_cvd": 19.80000000000013,
    "raw_vpin": 0.0,
    "raw_deep_imbalance": 0.5,
    "raw_obi": -0.0026974099048778432,
    "monster_signal": false,
    "posterior_final_down": 0.42970982719159656
  },
  "performance": {
    "total_trades": 0,
    "closed_trades": 0,
    "wins": 0,
    "losses": 0,
    "win_rate": 0.0,
    "avg_trade": 0.0,
    "avg_pnl": 0.0,
    "total_pnl": 0,
    "profit_factor": 0.0,
    "sharpe": 0.0,
    "loss_streak": 0
  },
  "perf_db": {
    "total_trades": 0,
    "win_rate": 0.0,
    "profit_factor": 0.0,
    "sharpe_ratio": 0.0,
    "avg_pnl_per_trade": 0.0
  },
  "events": []
}