{
  "ts": 1772918475,
  "status": "HEALTHY",
  "balance": 6.767559,
  "wallet_usdc": 6.767559,
  "pm_collateral_usdc": 6.767559,
  "pm_available_usdc": 6.767559,
  "pm_allowance_usdc": 1.157920892373162e+71,
  "position": "FLAT",
  "runtime_ms": 3505,
  "latencies": {
    "data_fetch_all": 1529.5,
    "fetch_polymarket": 546.5,
    "total_cycle": 3505
  },
  "trades_15m": 0,
  "last_market_slug": "btc-updown-15m-1772918100",
  "last_condition_id": "0x5844e0356bf5aae1660098ca82153e313479bd2e41d1810249fd1a4127501375",
  "unclaimed_usdc": 0.0,
  "api_trade_history": [],
  "signal": {
    "atr14": 87.88452679005393,
    "expected_move": 116.26030098853816,
    "z_score": 0.17804873911377414,
    "posterior_fair_up": 0.5706576432970399,
    "posterior_final_up": 0.6768646252262478,
    "sigma_b": 0.3782946883352343,
    "bvol_multiplier": 1.2282946883352344,
    "signed_score": 8.66623269421702,
    "ema_score": 2.0,
    "vwap_score": -1.0,
    "rsi_score": 0.0,
    "atr_score": 0.0,
    "macd_score": 1.0,
    "stoch_score": 1.5,
    "mfi_score": 0.0,
    "obv_score": 0.5,
    "cvd_score": 1.2221422996542266,
    "ofi_score": 1.0,
    "imbalance_score": 0.0,
    "flow_accel_score": 1.0,
    "liq_vacuum_score": 0.0,
    "bb_position_score": 0.5,
    "cross_exch_score": -0.3,
    "accum_ofi_score": 0.0,
    "misprice_score": 0.0,
    "mtf_momentum_score": 0.0,
    "adx_stoch_boost": 0.0,
    "spread_pressure_score": 0.0,
    "oracle_lag_score": 0.0,
    "funding_rate_score": 0.0,
    "funding_rate": -4.178e-05,
    "vpin_proxy": 0.0,
    "deep_imbalance": 0.5,
    "deep_ofi": 0.0,
    "cvd": 1.4460000000000652,
    "obi": 0.11924006512325956,
    "yes_mid": 0.645,
    "no_mid": 0.355,
    "regime": "normal",
    "direction": "UP",
    "edge_up": 0.022126572849664017,
    "edge_down": -0.041000758023351846,
    "target_edge": 0.022126572849664017,
    "target_side": "YES",
    "required_edge": 0.035,
    "min_score": 2.5,
    "skip_gates": [
      "edge_insufficient=0.0221_req=0.035"
    ],
    "strike_price": 67401.99,
    "distance": 20.69999999999709,
    "raw_deep_ofi": 0.0,
    "raw_cvd": 1.4460000000000652,
    "raw_vpin": 0.0,
    "raw_deep_imbalance": 0.5,
    "raw_obi": 0.11924006512325956,
    "monster_signal": true,
    "posterior_final_down": 0.3231353747737522
  },
  "performance": {
    "total_trades": 0,
    "closed_trades": 0,
    "wins": 0,
    "losses": 0,
    "win_rate": 0.0,
    "avg_trade": 0.0,
    "avg_pnl": 0.0,
    "total_pnl": 0,
    "profit_factor": 0.0,
    "sharpe": 0.0,
    "loss_streak": 0
  },
  "perf_db": {
    "total_trades": 0,
    "win_rate": 0.0,
    "profit_factor": 0.0,
    "sharpe_ratio": 0.0,
    "avg_pnl_per_trade": 0.0
  },
  "events": []
}