{
  "ts": 1772870969,
  "status": "HEALTHY",
  "balance": 4.567559,
  "wallet_usdc": 4.567559,
  "pm_collateral_usdc": 4.567559,
  "pm_available_usdc": 4.567559,
  "pm_allowance_usdc": 1.157920892373162e+71,
  "position": "FLAT",
  "runtime_ms": 3251,
  "latencies": {
    "data_fetch_all": 1467.6,
    "fetch_polymarket": 406.1,
    "total_cycle": 3251
  },
  "trades_15m": 0,
  "last_market_slug": "btc-updown-15m-1772870400",
  "last_condition_id": "0xb53514635e9c784f1e807c9e0ea7b1811ad43f700f0519920e11e5593f8b4267",
  "unclaimed_usdc": 0.0,
  "api_trade_history": [],
  "signal": {
    "atr14": 86.24844518661611,
    "expected_move": 90.59508655445921,
    "z_score": -0.5512440232614824,
    "posterior_fair_up": 0.2907331750850948,
    "posterior_final_up": 0.1342659000002082,
    "sigma_b": 0.19669595821757613,
    "bvol_multiplier": 1.046695958217576,
    "signed_score": -0.37220540951398395,
    "ema_score": -2.0,
    "vwap_score": -1.0,
    "rsi_score": 0.0,
    "atr_score": 0.0,
    "macd_score": 1.0,
    "stoch_score": 1.0,
    "mfi_score": 0.0,
    "obv_score": -0.5,
    "cvd_score": 1.2221422996542266,
    "ofi_score": 1.0,
    "imbalance_score": 0.0,
    "flow_accel_score": 1.0,
    "liq_vacuum_score": 0.0,
    "bb_position_score": 0.0,
    "cross_exch_score": -0.3,
    "accum_ofi_score": 0.0,
    "misprice_score": -0.5,
    "mtf_momentum_score": 0.0,
    "adx_stoch_boost": -1.0,
    "spread_pressure_score": -0.0,
    "oracle_lag_score": 0.0,
    "funding_rate_score": 0.0,
    "funding_rate": 3.186e-05,
    "vpin_proxy": 0.0,
    "deep_imbalance": 0.5,
    "deep_ofi": 0.0,
    "cvd": -6.138000000000065,
    "obi": -0.40408878245637375,
    "yes_mid": 0.195,
    "no_mid": 0.805,
    "regime": "normal",
    "direction": "DOWN",
    "edge_up": -0.06788235439979515,
    "edge_down": 0.05244431041979247,
    "target_edge": 0.05244431041979247,
    "target_side": "NO",
    "required_edge": 0.035,
    "min_score": 2.5,
    "skip_gates": [
      "score_low=0.37_req=2.5"
    ],
    "strike_price": 67840.82,
    "distance": -49.94000000000233,
    "raw_deep_ofi": 0.0,
    "raw_cvd": -6.138000000000065,
    "raw_vpin": 0.0,
    "raw_deep_imbalance": 0.5,
    "raw_obi": -0.40408878245637375,
    "monster_signal": false,
    "posterior_final_down": 0.8657340999997918
  },
  "performance": {
    "total_trades": 0,
    "closed_trades": 0,
    "wins": 0,
    "losses": 0,
    "win_rate": 0.0,
    "avg_trade": 0.0,
    "avg_pnl": 0.0,
    "total_pnl": 0,
    "profit_factor": 0.0,
    "sharpe": 0.0,
    "loss_streak": 0
  },
  "perf_db": {
    "total_trades": 0,
    "win_rate": 0.0,
    "profit_factor": 0.0,
    "sharpe_ratio": 0.0,
    "avg_pnl_per_trade": 0.0
  },
  "events": []
}