{
  "ts": 1772936275,
  "status": "HEALTHY",
  "balance": 6.767559,
  "wallet_usdc": 6.767559,
  "pm_collateral_usdc": 6.767559,
  "pm_available_usdc": 6.767559,
  "pm_allowance_usdc": 1.157920892373162e+71,
  "position": "FLAT",
  "runtime_ms": 7068,
  "latencies": {
    "data_fetch_all": 2260.1,
    "fetch_polymarket": 2383.4,
    "total_cycle": 7068
  },
  "trades_15m": 0,
  "last_market_slug": "btc-updown-15m-1772936100",
  "last_condition_id": "0x9451e2ebe62ac7061943b4e054db4f73b9f11c62750f22b662b5ef6758f6db35",
  "unclaimed_usdc": 0.0,
  "api_trade_history": [],
  "signal": {
    "atr14": 73.43222378851321,
    "expected_move": 114.15503099778473,
    "z_score": 0.06911653328842361,
    "posterior_fair_up": 0.527551638947434,
    "posterior_final_up": 0.637836167642799,
    "sigma_b": 1.807479237456635,
    "bvol_multiplier": 2.0,
    "signed_score": 19.310999219515917,
    "ema_score": 2.0,
    "vwap_score": 1.0,
    "rsi_score": 0.0,
    "atr_score": 0.0,
    "macd_score": 1.0,
    "stoch_score": 1.5,
    "mfi_score": 0.0,
    "obv_score": 0.5,
    "cvd_score": 1.2221422996542266,
    "ofi_score": 1.0,
    "imbalance_score": 0.0,
    "flow_accel_score": 1.0,
    "liq_vacuum_score": 0.0,
    "bb_position_score": 0.5,
    "cross_exch_score": -0.3,
    "accum_ofi_score": 0.0,
    "misprice_score": 0.0,
    "mtf_momentum_score": 1.0,
    "adx_stoch_boost": 0.0,
    "spread_pressure_score": 0.0,
    "oracle_lag_score": 0.0,
    "funding_rate_score": 0.0,
    "funding_rate": -2.633e-05,
    "vpin_proxy": 0.0,
    "deep_imbalance": 0.5,
    "deep_ofi": 0.0,
    "cvd": 4.748999999999976,
    "obi": 0.03204752126003544,
    "yes_mid": 0.625,
    "no_mid": 0.375,
    "regime": "low",
    "direction": "UP",
    "edge_up": 0.0031161800022423414,
    "edge_down": -0.022326999164028305,
    "target_edge": 0.0031161800022423414,
    "target_side": "YES",
    "required_edge": 0.05,
    "min_score": 3.0,
    "skip_gates": [
      "edge_insufficient=0.0031_req=0.035",
      "monster_too_early_rem=12.1min"
    ],
    "strike_price": 67312.22,
    "distance": 7.889999999999418,
    "raw_deep_ofi": 0.0,
    "raw_cvd": 4.748999999999976,
    "raw_vpin": 0.0,
    "raw_deep_imbalance": 0.5,
    "raw_obi": 0.03204752126003544,
    "monster_signal": true,
    "posterior_final_down": 0.36216383235720095
  },
  "performance": {
    "total_trades": 0,
    "closed_trades": 0,
    "wins": 0,
    "losses": 0,
    "win_rate": 0.0,
    "avg_trade": 0.0,
    "avg_pnl": 0.0,
    "total_pnl": 0,
    "profit_factor": 0.0,
    "sharpe": 0.0,
    "loss_streak": 0
  },
  "perf_db": {
    "total_trades": 0,
    "win_rate": 0.0,
    "profit_factor": 0.0,
    "sharpe_ratio": 0.0,
    "avg_pnl_per_trade": 0.0
  },
  "events": []
}