{
  "ts": 1773697932,
  "status": "HEALTHY",
  "balance": 0.0,
  "wallet_usdc": null,
  "pm_collateral_usdc": 0.0,
  "pm_available_usdc": 0.0,
  "pm_allowance_usdc": 1.157920892373162e+71,
  "position": "FLAT",
  "runtime_ms": 3010,
  "latencies": {
    "data_fetch_all": 1297.2,
    "fetch_polymarket": 365.1,
    "total_cycle": 3010
  },
  "trades_15m": 0,
  "last_market_slug": "btc-updown-15m-1773697500",
  "last_condition_id": "0xe377cf2ca1bf02de1642add7dc673c48c17f075495c333012cf7688e969a0168",
  "unclaimed_usdc": 0.0,
  "api_trade_history": [],
  "signal": {
    "atr14": 172.86159085539703,
    "expected_move": 215.90405777838345,
    "z_score": 0.433572212413383,
    "posterior_fair_up": 0.6677004077157905,
    "posterior_final_up": 0.8619681189830461,
    "sigma_b": 0.35220238431941026,
    "bvol_multiplier": 1.2022023843194103,
    "signed_score": 13.844632759079794,
    "ema_score": 2.0,
    "vwap_score": 1.0,
    "rsi_score": 0.0,
    "atr_score": 1.0,
    "macd_score": 1.0,
    "stoch_score": 0.0,
    "mfi_score": 0.0,
    "obv_score": 0.5,
    "cvd_score": 1.0229404438510774,
    "ofi_score": 0.0,
    "imbalance_score": 1.0,
    "flow_accel_score": 1.0,
    "liq_vacuum_score": 0.0,
    "bb_position_score": 1.0,
    "cross_exch_score": -0.3,
    "accum_ofi_score": 0.0,
    "misprice_score": 0.0,
    "mtf_momentum_score": 1.0,
    "adx_stoch_boost": 1.0,
    "spread_pressure_score": 1.0,
    "oracle_lag_score": 0.0,
    "funding_rate_score": 0.0,
    "funding_rate": 3.026e-05,
    "vpin_proxy": 0.0,
    "deep_imbalance": 0.5,
    "deep_ofi": 0.0,
    "cvd": 0.32300000000001405,
    "obi": 0.28112461323331395,
    "yes_mid": 0.815,
    "no_mid": 0.185,
    "regime": "normal",
    "direction": "UP",
    "edge_up": 0.03886503375470718,
    "edge_down": -0.054204235455520805,
    "target_edge": 0.03886503375470718,
    "target_side": "YES",
    "required_edge": 0.035,
    "min_score": 2.5,
    "skip_gates": [],
    "strike_price": 74441.85,
    "distance": 93.61000000000058,
    "raw_deep_ofi": 0.0,
    "raw_cvd": 0.32300000000001405,
    "raw_vpin": 0.0,
    "raw_deep_imbalance": 0.5,
    "raw_obi": 0.28112461323331395,
    "monster_signal": true,
    "posterior_final_down": 0.13803188101695385
  },
  "performance": {
    "total_trades": 0,
    "closed_trades": 0,
    "wins": 0,
    "losses": 0,
    "win_rate": 0.0,
    "avg_trade": 0.0,
    "avg_pnl": 0.0,
    "total_pnl": 0,
    "profit_factor": 0.0,
    "sharpe": 0.0,
    "loss_streak": 0
  },
  "perf_db": {
    "total_trades": 0,
    "win_rate": 0.0,
    "profit_factor": 0.0,
    "sharpe_ratio": 0.0,
    "avg_pnl_per_trade": 0.0
  },
  "events": []
}