{
  "ts": 1773866937,
  "status": "HEALTHY",
  "balance": 0.0,
  "wallet_usdc": null,
  "pm_collateral_usdc": 0.0,
  "pm_available_usdc": 0.0,
  "pm_allowance_usdc": 1.157920892373162e+71,
  "position": "FLAT",
  "runtime_ms": 2747,
  "latencies": {
    "data_fetch_all": 406.0,
    "fetch_polymarket": 1286.4,
    "total_cycle": 2747
  },
  "trades_15m": 0,
  "last_market_slug": "btc-updown-15m-1773866700",
  "last_condition_id": "0xa1c8dfafe2dfb928e7940b7ce8be1bc88485cd5c0075592196a8e4c92c262b44",
  "unclaimed_usdc": 0.0,
  "api_trade_history": [],
  "signal": {
    "atr14": 179.02098384256732,
    "expected_move": 266.1338253016201,
    "z_score": -0.0006387763742755584,
    "posterior_fair_up": 0.4997451630019199,
    "posterior_final_up": 0.4348747390152064,
    "sigma_b": 0.23559109568931422,
    "bvol_multiplier": 1.0855910956893142,
    "signed_score": -1.1150685322343887,
    "ema_score": -2.0,
    "vwap_score": -1.0,
    "rsi_score": 0.0,
    "atr_score": -1.0,
    "macd_score": 1.0,
    "stoch_score": 1.0,
    "mfi_score": 0.0,
    "obv_score": -0.5,
    "cvd_score": 1.0229404438510774,
    "ofi_score": 0.0,
    "imbalance_score": 1.0,
    "flow_accel_score": 1.0,
    "liq_vacuum_score": 0.0,
    "bb_position_score": 0.0,
    "cross_exch_score": 0.5,
    "accum_ofi_score": 0.0,
    "misprice_score": 0.0,
    "mtf_momentum_score": 0.0,
    "adx_stoch_boost": 0.0,
    "spread_pressure_score": 0.0,
    "oracle_lag_score": -2.0,
    "funding_rate_score": 0.0,
    "funding_rate": 2.274e-05,
    "vpin_proxy": 0.0,
    "deep_imbalance": 0.5,
    "deep_ofi": 0.0,
    "cvd": 0.048999999999983626,
    "obi": -0.05331427629971623,
    "yes_mid": 0.435,
    "no_mid": 0.565,
    "regime": "normal",
    "direction": "DOWN",
    "edge_up": -0.009995858061763896,
    "edge_down": -0.009734816259675538,
    "target_edge": -0.009734816259675538,
    "target_side": "NO",
    "required_edge": 0.035,
    "min_score": 2.5,
    "skip_gates": [
      "edge_insufficient=-0.0097_req=0.035",
      "score_low=1.12_req=2.5",
      "early_window_rem=11.1min"
    ],
    "strike_price": 71169.34,
    "distance": -0.16999999999825377,
    "raw_deep_ofi": 0.0,
    "raw_cvd": 0.048999999999983626,
    "raw_vpin": 0.0,
    "raw_deep_imbalance": 0.5,
    "raw_obi": -0.05331427629971623,
    "monster_signal": false,
    "posterior_final_down": 0.5651252609847937
  },
  "performance": {
    "total_trades": 0,
    "closed_trades": 0,
    "wins": 0,
    "losses": 0,
    "win_rate": 0.0,
    "avg_trade": 0.0,
    "avg_pnl": 0.0,
    "total_pnl": 0,
    "profit_factor": 0.0,
    "sharpe": 0.0,
    "loss_streak": 0
  },
  "perf_db": {
    "total_trades": 0,
    "win_rate": 0.0,
    "profit_factor": 0.0,
    "sharpe_ratio": 0.0,
    "avg_pnl_per_trade": 0.0
  },
  "events": []
}