{
  "ts": 1774008315,
  "status": "HEALTHY",
  "balance": 0.0,
  "wallet_usdc": null,
  "pm_collateral_usdc": 0.0,
  "pm_available_usdc": 0.0,
  "pm_allowance_usdc": 1.157920892373162e+71,
  "position": "FLAT",
  "runtime_ms": 1608,
  "latencies": {
    "data_fetch_all": 366.3,
    "fetch_polymarket": 361.1,
    "total_cycle": 1608
  },
  "trades_15m": 0,
  "last_market_slug": "btc-updown-15m-1774008000",
  "last_condition_id": "0x205ff3b8fa9f8d3f433b29b1e34e48fc1e7465d375ec6107de9e60540168aff4",
  "unclaimed_usdc": 0.0,
  "api_trade_history": [],
  "signal": {
    "atr14": 126.8537278809174,
    "expected_move": 177.14159065760754,
    "z_score": -0.2795503857460557,
    "posterior_fair_up": 0.38991130309882105,
    "posterior_final_up": 0.6456008323097392,
    "sigma_b": 0.33246919991701446,
    "bvol_multiplier": 1.1824691999170145,
    "signed_score": -1.6875648816401594,
    "ema_score": -2.0,
    "vwap_score": 1.0,
    "rsi_score": 0.0,
    "atr_score": -1.0,
    "macd_score": -1.0,
    "stoch_score": 0.0,
    "mfi_score": 0.0,
    "obv_score": 0.5,
    "cvd_score": 1.0229404438510774,
    "ofi_score": 0.0,
    "imbalance_score": 1.0,
    "flow_accel_score": 1.0,
    "liq_vacuum_score": 0.0,
    "bb_position_score": -0.5,
    "cross_exch_score": 0.5,
    "accum_ofi_score": 0.0,
    "misprice_score": 0.0,
    "mtf_momentum_score": 0.0,
    "adx_stoch_boost": -1.0,
    "spread_pressure_score": 1.0,
    "oracle_lag_score": -2.0,
    "funding_rate_score": 0.0,
    "funding_rate": -2.606e-05,
    "vpin_proxy": 0.0,
    "deep_imbalance": 0.5,
    "deep_ofi": 0.0,
    "cvd": 89.11199999999971,
    "obi": 0.2515511357506122,
    "yes_mid": 0.695,
    "no_mid": 0.305,
    "regime": "normal",
    "direction": "UP",
    "edge_up": -0.058272772684119234,
    "edge_down": 0.03950845917613521,
    "target_edge": -0.058272772684119234,
    "target_side": "YES",
    "required_edge": 0.035,
    "min_score": 2.5,
    "skip_gates": [
      "edge_insufficient=-0.0583_req=0.035",
      "score_low=1.69_req=2.5",
      "early_window_rem=9.8min"
    ],
    "strike_price": 70472.89,
    "distance": -49.520000000004075,
    "raw_deep_ofi": 0.0,
    "raw_cvd": 89.11199999999971,
    "raw_vpin": 0.0,
    "raw_deep_imbalance": 0.5,
    "raw_obi": 0.2515511357506122,
    "monster_signal": false,
    "posterior_final_down": 0.3543991676902608
  },
  "performance": {
    "total_trades": 0,
    "closed_trades": 0,
    "wins": 0,
    "losses": 0,
    "win_rate": 0.0,
    "avg_trade": 0.0,
    "avg_pnl": 0.0,
    "total_pnl": 0,
    "profit_factor": 0.0,
    "sharpe": 0.0,
    "loss_streak": 0
  },
  "perf_db": {
    "total_trades": 0,
    "win_rate": 0.0,
    "profit_factor": 0.0,
    "sharpe_ratio": 0.0,
    "avg_pnl_per_trade": 0.0
  },
  "events": []
}