{
  "ts": 1772866378,
  "status": "HEALTHY",
  "balance": 4.567559,
  "wallet_usdc": 4.567559,
  "pm_collateral_usdc": 4.567559,
  "pm_available_usdc": 4.567559,
  "pm_allowance_usdc": 1.157920892373162e+71,
  "position": "FLAT",
  "runtime_ms": 2004,
  "latencies": {
    "data_fetch_all": 408.3,
    "fetch_polymarket": 351.3,
    "total_cycle": 2004
  },
  "trades_15m": 0,
  "last_market_slug": "btc-updown-15m-1772865900",
  "last_condition_id": "0x1884ccebf4d5c4ac9ae5a866d5f0e642f6b7e49a9e1113cbc668907d8aaa53f6",
  "unclaimed_usdc": 0.0,
  "api_trade_history": [],
  "signal": {
    "atr14": 68.24472936025484,
    "expected_move": 80.94028214393147,
    "z_score": -0.4115379773542722,
    "posterior_fair_up": 0.34033909419751635,
    "posterior_final_up": 0.025390252940667213,
    "sigma_b": 0.4937901940609771,
    "bvol_multiplier": 1.343790194060977,
    "signed_score": 0.3821735116681993,
    "ema_score": -2.0,
    "vwap_score": 1.0,
    "rsi_score": 0.0,
    "atr_score": 0.0,
    "macd_score": -1.0,
    "stoch_score": 0.0,
    "mfi_score": 0.0,
    "obv_score": -0.5,
    "cvd_score": 1.2221422996542266,
    "ofi_score": 1.0,
    "imbalance_score": 0.0,
    "flow_accel_score": 1.0,
    "liq_vacuum_score": 0.0,
    "bb_position_score": -0.5,
    "cross_exch_score": -0.5,
    "accum_ofi_score": 0.0,
    "misprice_score": 0.0,
    "mtf_momentum_score": 0.0,
    "adx_stoch_boost": -1.0,
    "spread_pressure_score": -0.0,
    "oracle_lag_score": 2.0,
    "funding_rate_score": 0.0,
    "funding_rate": 3.049e-05,
    "vpin_proxy": 0.0,
    "deep_imbalance": 0.5,
    "deep_ofi": 0.0,
    "cvd": 1.6800000000004522,
    "obi": -0.6661563884582876,
    "yes_mid": 0.035,
    "no_mid": 0.965,
    "regime": "low",
    "direction": "DOWN",
    "edge_up": -0.015097239915793599,
    "edge_down": 0.004024981211097178,
    "target_edge": 0.004024981211097178,
    "target_side": "NO",
    "required_edge": 0.05,
    "min_score": 3.0,
    "skip_gates": [],
    "strike_price": 67934.65,
    "distance": -33.30999999999767,
    "raw_deep_ofi": 0.0,
    "raw_cvd": 1.6800000000004522,
    "raw_vpin": 0.0,
    "raw_deep_imbalance": 0.5,
    "raw_obi": -0.6661563884582876,
    "monster_signal": true,
    "posterior_final_down": 0.9746097470593328
  },
  "performance": {
    "total_trades": 0,
    "closed_trades": 0,
    "wins": 0,
    "losses": 0,
    "win_rate": 0.0,
    "avg_trade": 0.0,
    "avg_pnl": 0.0,
    "total_pnl": 0,
    "profit_factor": 0.0,
    "sharpe": 0.0,
    "loss_streak": 0
  },
  "perf_db": {
    "total_trades": 0,
    "win_rate": 0.0,
    "profit_factor": 0.0,
    "sharpe_ratio": 0.0,
    "avg_pnl_per_trade": 0.0
  },
  "events": []
}