{
  "ts": 1773092998,
  "status": "HEALTHY",
  "balance": 9.946398,
  "wallet_usdc": 9.946398,
  "pm_collateral_usdc": 9.946398,
  "pm_available_usdc": 9.946398,
  "pm_allowance_usdc": 1.157920892373162e+71,
  "position": "FLAT",
  "runtime_ms": 3470,
  "latencies": {
    "data_fetch_all": 1160.2,
    "fetch_polymarket": 386.7,
    "total_cycle": 3470
  },
  "trades_15m": 0,
  "last_market_slug": "btc-updown-15m-1773092700",
  "last_condition_id": "0xef81c5bd71da2f264ba330626a483d2f630bd44d3157a4fde2e0ef12ac7c00ca",
  "unclaimed_usdc": 0.0,
  "api_trade_history": [],
  "signal": {
    "atr14": 174.08388954405453,
    "expected_move": 246.60177588215325,
    "z_score": -0.16488121326190147,
    "posterior_fair_up": 0.4345187357256621,
    "posterior_final_up": 0.4920917617101194,
    "sigma_b": 0.1392819814847189,
    "bvol_multiplier": 0.9892819814847189,
    "signed_score": 0.6770642792806059,
    "ema_score": -2.0,
    "vwap_score": 1.0,
    "rsi_score": 0.0,
    "atr_score": -1.0,
    "macd_score": -1.0,
    "stoch_score": 0.0,
    "mfi_score": 0.0,
    "obv_score": 2.5,
    "cvd_score": 1.2221422996542266,
    "ofi_score": 1.0,
    "imbalance_score": 0.0,
    "flow_accel_score": 1.0,
    "liq_vacuum_score": 0.0,
    "bb_position_score": 0.0,
    "cross_exch_score": -0.5,
    "accum_ofi_score": 0.0,
    "misprice_score": 0.0,
    "mtf_momentum_score": 0.0,
    "adx_stoch_boost": -1.0,
    "spread_pressure_score": 0.0,
    "oracle_lag_score": 0.0,
    "funding_rate_score": 0.0,
    "funding_rate": -3.527e-05,
    "vpin_proxy": 0.0,
    "deep_imbalance": 0.5,
    "deep_ofi": 0.0,
    "cvd": 30.089000000000183,
    "obi": 0.12937557998020469,
    "yes_mid": 0.525,
    "no_mid": 0.475,
    "regime": "normal",
    "direction": "DOWN",
    "edge_up": -0.04253390084995573,
    "edge_down": 0.022625992611665757,
    "target_edge": 0.022625992611665757,
    "target_side": "NO",
    "required_edge": 0.035,
    "min_score": 2.5,
    "skip_gates": [
      "edge_insufficient=0.0226_req=0.035",
      "score_low=0.68_req=2.5",
      "early_window_rem=10.0min"
    ],
    "strike_price": 68955.12,
    "distance": -40.65999999998894,
    "raw_deep_ofi": 0.0,
    "raw_cvd": 30.089000000000183,
    "raw_vpin": 0.0,
    "raw_deep_imbalance": 0.5,
    "raw_obi": 0.12937557998020469,
    "monster_signal": false,
    "posterior_final_down": 0.5079082382898805
  },
  "performance": {
    "total_trades": 0,
    "closed_trades": 0,
    "wins": 0,
    "losses": 0,
    "win_rate": 0.0,
    "avg_trade": 0.0,
    "avg_pnl": 0.0,
    "total_pnl": 0,
    "profit_factor": 0.0,
    "sharpe": 0.0,
    "loss_streak": 0
  },
  "perf_db": {
    "total_trades": 0,
    "win_rate": 0.0,
    "profit_factor": 0.0,
    "sharpe_ratio": 0.0,
    "avg_pnl_per_trade": 0.0
  },
  "events": []
}