{
  "ts": 1773320824,
  "status": "HEALTHY",
  "balance": 0.0,
  "wallet_usdc": null,
  "pm_collateral_usdc": 0.0,
  "pm_available_usdc": 0.0,
  "pm_allowance_usdc": 1.157920892373162e+71,
  "position": "FLAT",
  "runtime_ms": 2041,
  "latencies": {
    "data_fetch_all": 404.3,
    "fetch_polymarket": 440.4,
    "total_cycle": 2041
  },
  "trades_15m": 0,
  "last_market_slug": "btc-updown-15m-1773320400",
  "last_condition_id": "0x3245df062c2750d7c2e7e7e4927667d0009eb0e871d202bee4d0f15f5966e28f",
  "unclaimed_usdc": 0.0,
  "api_trade_history": [],
  "signal": {
    "atr14": 143.52128258070158,
    "expected_move": 180.7836522063335,
    "z_score": -0.037945908915320896,
    "posterior_fair_up": 0.4848653442278142,
    "posterior_final_up": 0.820585428256521,
    "sigma_b": 0.2232941106036833,
    "bvol_multiplier": 1.0732941106036833,
    "signed_score": -10.826210068356968,
    "ema_score": -2.0,
    "vwap_score": -1.0,
    "rsi_score": 0.0,
    "atr_score": -1.0,
    "macd_score": -1.0,
    "stoch_score": 0.0,
    "mfi_score": 0.0,
    "obv_score": 0.5,
    "cvd_score": 1.0187146795503175,
    "ofi_score": -2.0,
    "imbalance_score": -1.0,
    "flow_accel_score": -1.0,
    "liq_vacuum_score": 0.0,
    "bb_position_score": 0.0,
    "cross_exch_score": 0.3,
    "accum_ofi_score": 0.0,
    "misprice_score": 0.0,
    "mtf_momentum_score": -1.0,
    "adx_stoch_boost": 1.0,
    "spread_pressure_score": -1.0,
    "oracle_lag_score": -2.0,
    "funding_rate_score": 0.0,
    "funding_rate": -4.62e-05,
    "vpin_proxy": 0.0,
    "deep_imbalance": 0.5,
    "deep_ofi": 0.0,
    "cvd": 122.81799999999913,
    "obi": 0.23877644566346437,
    "yes_mid": 0.825,
    "no_mid": 0.175,
    "regime": "normal",
    "direction": "UP",
    "edge_up": -0.012204562199551017,
    "edge_down": -0.003527827233114067,
    "target_edge": -0.012204562199551017,
    "target_side": "YES",
    "required_edge": 0.035,
    "min_score": 2.5,
    "skip_gates": [
      "edge_insufficient=-0.0122_req=0.035"
    ],
    "strike_price": 70401.1,
    "distance": -6.860000000000582,
    "raw_deep_ofi": 0.0,
    "raw_cvd": 122.81799999999913,
    "raw_vpin": 0.0,
    "raw_deep_imbalance": 0.5,
    "raw_obi": 0.23877644566346437,
    "monster_signal": true,
    "posterior_final_down": 0.17941457174347897
  },
  "performance": {
    "total_trades": 0,
    "closed_trades": 0,
    "wins": 0,
    "losses": 0,
    "win_rate": 0.0,
    "avg_trade": 0.0,
    "avg_pnl": 0.0,
    "total_pnl": 0,
    "profit_factor": 0.0,
    "sharpe": 0.0,
    "loss_streak": 0
  },
  "perf_db": {
    "total_trades": 0,
    "win_rate": 0.0,
    "profit_factor": 0.0,
    "sharpe_ratio": 0.0,
    "avg_pnl_per_trade": 0.0
  },
  "events": []
}