{
  "ts": 1773018556,
  "status": "HEALTHY",
  "balance": 6.767559,
  "wallet_usdc": 6.767559,
  "pm_collateral_usdc": 6.767559,
  "pm_available_usdc": 6.767559,
  "pm_allowance_usdc": 1.157920892373162e+71,
  "position": "FLAT",
  "runtime_ms": 6045,
  "latencies": {
    "data_fetch_all": 985.4,
    "fetch_polymarket": 388.9,
    "total_cycle": 6045
  },
  "trades_15m": 0,
  "last_market_slug": "btc-updown-15m-1773018000",
  "last_condition_id": "0xe5ee820f97c84b57d9ce1844aaad74fb21361ef6f589a9c15ba07d1fc1eeb2b9",
  "unclaimed_usdc": 0.0,
  "api_trade_history": [],
  "signal": {
    "atr14": 202.0109625178445,
    "expected_move": 216.31843478400674,
    "z_score": -0.5445675497681269,
    "posterior_fair_up": 0.29302546461481277,
    "posterior_final_up": 0.07719928664081707,
    "sigma_b": 0.3687788823653879,
    "bvol_multiplier": 1.218778882365388,
    "signed_score": 4.344215067808183,
    "ema_score": 2.0,
    "vwap_score": -1.0,
    "rsi_score": 0.0,
    "atr_score": 1.0,
    "macd_score": -1.0,
    "stoch_score": 0.0,
    "mfi_score": 0.0,
    "obv_score": 2.5,
    "cvd_score": 1.2221422996542266,
    "ofi_score": 1.0,
    "imbalance_score": 0.0,
    "flow_accel_score": 1.0,
    "liq_vacuum_score": 0.0,
    "bb_position_score": 0.0,
    "cross_exch_score": -0.3,
    "accum_ofi_score": 0.0,
    "misprice_score": 0.0,
    "mtf_momentum_score": -1.0,
    "adx_stoch_boost": -1.0,
    "spread_pressure_score": -0.0,
    "oracle_lag_score": 0.0,
    "funding_rate_score": 0.0,
    "funding_rate": -6.784e-05,
    "vpin_proxy": 0.0,
    "deep_imbalance": 0.5,
    "deep_ofi": 0.0,
    "cvd": -113.9460000000005,
    "obi": -0.21934255436575054,
    "yes_mid": 0.11499999999999999,
    "no_mid": 0.885,
    "regime": "high",
    "direction": "DOWN",
    "edge_up": -0.044159420804061295,
    "edge_down": 0.03077055178979271,
    "target_edge": 0.03077055178979271,
    "target_side": "NO",
    "required_edge": 0.025,
    "min_score": 2.0,
    "skip_gates": [
      "edge_insufficient=0.0308_req=0.035"
    ],
    "strike_price": 66354.35,
    "distance": -117.80000000000291,
    "raw_deep_ofi": 0.0,
    "raw_cvd": -113.9460000000005,
    "raw_vpin": 0.0,
    "raw_deep_imbalance": 0.5,
    "raw_obi": -0.21934255436575054,
    "monster_signal": true,
    "posterior_final_down": 0.9228007133591829
  },
  "performance": {
    "total_trades": 0,
    "closed_trades": 0,
    "wins": 0,
    "losses": 0,
    "win_rate": 0.0,
    "avg_trade": 0.0,
    "avg_pnl": 0.0,
    "total_pnl": 0,
    "profit_factor": 0.0,
    "sharpe": 0.0,
    "loss_streak": 0
  },
  "perf_db": {
    "total_trades": 0,
    "win_rate": 0.0,
    "profit_factor": 0.0,
    "sharpe_ratio": 0.0,
    "avg_pnl_per_trade": 0.0
  },
  "events": []
}