{
  "ts": 1773096508,
  "status": "HEALTHY",
  "balance": 12.869402,
  "wallet_usdc": 12.869402,
  "pm_collateral_usdc": 12.869402,
  "pm_available_usdc": 12.869402,
  "pm_allowance_usdc": 1.157920892373162e+71,
  "position": "FLAT",
  "runtime_ms": 4109,
  "latencies": {
    "data_fetch_all": 1577.7,
    "fetch_polymarket": 1154.3,
    "total_cycle": 4109
  },
  "trades_15m": 0,
  "last_market_slug": "btc-updown-15m-1773096300",
  "last_condition_id": "0xce2ef75e19c9ae66806661e47c2a27a8a68b6de0ecd1c217d387ecd78675f760",
  "unclaimed_usdc": 0.0,
  "api_trade_history": [],
  "signal": {
    "atr14": 134.16468642193553,
    "expected_move": 203.7654930978733,
    "z_score": -0.10845801054929416,
    "posterior_fair_up": 0.4568161418493425,
    "posterior_final_up": 0.3549366843158185,
    "sigma_b": 0.17668187386199477,
    "bvol_multiplier": 1.0266818738619947,
    "signed_score": -2.5827212424107784,
    "ema_score": -2.0,
    "vwap_score": 1.0,
    "rsi_score": 0.0,
    "atr_score": -1.0,
    "macd_score": -1.0,
    "stoch_score": 0.0,
    "mfi_score": 0.0,
    "obv_score": -0.5,
    "cvd_score": 1.2221422996542266,
    "ofi_score": 1.0,
    "imbalance_score": 0.0,
    "flow_accel_score": 1.0,
    "liq_vacuum_score": 0.0,
    "bb_position_score": -1.0,
    "cross_exch_score": -0.5,
    "accum_ofi_score": 0.0,
    "misprice_score": 0.0,
    "mtf_momentum_score": 0.0,
    "adx_stoch_boost": -1.0,
    "spread_pressure_score": 0.0,
    "oracle_lag_score": 0.0,
    "funding_rate_score": 0.0,
    "funding_rate": -3.223e-05,
    "vpin_proxy": 0.0,
    "deep_imbalance": 0.5,
    "deep_ofi": 0.0,
    "cvd": -9.03800000000041,
    "obi": -0.08230069465615607,
    "yes_mid": 0.375,
    "no_mid": 0.625,
    "regime": "normal",
    "direction": "DOWN",
    "edge_up": -0.029464530569697667,
    "edge_down": 0.010289847148118647,
    "target_edge": 0.010289847148118647,
    "target_side": "NO",
    "required_edge": 0.035,
    "min_score": 2.5,
    "skip_gates": [
      "edge_insufficient=0.0103_req=0.035",
      "early_window_rem=11.5min"
    ],
    "strike_price": 68749.2,
    "distance": -22.09999999999127,
    "raw_deep_ofi": 0.0,
    "raw_cvd": -9.03800000000041,
    "raw_vpin": 0.0,
    "raw_deep_imbalance": 0.5,
    "raw_obi": -0.08230069465615607,
    "monster_signal": false,
    "posterior_final_down": 0.6450633156841815
  },
  "performance": {
    "total_trades": 0,
    "closed_trades": 0,
    "wins": 0,
    "losses": 0,
    "win_rate": 0.0,
    "avg_trade": 0.0,
    "avg_pnl": 0.0,
    "total_pnl": 0,
    "profit_factor": 0.0,
    "sharpe": 0.0,
    "loss_streak": 0
  },
  "perf_db": {
    "total_trades": 0,
    "win_rate": 0.0,
    "profit_factor": 0.0,
    "sharpe_ratio": 0.0,
    "avg_pnl_per_trade": 0.0
  },
  "events": []
}