{
  "ts": 1773596995,
  "status": "HEALTHY",
  "balance": 0.0,
  "wallet_usdc": null,
  "pm_collateral_usdc": 0.0,
  "pm_available_usdc": 0.0,
  "pm_allowance_usdc": 1.157920892373162e+71,
  "position": "FLAT",
  "runtime_ms": 3059,
  "latencies": {
    "data_fetch_all": 502.5,
    "fetch_polymarket": 591.1,
    "total_cycle": 3059
  },
  "trades_15m": 0,
  "last_market_slug": "btc-updown-15m-1773596700",
  "last_condition_id": "0x049ef4ef92eb87d25e09fb0a13bcef262dcf2414e60d308ceafc37b4f4cd9612",
  "unclaimed_usdc": 0.0,
  "api_trade_history": [],
  "signal": {
    "atr14": 70.6206361327846,
    "expected_move": 100.28793413497777,
    "z_score": 0.2361201295475545,
    "posterior_fair_up": 0.5933302245833777,
    "posterior_final_up": 0.7791974272130371,
    "sigma_b": 0.11167774197973304,
    "bvol_multiplier": 0.9616777419797331,
    "signed_score": 2.7378342415349173,
    "ema_score": 2.0,
    "vwap_score": 1.0,
    "rsi_score": 0.0,
    "atr_score": 0.0,
    "macd_score": 1.0,
    "stoch_score": 1.5,
    "mfi_score": 0.0,
    "obv_score": -0.5,
    "cvd_score": -1.0590442358826666,
    "ofi_score": -2.0,
    "imbalance_score": 1.0,
    "flow_accel_score": -1.0,
    "liq_vacuum_score": 0.0,
    "bb_position_score": 1.0,
    "cross_exch_score": -0.3,
    "accum_ofi_score": 0.0,
    "misprice_score": 0.0,
    "mtf_momentum_score": 1.0,
    "adx_stoch_boost": -1.0,
    "spread_pressure_score": 1.0,
    "oracle_lag_score": 0.0,
    "funding_rate_score": 0.0,
    "funding_rate": 3.989e-05,
    "vpin_proxy": 0.0,
    "deep_imbalance": 0.5,
    "deep_ofi": 0.0,
    "cvd": 7.8859999999998,
    "obi": 0.1734432038266381,
    "yes_mid": 0.745,
    "no_mid": 0.255,
    "regime": "low",
    "direction": "UP",
    "edge_up": 0.02530144007697188,
    "edge_down": -0.04246530529028417,
    "target_edge": 0.02530144007697188,
    "target_side": "YES",
    "required_edge": 0.05,
    "min_score": 3.0,
    "skip_gates": [
      "edge_insufficient=0.0253_req=0.035",
      "score_low=2.74_req=3.0",
      "early_window_rem=10.1min"
    ],
    "strike_price": 71542.28,
    "distance": 23.680000000007567,
    "raw_deep_ofi": 0.0,
    "raw_cvd": 7.8859999999998,
    "raw_vpin": 0.0,
    "raw_deep_imbalance": 0.5,
    "raw_obi": 0.1734432038266381,
    "monster_signal": false,
    "posterior_final_down": 0.22080257278696291
  },
  "performance": {
    "total_trades": 0,
    "closed_trades": 0,
    "wins": 0,
    "losses": 0,
    "win_rate": 0.0,
    "avg_trade": 0.0,
    "avg_pnl": 0.0,
    "total_pnl": 0,
    "profit_factor": 0.0,
    "sharpe": 0.0,
    "loss_streak": 0
  },
  "perf_db": {
    "total_trades": 0,
    "win_rate": 0.0,
    "profit_factor": 0.0,
    "sharpe_ratio": 0.0,
    "avg_pnl_per_trade": 0.0
  },
  "events": []
}