{
  "ts": 1773748590,
  "status": "HEALTHY",
  "balance": 0.0,
  "wallet_usdc": null,
  "pm_collateral_usdc": 0.0,
  "pm_available_usdc": 0.0,
  "pm_allowance_usdc": 1.157920892373162e+71,
  "position": "FLAT",
  "runtime_ms": 1859,
  "latencies": {
    "data_fetch_all": 408.8,
    "fetch_polymarket": 512.2,
    "total_cycle": 1859
  },
  "trades_15m": 0,
  "last_market_slug": "btc-updown-15m-1773747900",
  "last_condition_id": "0x289dcd2b842b54c80a506b06ab29b34e2eeb085980458f20c2bcf2ba0cbd33d2",
  "unclaimed_usdc": 0.0,
  "api_trade_history": [],
  "signal": {
    "atr14": 130.45292062379642,
    "expected_move": 109.14474403055316,
    "z_score": 0.2566316889448053,
    "posterior_fair_up": 0.6012683873218603,
    "posterior_final_up": 0.39276261735304363,
    "sigma_b": 0.28240230873676514,
    "bvol_multiplier": 1.1324023087367652,
    "signed_score": 10.209805246737169,
    "ema_score": 2.0,
    "vwap_score": 1.0,
    "rsi_score": 0.0,
    "atr_score": 1.0,
    "macd_score": 1.0,
    "stoch_score": 1.5,
    "mfi_score": 0.0,
    "obv_score": -0.5,
    "cvd_score": 1.0229404438510774,
    "ofi_score": 0.0,
    "imbalance_score": 1.0,
    "flow_accel_score": 1.0,
    "liq_vacuum_score": 0.0,
    "bb_position_score": 1.0,
    "cross_exch_score": -0.3,
    "accum_ofi_score": 0.0,
    "misprice_score": 0.0,
    "mtf_momentum_score": 1.0,
    "adx_stoch_boost": -1.0,
    "spread_pressure_score": 0.0,
    "oracle_lag_score": 0.0,
    "funding_rate_score": 0.0,
    "funding_rate": -3.078e-05,
    "vpin_proxy": 0.0,
    "deep_imbalance": 0.5,
    "deep_ofi": 0.0,
    "cvd": 67.33599999999926,
    "obi": -0.3047936200319535,
    "yes_mid": 0.345,
    "no_mid": 0.655,
    "regime": "normal",
    "direction": "DOWN",
    "edge_up": 0.03765670332745408,
    "edge_down": -0.05689183155504296,
    "target_edge": -0.05689183155504296,
    "target_side": "NO",
    "required_edge": 0.035,
    "min_score": 2.5,
    "skip_gates": [
      "edge_insufficient=-0.0569_req=0.035"
    ],
    "strike_price": 74119.7,
    "distance": 28.010000000009313,
    "raw_deep_ofi": 0.0,
    "raw_cvd": 67.33599999999926,
    "raw_vpin": 0.0,
    "raw_deep_imbalance": 0.5,
    "raw_obi": -0.3047936200319535,
    "monster_signal": true,
    "posterior_final_down": 0.6072373826469564
  },
  "performance": {
    "total_trades": 0,
    "closed_trades": 0,
    "wins": 0,
    "losses": 0,
    "win_rate": 0.0,
    "avg_trade": 0.0,
    "avg_pnl": 0.0,
    "total_pnl": 0,
    "profit_factor": 0.0,
    "sharpe": 0.0,
    "loss_streak": 0
  },
  "perf_db": {
    "total_trades": 0,
    "win_rate": 0.0,
    "profit_factor": 0.0,
    "sharpe_ratio": 0.0,
    "avg_pnl_per_trade": 0.0
  },
  "events": []
}