{
  "ts": 1773045543,
  "status": "HEALTHY",
  "balance": 5.808707,
  "wallet_usdc": 5.808707,
  "pm_collateral_usdc": 5.808707,
  "pm_available_usdc": 5.808707,
  "pm_allowance_usdc": 1.157920892373162e+71,
  "position": "FLAT",
  "runtime_ms": 1466,
  "latencies": {
    "data_fetch_all": 369.3,
    "fetch_polymarket": 335.3,
    "total_cycle": 1466
  },
  "trades_15m": 0,
  "last_market_slug": "btc-updown-15m-1773045000",
  "last_condition_id": "0x3b515c18dd85fea8dd53b2c47d8da9ff98d4eea8f2a3823101fef581aeeb8d55",
  "unclaimed_usdc": 0.0,
  "api_trade_history": [],
  "signal": {
    "atr14": 153.7722991602463,
    "expected_move": 167.74577427447662,
    "z_score": -0.14116600017146333,
    "posterior_fair_up": 0.44386937747000915,
    "posterior_final_up": 0.3538211730353536,
    "sigma_b": 0.22910702139688877,
    "bvol_multiplier": 1.0791070213968887,
    "signed_score": 12.901263573197577,
    "ema_score": 2.0,
    "vwap_score": 1.0,
    "rsi_score": 0.0,
    "atr_score": 1.0,
    "macd_score": 1.0,
    "stoch_score": 1.5,
    "mfi_score": 0.0,
    "obv_score": 2.5,
    "cvd_score": 1.2221422996542266,
    "ofi_score": 1.0,
    "imbalance_score": 0.0,
    "flow_accel_score": 1.0,
    "liq_vacuum_score": 0.0,
    "bb_position_score": 1.0,
    "cross_exch_score": -0.5,
    "accum_ofi_score": 0.0,
    "misprice_score": 0.0,
    "mtf_momentum_score": 1.0,
    "adx_stoch_boost": -1.0,
    "spread_pressure_score": -0.0,
    "oracle_lag_score": 0.0,
    "funding_rate_score": 0.0,
    "funding_rate": -5.11e-05,
    "vpin_proxy": 0.0,
    "deep_imbalance": 0.5,
    "deep_ofi": 0.0,
    "cvd": 36.087000000000174,
    "obi": -0.3255108831248989,
    "yes_mid": 0.38,
    "no_mid": 0.615,
    "regime": "normal",
    "direction": "DOWN",
    "edge_up": -0.04049544527567772,
    "edge_down": 0.02126786787971513,
    "target_edge": 0.02126786787971513,
    "target_side": "NO",
    "required_edge": 0.035,
    "min_score": 2.5,
    "skip_gates": [
      "edge_insufficient=0.0213_req=0.035"
    ],
    "strike_price": 67799.03,
    "distance": -23.679999999993015,
    "raw_deep_ofi": 0.0,
    "raw_cvd": 36.087000000000174,
    "raw_vpin": 0.0,
    "raw_deep_imbalance": 0.5,
    "raw_obi": -0.3255108831248989,
    "monster_signal": true,
    "posterior_final_down": 0.6461788269646465
  },
  "performance": {
    "total_trades": 0,
    "closed_trades": 0,
    "wins": 0,
    "losses": 0,
    "win_rate": 0.0,
    "avg_trade": 0.0,
    "avg_pnl": 0.0,
    "total_pnl": 0,
    "profit_factor": 0.0,
    "sharpe": 0.0,
    "loss_streak": 0
  },
  "perf_db": {
    "total_trades": 0,
    "win_rate": 0.0,
    "profit_factor": 0.0,
    "sharpe_ratio": 0.0,
    "avg_pnl_per_trade": 0.0
  },
  "events": []
}