{
  "ts": 1773265224,
  "status": "HEALTHY",
  "balance": 3.785478,
  "wallet_usdc": 3.785478,
  "pm_collateral_usdc": 3.785478,
  "pm_available_usdc": 3.785478,
  "pm_allowance_usdc": 1.157920892373162e+71,
  "position": "FLAT",
  "runtime_ms": 2054,
  "latencies": {
    "data_fetch_all": 406.4,
    "fetch_polymarket": 325.4,
    "total_cycle": 2054
  },
  "trades_15m": 0,
  "last_market_slug": "btc-updown-15m-1773264600",
  "last_condition_id": "0x6434bdd653403b526290c6a4b1101f80de89e0f93c01fa978c5bcb43982f4fbe",
  "unclaimed_usdc": 0.0,
  "api_trade_history": [
    {
      "slug": "btc-updown-15m-1773264600",
      "outcome": "Up",
      "size": 6.983614,
      "entry_price": 0.879745,
      "exit_price": 0.9350000000000002,
      "realized_pnl": -0.125528,
      "percent_pnl": -64.6559976417842,
      "timestamp": "2026-03-11"
    }
  ],
  "signal": {
    "atr14": 109.33462438140614,
    "expected_move": 104.8700876395806,
    "z_score": 0.9839793436106683,
    "posterior_fair_up": 0.8374371616426617,
    "posterior_final_up": 0.9199101633251784,
    "sigma_b": 0.4045193519662511,
    "bvol_multiplier": 1.254519351966251,
    "signed_score": 11.862107242950694,
    "ema_score": 2.0,
    "vwap_score": 1.0,
    "rsi_score": 0.0,
    "atr_score": 0.0,
    "macd_score": 1.0,
    "stoch_score": 0.0,
    "mfi_score": 0.0,
    "obv_score": 0.5,
    "cvd_score": 1.2221422996542266,
    "ofi_score": 1.0,
    "imbalance_score": 0.0,
    "flow_accel_score": 1.0,
    "liq_vacuum_score": 0.0,
    "bb_position_score": 0.5,
    "cross_exch_score": -0.5,
    "accum_ofi_score": 0.0,
    "misprice_score": 0.5,
    "mtf_momentum_score": 1.0,
    "adx_stoch_boost": 1.0,
    "spread_pressure_score": 0.0,
    "oracle_lag_score": 0.0,
    "funding_rate_score": 0.0,
    "funding_rate": -7.893e-05,
    "vpin_proxy": 0.0,
    "deep_imbalance": 0.5,
    "deep_ofi": 0.0,
    "cvd": 81.65499999999987,
    "obi": 0.2790782426570151,
    "yes_mid": 0.835,
    "no_mid": 0.165,
    "regime": "normal",
    "direction": "UP",
    "edge_up": 0.07696645080253783,
    "edge_down": -0.09123965461398044,
    "target_edge": 0.07696645080253783,
    "target_side": "YES",
    "required_edge": 0.035,
    "min_score": 2.5,
    "skip_gates": [],
    "strike_price": 70571.96,
    "distance": 103.18999999998778,
    "raw_deep_ofi": 0.0,
    "raw_cvd": 81.65499999999987,
    "raw_vpin": 0.0,
    "raw_deep_imbalance": 0.5,
    "raw_obi": 0.2790782426570151,
    "monster_signal": true,
    "posterior_final_down": 0.08008983667482161
  },
  "performance": {
    "total_trades": 0,
    "closed_trades": 0,
    "wins": 0,
    "losses": 0,
    "win_rate": 0.0,
    "avg_trade": 0.0,
    "avg_pnl": 0.0,
    "total_pnl": 0,
    "profit_factor": 0.0,
    "sharpe": 0.0,
    "loss_streak": 0
  },
  "perf_db": {
    "total_trades": 0,
    "win_rate": 0.0,
    "profit_factor": 0.0,
    "sharpe_ratio": 0.0,
    "avg_pnl_per_trade": 0.0
  },
  "events": []
}