{
  "ts": 1773940684,
  "status": "HEALTHY",
  "balance": 0.0,
  "wallet_usdc": null,
  "pm_collateral_usdc": 0.0,
  "pm_available_usdc": 0.0,
  "pm_allowance_usdc": 1.157920892373162e+71,
  "position": "FLAT",
  "runtime_ms": 1950,
  "latencies": {
    "data_fetch_all": 657.2,
    "fetch_polymarket": 372.0,
    "total_cycle": 1950
  },
  "trades_15m": 0,
  "last_market_slug": "btc-updown-15m-1773940500",
  "last_condition_id": "0x8428b671ccb0ed63074f501635abb32f289e89d4c9c69402afa6dd0257757850",
  "unclaimed_usdc": 0.0,
  "api_trade_history": [],
  "signal": {
    "atr14": 209.30937019546286,
    "expected_move": 323.35870337939394,
    "z_score": 9.277622555171218e-05,
    "posterior_fair_up": 0.5000370130945551,
    "posterior_final_up": 0.7050153953630709,
    "sigma_b": 3.864438639875456,
    "bvol_multiplier": 2.0,
    "signed_score": -3.3343067028867943,
    "ema_score": -2.0,
    "vwap_score": -1.0,
    "rsi_score": 0.0,
    "atr_score": -1.0,
    "macd_score": -1.0,
    "stoch_score": 0.0,
    "mfi_score": 0.0,
    "obv_score": 0.5,
    "cvd_score": 1.0229404438510774,
    "ofi_score": 0.0,
    "imbalance_score": 1.0,
    "flow_accel_score": 1.0,
    "liq_vacuum_score": 0.0,
    "bb_position_score": 0.0,
    "cross_exch_score": 0.3,
    "accum_ofi_score": 0.0,
    "misprice_score": 0.0,
    "mtf_momentum_score": -1.0,
    "adx_stoch_boost": 1.0,
    "spread_pressure_score": 1.0,
    "oracle_lag_score": -2.0,
    "funding_rate_score": 0.0,
    "funding_rate": 1.621e-05,
    "vpin_proxy": 0.0,
    "deep_imbalance": 0.5,
    "deep_ofi": 0.0,
    "cvd": 46.44799999999986,
    "obi": 0.1893710180077514,
    "yes_mid": 0.705,
    "no_mid": 0.295,
    "regime": "high",
    "direction": "UP",
    "edge_up": -0.009073693930034876,
    "edge_down": -0.009145179827987904,
    "target_edge": -0.009073693930034876,
    "target_side": "YES",
    "required_edge": 0.025,
    "min_score": 2.0,
    "skip_gates": [
      "edge_insufficient=-0.0091_req=0.035",
      "early_window_rem=11.9min"
    ],
    "strike_price": 69217.39,
    "distance": 0.029999999998835847,
    "raw_deep_ofi": 0.0,
    "raw_cvd": 46.44799999999986,
    "raw_vpin": 0.0,
    "raw_deep_imbalance": 0.5,
    "raw_obi": 0.1893710180077514,
    "monster_signal": false,
    "posterior_final_down": 0.2949846046369291
  },
  "performance": {
    "total_trades": 0,
    "closed_trades": 0,
    "wins": 0,
    "losses": 0,
    "win_rate": 0.0,
    "avg_trade": 0.0,
    "avg_pnl": 0.0,
    "total_pnl": 0,
    "profit_factor": 0.0,
    "sharpe": 0.0,
    "loss_streak": 0
  },
  "perf_db": {
    "total_trades": 0,
    "win_rate": 0.0,
    "profit_factor": 0.0,
    "sharpe_ratio": 0.0,
    "avg_pnl_per_trade": 0.0
  },
  "events": []
}