{
  "ts": 1773344449,
  "status": "HEALTHY",
  "balance": 0.0,
  "wallet_usdc": null,
  "pm_collateral_usdc": 0.0,
  "pm_available_usdc": 0.0,
  "pm_allowance_usdc": 1.157920892373162e+71,
  "position": "FLAT",
  "runtime_ms": 1680,
  "latencies": {
    "data_fetch_all": 351.6,
    "fetch_polymarket": 366.3,
    "total_cycle": 1680
  },
  "trades_15m": 0,
  "last_market_slug": "btc-updown-15m-1773343800",
  "last_condition_id": "0x0d7e4a9db6310cf8da9f08551a781f32d1c2a01538366745ba3dd39d986b724f",
  "unclaimed_usdc": 0.0,
  "api_trade_history": [],
  "signal": {
    "atr14": 158.7071510441982,
    "expected_move": 145.16861354914215,
    "z_score": 0.6058472134559514,
    "posterior_fair_up": 0.7276919427218751,
    "posterior_final_up": 0.8564997927938466,
    "sigma_b": 0.261835336975462,
    "bvol_multiplier": 1.111835336975462,
    "signed_score": 8.98109078666455,
    "ema_score": 2.0,
    "vwap_score": 1.0,
    "rsi_score": 0.0,
    "atr_score": 1.0,
    "macd_score": 1.0,
    "stoch_score": 1.5,
    "mfi_score": 0.0,
    "obv_score": -0.5,
    "cvd_score": -1.031833391680986,
    "ofi_score": 1.0,
    "imbalance_score": 0.0,
    "flow_accel_score": 1.0,
    "liq_vacuum_score": 0.0,
    "bb_position_score": 1.0,
    "cross_exch_score": -0.3,
    "accum_ofi_score": 0.0,
    "misprice_score": 0.5,
    "mtf_momentum_score": 1.0,
    "adx_stoch_boost": -1.0,
    "spread_pressure_score": 0.0,
    "oracle_lag_score": 0.0,
    "funding_rate_score": 0.0,
    "funding_rate": -9.78e-05,
    "vpin_proxy": 0.0,
    "deep_imbalance": 0.5,
    "deep_ofi": 0.0,
    "cvd": -19.804999999999335,
    "obi": 0.20760756346003634,
    "yes_mid": 0.785,
    "no_mid": 0.215,
    "regime": "normal",
    "direction": "UP",
    "edge_up": 0.06290249366411238,
    "edge_down": -0.07873839602626256,
    "target_edge": 0.06290249366411238,
    "target_side": "YES",
    "required_edge": 0.035,
    "min_score": 2.5,
    "skip_gates": [],
    "strike_price": 70228.01,
    "distance": 87.95000000001164,
    "raw_deep_ofi": 0.0,
    "raw_cvd": -19.804999999999335,
    "raw_vpin": 0.0,
    "raw_deep_imbalance": 0.5,
    "raw_obi": 0.20760756346003634,
    "monster_signal": true,
    "posterior_final_down": 0.14350020720615342
  },
  "performance": {
    "total_trades": 0,
    "closed_trades": 0,
    "wins": 0,
    "losses": 0,
    "win_rate": 0.0,
    "avg_trade": 0.0,
    "avg_pnl": 0.0,
    "total_pnl": 0,
    "profit_factor": 0.0,
    "sharpe": 0.0,
    "loss_streak": 0
  },
  "perf_db": {
    "total_trades": 0,
    "win_rate": 0.0,
    "profit_factor": 0.0,
    "sharpe_ratio": 0.0,
    "avg_pnl_per_trade": 0.0
  },
  "events": []
}