{
  "ts": 1773149874,
  "status": "HEALTHY",
  "balance": 4.623481,
  "wallet_usdc": 4.623481,
  "pm_collateral_usdc": 4.623481,
  "pm_available_usdc": 4.623481,
  "pm_allowance_usdc": 1.157920892373162e+71,
  "position": "FLAT",
  "runtime_ms": 1793,
  "latencies": {
    "data_fetch_all": 433.3,
    "fetch_polymarket": 357.4,
    "total_cycle": 1793
  },
  "trades_15m": 0,
  "last_market_slug": "btc-updown-15m-1773149400",
  "last_condition_id": "0x3c4f1dfa172132dff32554c06fd898b82e5dd9d5d941ab8822071f353c9968cb",
  "unclaimed_usdc": 0.0,
  "api_trade_history": [
    {
      "slug": "btc-updown-15m-1773149400",
      "outcome": "Down",
      "size": 7.0,
      "entry_price": 0.0,
      "exit_price": 0.985,
      "realized_pnl": 0.0,
      "percent_pnl": 0.0,
      "timestamp": "2026-03-10"
    }
  ],
  "signal": {
    "atr14": 159.8068236832241,
    "expected_move": 190.43180845626586,
    "z_score": -2.490760361123828,
    "posterior_fair_up": 0.006373516012662783,
    "posterior_final_up": 0.0008083353452863737,
    "sigma_b": 2.295967944335225,
    "bvol_multiplier": 2.0,
    "signed_score": 7.928799375612735,
    "ema_score": 2.0,
    "vwap_score": -1.0,
    "rsi_score": 0.0,
    "atr_score": 1.0,
    "macd_score": 1.0,
    "stoch_score": -1.0,
    "mfi_score": 0.0,
    "obv_score": -0.5,
    "cvd_score": 1.2221422996542266,
    "ofi_score": 1.0,
    "imbalance_score": 0.0,
    "flow_accel_score": 1.0,
    "liq_vacuum_score": 0.0,
    "bb_position_score": -0.5,
    "cross_exch_score": -0.3,
    "accum_ofi_score": 0.0,
    "misprice_score": 0.0,
    "mtf_momentum_score": -1.0,
    "adx_stoch_boost": 0.0,
    "spread_pressure_score": -0.0,
    "oracle_lag_score": 2.0,
    "funding_rate_score": 0.0,
    "funding_rate": 2.717e-05,
    "vpin_proxy": 0.0,
    "deep_imbalance": 0.5,
    "deep_ofi": 0.0,
    "cvd": -1116.1209999999764,
    "obi": -0.803987389209551,
    "yes_mid": 0.0055,
    "no_mid": 0.9944999999999999,
    "regime": "normal",
    "direction": "DOWN",
    "edge_up": -0.007207702027964108,
    "edge_down": 0.0021317131548344026,
    "target_edge": 0.0021317131548344026,
    "target_side": "NO",
    "required_edge": 0.035,
    "min_score": 2.5,
    "skip_gates": [],
    "strike_price": 70881.87,
    "distance": -474.31999999999243,
    "raw_deep_ofi": 0.0,
    "raw_cvd": -1116.1209999999764,
    "raw_vpin": 0.0,
    "raw_deep_imbalance": 0.5,
    "raw_obi": -0.803987389209551,
    "monster_signal": true,
    "posterior_final_down": 0.9991916646547137
  },
  "performance": {
    "total_trades": 0,
    "closed_trades": 0,
    "wins": 0,
    "losses": 0,
    "win_rate": 0.0,
    "avg_trade": 0.0,
    "avg_pnl": 0.0,
    "total_pnl": 0,
    "profit_factor": 0.0,
    "sharpe": 0.0,
    "loss_streak": 0
  },
  "perf_db": {
    "total_trades": 0,
    "win_rate": 0.0,
    "profit_factor": 0.0,
    "sharpe_ratio": 0.0,
    "avg_pnl_per_trade": 0.0
  },
  "events": []
}