{
  "ts": 1773252939,
  "status": "HEALTHY",
  "balance": 8.979006,
  "wallet_usdc": 8.979006,
  "pm_collateral_usdc": 8.979006,
  "pm_available_usdc": 8.979006,
  "pm_allowance_usdc": 1.157920892373162e+71,
  "position": "FLAT",
  "runtime_ms": 1591,
  "latencies": {
    "data_fetch_all": 378.0,
    "fetch_polymarket": 366.2,
    "total_cycle": 1591
  },
  "trades_15m": 0,
  "last_market_slug": "btc-updown-15m-1773252900",
  "last_condition_id": "0x38583b295337779dba76f18518c309a49a72499dab0435ed1d561d301be74964",
  "unclaimed_usdc": 0.0,
  "api_trade_history": [],
  "signal": {
    "atr14": 219.16393073940083,
    "expected_move": 371.2872444639134,
    "z_score": -0.22160739757919665,
    "posterior_fair_up": 0.41230980139513146,
    "posterior_final_up": 0.5008189776935361,
    "sigma_b": 2.9760706565251467,
    "bvol_multiplier": 2.0,
    "signed_score": -1.671200624387266,
    "ema_score": 2.0,
    "vwap_score": -1.0,
    "rsi_score": 0.0,
    "atr_score": 1.0,
    "macd_score": -1.0,
    "stoch_score": 0.0,
    "mfi_score": 0.0,
    "obv_score": -0.5,
    "cvd_score": 1.2221422996542266,
    "ofi_score": 1.0,
    "imbalance_score": 0.0,
    "flow_accel_score": 1.0,
    "liq_vacuum_score": 0.0,
    "bb_position_score": -0.5,
    "cross_exch_score": -0.3,
    "accum_ofi_score": 0.0,
    "misprice_score": 0.0,
    "mtf_momentum_score": -1.0,
    "adx_stoch_boost": -1.0,
    "spread_pressure_score": 0.0,
    "oracle_lag_score": -2.0,
    "funding_rate_score": 0.0,
    "funding_rate": -6.669e-05,
    "vpin_proxy": 0.0,
    "deep_imbalance": 0.5,
    "deep_ofi": 0.0,
    "cvd": 0.6940000000000168,
    "obi": 0.0004995913233604205,
    "yes_mid": 0.545,
    "no_mid": 0.45999999999999996,
    "regime": "high",
    "direction": "UP",
    "edge_up": -0.05368839310570578,
    "edge_down": 0.023889703470015344,
    "target_edge": -0.05368839310570578,
    "target_side": "YES",
    "required_edge": 0.025,
    "min_score": 2.0,
    "skip_gates": [
      "edge_insufficient=-0.0537_req=0.035",
      "score_low=1.67_req=2.0",
      "early_window_rem=14.3min"
    ],
    "strike_price": 70775.86,
    "distance": -82.27999999999884,
    "raw_deep_ofi": 0.0,
    "raw_cvd": 0.6940000000000168,
    "raw_vpin": 0.0,
    "raw_deep_imbalance": 0.5,
    "raw_obi": 0.0004995913233604205,
    "monster_signal": false,
    "posterior_final_down": 0.4991810223064639
  },
  "performance": {
    "total_trades": 0,
    "closed_trades": 0,
    "wins": 0,
    "losses": 0,
    "win_rate": 0.0,
    "avg_trade": 0.0,
    "avg_pnl": 0.0,
    "total_pnl": 0,
    "profit_factor": 0.0,
    "sharpe": 0.0,
    "loss_streak": 0
  },
  "perf_db": {
    "total_trades": 0,
    "win_rate": 0.0,
    "profit_factor": 0.0,
    "sharpe_ratio": 0.0,
    "avg_pnl_per_trade": 0.0
  },
  "events": []
}