{
  "ts": 1773007436,
  "status": "HEALTHY",
  "balance": 6.767559,
  "wallet_usdc": 6.767559,
  "pm_collateral_usdc": 6.767559,
  "pm_available_usdc": 6.767559,
  "pm_allowance_usdc": 1.157920892373162e+71,
  "position": "FLAT",
  "runtime_ms": 1711,
  "latencies": {
    "data_fetch_all": 415.7,
    "fetch_polymarket": 360.4,
    "total_cycle": 1711
  },
  "trades_15m": 0,
  "last_market_slug": "btc-updown-15m-1773007200",
  "last_condition_id": "0xcbdc3956b30b93f514189462da228ae68859bc6618235e4c73a83adb0e776c0a",
  "unclaimed_usdc": 0.0,
  "api_trade_history": [],
  "signal": {
    "atr14": 137.04985555113382,
    "expected_move": 203.89284906516897,
    "z_score": -1.4998564265598817,
    "posterior_fair_up": 0.06682582830672484,
    "posterior_final_up": 0.013888749123642102,
    "sigma_b": 0.4203832993357633,
    "bvol_multiplier": 1.2703832993357633,
    "signed_score": -3.5006686162552074,
    "ema_score": -2.0,
    "vwap_score": -1.0,
    "rsi_score": 0.0,
    "atr_score": -1.0,
    "macd_score": -1.0,
    "stoch_score": -1.5,
    "mfi_score": 0.0,
    "obv_score": -0.5,
    "cvd_score": 1.2221422996542266,
    "ofi_score": 1.0,
    "imbalance_score": 0.0,
    "flow_accel_score": 1.0,
    "liq_vacuum_score": 0.0,
    "bb_position_score": -1.0,
    "cross_exch_score": 0.3,
    "accum_ofi_score": 0.0,
    "misprice_score": 0.0,
    "mtf_momentum_score": -1.0,
    "adx_stoch_boost": 0.0,
    "spread_pressure_score": -0.0,
    "oracle_lag_score": 2.0,
    "funding_rate_score": 0.0,
    "funding_rate": -2.18e-05,
    "vpin_proxy": 0.0,
    "deep_imbalance": 0.5,
    "deep_ofi": 0.0,
    "cvd": -1365.0619999998573,
    "obi": -0.45996035125193774,
    "yes_mid": 0.05,
    "no_mid": 0.95,
    "regime": "normal",
    "direction": "DOWN",
    "edge_up": -0.04637235935988237,
    "edge_down": 0.02532236187565684,
    "target_edge": 0.02532236187565684,
    "target_side": "NO",
    "required_edge": 0.035,
    "min_score": 2.5,
    "skip_gates": [
      "monster_too_early_rem=11.1min"
    ],
    "strike_price": 67009.77,
    "distance": -305.8099999999977,
    "raw_deep_ofi": 0.0,
    "raw_cvd": -1365.0619999998573,
    "raw_vpin": 0.0,
    "raw_deep_imbalance": 0.5,
    "raw_obi": -0.45996035125193774,
    "monster_signal": true,
    "posterior_final_down": 0.9861112508763579
  },
  "performance": {
    "total_trades": 0,
    "closed_trades": 0,
    "wins": 0,
    "losses": 0,
    "win_rate": 0.0,
    "avg_trade": 0.0,
    "avg_pnl": 0.0,
    "total_pnl": 0,
    "profit_factor": 0.0,
    "sharpe": 0.0,
    "loss_streak": 0
  },
  "perf_db": {
    "total_trades": 0,
    "win_rate": 0.0,
    "profit_factor": 0.0,
    "sharpe_ratio": 0.0,
    "avg_pnl_per_trade": 0.0
  },
  "events": []
}