{
  "ts": 1772871059,
  "status": "HEALTHY",
  "balance": 4.567559,
  "wallet_usdc": 4.567559,
  "pm_collateral_usdc": 4.567559,
  "pm_available_usdc": 4.567559,
  "pm_allowance_usdc": 1.157920892373162e+71,
  "position": "FLAT",
  "runtime_ms": 2191,
  "latencies": {
    "data_fetch_all": 623.0,
    "fetch_polymarket": 386.9,
    "total_cycle": 2191
  },
  "trades_15m": 0,
  "last_market_slug": "btc-updown-15m-1772870400",
  "last_condition_id": "0xb53514635e9c784f1e807c9e0ea7b1811ad43f700f0519920e11e5593f8b4267",
  "unclaimed_usdc": 0.0,
  "api_trade_history": [],
  "signal": {
    "atr14": 84.55404350087962,
    "expected_move": 75.78482899270413,
    "z_score": -0.5386302317042473,
    "posterior_fair_up": 0.29507099005831255,
    "posterior_final_up": 0.12067665624046488,
    "sigma_b": 0.21334411624989152,
    "bvol_multiplier": 1.0633441162498916,
    "signed_score": 0.4725497932921892,
    "ema_score": -2.0,
    "vwap_score": -1.0,
    "rsi_score": 0.0,
    "atr_score": 0.0,
    "macd_score": 1.0,
    "stoch_score": 1.0,
    "mfi_score": 0.0,
    "obv_score": 0.5,
    "cvd_score": 1.2221422996542266,
    "ofi_score": 1.0,
    "imbalance_score": 0.0,
    "flow_accel_score": 1.0,
    "liq_vacuum_score": 0.0,
    "bb_position_score": 0.0,
    "cross_exch_score": -0.3,
    "accum_ofi_score": 0.0,
    "misprice_score": -0.5,
    "mtf_momentum_score": 0.0,
    "adx_stoch_boost": -1.0,
    "spread_pressure_score": -0.0,
    "oracle_lag_score": 0.0,
    "funding_rate_score": 0.0,
    "funding_rate": 3.176e-05,
    "vpin_proxy": 0.0,
    "deep_imbalance": 0.5,
    "deep_ofi": 0.0,
    "cvd": -10.287000000000058,
    "obi": -0.3361097099413816,
    "yes_mid": 0.175,
    "no_mid": 0.825,
    "regime": "normal",
    "direction": "DOWN",
    "edge_up": -0.06130244092187874,
    "edge_down": 0.046333644390752826,
    "target_edge": 0.046333644390752826,
    "target_side": "NO",
    "required_edge": 0.035,
    "min_score": 2.5,
    "skip_gates": [
      "score_low=0.47_req=2.5"
    ],
    "strike_price": 67840.82,
    "distance": -40.820000000006985,
    "raw_deep_ofi": 0.0,
    "raw_cvd": -10.287000000000058,
    "raw_vpin": 0.0,
    "raw_deep_imbalance": 0.5,
    "raw_obi": -0.3361097099413816,
    "monster_signal": false,
    "posterior_final_down": 0.8793233437595351
  },
  "performance": {
    "total_trades": 0,
    "closed_trades": 0,
    "wins": 0,
    "losses": 0,
    "win_rate": 0.0,
    "avg_trade": 0.0,
    "avg_pnl": 0.0,
    "total_pnl": 0,
    "profit_factor": 0.0,
    "sharpe": 0.0,
    "loss_streak": 0
  },
  "perf_db": {
    "total_trades": 0,
    "win_rate": 0.0,
    "profit_factor": 0.0,
    "sharpe_ratio": 0.0,
    "avg_pnl_per_trade": 0.0
  },
  "events": []
}