{
  "ts": 1772935030,
  "status": "HEALTHY",
  "balance": 6.767559,
  "wallet_usdc": 6.767559,
  "pm_collateral_usdc": 6.767559,
  "pm_available_usdc": 6.767559,
  "pm_allowance_usdc": 1.157920892373162e+71,
  "position": "FLAT",
  "runtime_ms": 3441,
  "latencies": {
    "data_fetch_all": 1486.3,
    "fetch_polymarket": 590.8,
    "total_cycle": 3441
  },
  "trades_15m": 0,
  "last_market_slug": "btc-updown-15m-1772934300",
  "last_condition_id": "0xdbe8431c975d4eae84b2ebdf3238851379fed0066f1be70c723cd29e85a467b6",
  "unclaimed_usdc": 0.0,
  "api_trade_history": [],
  "signal": {
    "atr14": 74.67602503226261,
    "expected_move": 56.21406945730607,
    "z_score": 0.4189342672989421,
    "posterior_fair_up": 0.6623678728276851,
    "posterior_final_up": 0.7868988279072181,
    "sigma_b": 0.2454634738069745,
    "bvol_multiplier": 1.0954634738069746,
    "signed_score": 8.714959238375485,
    "ema_score": 2.0,
    "vwap_score": 1.0,
    "rsi_score": 0.0,
    "atr_score": 0.0,
    "macd_score": 1.0,
    "stoch_score": 1.5,
    "mfi_score": 0.0,
    "obv_score": -0.5,
    "cvd_score": 1.2221422996542266,
    "ofi_score": 1.0,
    "imbalance_score": 0.0,
    "flow_accel_score": 1.0,
    "liq_vacuum_score": 0.0,
    "bb_position_score": 0.5,
    "cross_exch_score": -0.5,
    "accum_ofi_score": 0.0,
    "misprice_score": 0.5,
    "mtf_momentum_score": 1.0,
    "adx_stoch_boost": -1.0,
    "spread_pressure_score": 0.0,
    "oracle_lag_score": 0.0,
    "funding_rate_score": 0.0,
    "funding_rate": -2.748e-05,
    "vpin_proxy": 0.0,
    "deep_imbalance": 0.5,
    "deep_ofi": 0.0,
    "cvd": 24.093999999999614,
    "obi": 0.1150671714503428,
    "yes_mid": 0.725,
    "no_mid": 0.275,
    "regime": "low",
    "direction": "UP",
    "edge_up": 0.05264957423651917,
    "edge_down": -0.06996748478535417,
    "target_edge": 0.05264957423651917,
    "target_side": "YES",
    "required_edge": 0.05,
    "min_score": 3.0,
    "skip_gates": [],
    "strike_price": 67307.1,
    "distance": 23.54999999998836,
    "raw_deep_ofi": 0.0,
    "raw_cvd": 24.093999999999614,
    "raw_vpin": 0.0,
    "raw_deep_imbalance": 0.5,
    "raw_obi": 0.1150671714503428,
    "monster_signal": true,
    "posterior_final_down": 0.2131011720927819
  },
  "performance": {
    "total_trades": 0,
    "closed_trades": 0,
    "wins": 0,
    "losses": 0,
    "win_rate": 0.0,
    "avg_trade": 0.0,
    "avg_pnl": 0.0,
    "total_pnl": 0,
    "profit_factor": 0.0,
    "sharpe": 0.0,
    "loss_streak": 0
  },
  "perf_db": {
    "total_trades": 0,
    "win_rate": 0.0,
    "profit_factor": 0.0,
    "sharpe_ratio": 0.0,
    "avg_pnl_per_trade": 0.0
  },
  "events": []
}