{
  "ts": 1773044568,
  "status": "HEALTHY",
  "balance": 5.751853,
  "wallet_usdc": 5.751853,
  "pm_collateral_usdc": 5.751853,
  "pm_available_usdc": 5.751853,
  "pm_allowance_usdc": 1.157920892373162e+71,
  "position": "FLAT",
  "runtime_ms": 1800,
  "latencies": {
    "data_fetch_all": 436.0,
    "fetch_polymarket": 337.4,
    "total_cycle": 1800
  },
  "trades_15m": 0,
  "last_market_slug": "btc-updown-15m-1773044100",
  "last_condition_id": "0x9d03721eadb96d17c480af1ed9eb52730e26e8c973b1194ee8b72fff1eb530c4",
  "unclaimed_usdc": 0.0,
  "api_trade_history": [],
  "signal": {
    "atr14": 147.99664918487855,
    "expected_move": 177.59597902185425,
    "z_score": 0.26954439094651267,
    "posterior_fair_up": 0.6062445443684421,
    "posterior_final_up": 0.7568653687520609,
    "sigma_b": 0.4160027830963124,
    "bvol_multiplier": 1.2660027830963125,
    "signed_score": 10.324885203494466,
    "ema_score": 2.0,
    "vwap_score": 1.0,
    "rsi_score": 0.0,
    "atr_score": 1.0,
    "macd_score": 1.0,
    "stoch_score": 1.5,
    "mfi_score": -2.0,
    "obv_score": -0.5,
    "cvd_score": 1.2221422996542266,
    "ofi_score": 1.0,
    "imbalance_score": 0.0,
    "flow_accel_score": 1.0,
    "liq_vacuum_score": 0.0,
    "bb_position_score": 1.0,
    "cross_exch_score": -0.3,
    "accum_ofi_score": 0.0,
    "misprice_score": 0.0,
    "mtf_momentum_score": 1.0,
    "adx_stoch_boost": 0.0,
    "spread_pressure_score": 0.0,
    "oracle_lag_score": 0.0,
    "funding_rate_score": 0.0,
    "funding_rate": -4.769e-05,
    "vpin_proxy": 0.0,
    "deep_imbalance": 0.5,
    "deep_ofi": 0.0,
    "cvd": -49.590999999998964,
    "obi": 0.41894344595555844,
    "yes_mid": 0.715,
    "no_mid": 0.28500000000000003,
    "regime": "normal",
    "direction": "UP",
    "edge_up": 0.032626922687049364,
    "edge_down": -0.05031788051578162,
    "target_edge": 0.032626922687049364,
    "target_side": "YES",
    "required_edge": 0.035,
    "min_score": 2.5,
    "skip_gates": [
      "edge_insufficient=0.0326_req=0.035"
    ],
    "strike_price": 67549.99,
    "distance": 47.86999999999534,
    "raw_deep_ofi": 0.0,
    "raw_cvd": -49.590999999998964,
    "raw_vpin": 0.0,
    "raw_deep_imbalance": 0.5,
    "raw_obi": 0.41894344595555844,
    "monster_signal": true,
    "posterior_final_down": 0.2431346312479391
  },
  "performance": {
    "total_trades": 0,
    "closed_trades": 0,
    "wins": 0,
    "losses": 0,
    "win_rate": 0.0,
    "avg_trade": 0.0,
    "avg_pnl": 0.0,
    "total_pnl": 0,
    "profit_factor": 0.0,
    "sharpe": 0.0,
    "loss_streak": 0
  },
  "perf_db": {
    "total_trades": 0,
    "win_rate": 0.0,
    "profit_factor": 0.0,
    "sharpe_ratio": 0.0,
    "avg_pnl_per_trade": 0.0
  },
  "events": []
}