{
  "ts": 1773149630,
  "status": "HEALTHY",
  "balance": 4.623481,
  "wallet_usdc": 4.623481,
  "pm_collateral_usdc": 4.623481,
  "pm_available_usdc": 4.623481,
  "pm_allowance_usdc": 1.157920892373162e+71,
  "position": "FLAT",
  "runtime_ms": 2415,
  "latencies": {
    "data_fetch_all": 665.1,
    "fetch_polymarket": 718.2,
    "total_cycle": 2415
  },
  "trades_15m": 0,
  "last_market_slug": "btc-updown-15m-1773149400",
  "last_condition_id": "0x3c4f1dfa172132dff32554c06fd898b82e5dd9d5d941ab8822071f353c9968cb",
  "unclaimed_usdc": 0.0,
  "api_trade_history": [
    {
      "slug": "btc-updown-15m-1773149400",
      "outcome": "Down",
      "size": 7.0,
      "entry_price": 0.0,
      "exit_price": 0.795,
      "realized_pnl": 0.0,
      "percent_pnl": 0.0,
      "timestamp": "2026-03-10"
    }
  ],
  "signal": {
    "atr14": 137.33757215591797,
    "expected_move": 205.2419535264572,
    "z_score": 0.0,
    "posterior_fair_up": 0.5000000005,
    "posterior_final_up": 0.09500000008597499,
    "sigma_b": 0.28555302485267675,
    "bvol_multiplier": 1.1355530248526768,
    "signed_score": 13.803214350456182,
    "ema_score": 2.0,
    "vwap_score": 1.0,
    "rsi_score": 0.0,
    "atr_score": 1.0,
    "macd_score": 1.0,
    "stoch_score": 1.5,
    "mfi_score": 0.0,
    "obv_score": -0.5,
    "cvd_score": 1.2221422996542266,
    "ofi_score": 1.0,
    "imbalance_score": 0.0,
    "flow_accel_score": 1.0,
    "liq_vacuum_score": 0.0,
    "bb_position_score": 1.0,
    "cross_exch_score": -0.3,
    "accum_ofi_score": 0.0,
    "misprice_score": 0.0,
    "mtf_momentum_score": 1.0,
    "adx_stoch_boost": 0.0,
    "spread_pressure_score": -0.0,
    "oracle_lag_score": 2.0,
    "funding_rate_score": 0.0,
    "funding_rate": 3.249e-05,
    "vpin_proxy": 0.0,
    "deep_imbalance": 0.5,
    "deep_ofi": 0.0,
    "cvd": -439.0520000000034,
    "obi": -0.4577729201381868,
    "yes_mid": 0.095,
    "no_mid": 0.905,
    "regime": "normal",
    "direction": "DOWN",
    "edge_up": -0.00670999991557257,
    "edge_down": -0.006629000085820236,
    "target_edge": -0.006629000085820236,
    "target_side": "NO",
    "required_edge": 0.035,
    "min_score": 2.5,
    "skip_gates": [
      "edge_insufficient=-0.0066_req=0.012",
      "monster_too_early_rem=11.2min"
    ],
    "strike_price": 70864.67,
    "distance": 0.0,
    "raw_deep_ofi": 0.0,
    "raw_cvd": -439.0520000000034,
    "raw_vpin": 0.0,
    "raw_deep_imbalance": 0.5,
    "raw_obi": -0.4577729201381868,
    "monster_signal": true,
    "posterior_final_down": 0.904999999914025
  },
  "performance": {
    "total_trades": 0,
    "closed_trades": 0,
    "wins": 0,
    "losses": 0,
    "win_rate": 0.0,
    "avg_trade": 0.0,
    "avg_pnl": 0.0,
    "total_pnl": 0,
    "profit_factor": 0.0,
    "sharpe": 0.0,
    "loss_streak": 0
  },
  "perf_db": {
    "total_trades": 0,
    "win_rate": 0.0,
    "profit_factor": 0.0,
    "sharpe_ratio": 0.0,
    "avg_pnl_per_trade": 0.0
  },
  "events": []
}