{
  "ts": 1772999501,
  "status": "HEALTHY",
  "balance": 6.767559,
  "wallet_usdc": 6.767559,
  "pm_collateral_usdc": 6.767559,
  "pm_available_usdc": 6.767559,
  "pm_allowance_usdc": 1.157920892373162e+71,
  "position": "FLAT",
  "runtime_ms": 3752,
  "latencies": {
    "data_fetch_all": 1828.1,
    "fetch_polymarket": 668.6,
    "total_cycle": 3752
  },
  "trades_15m": 0,
  "last_market_slug": "btc-updown-15m-1772999100",
  "last_condition_id": "0x8ffbc65a86c7900354e9c56fc72b5c5fff3ff16e7cae4cc95a6df9d00ee7b74e",
  "unclaimed_usdc": 0.0,
  "api_trade_history": [],
  "signal": {
    "atr14": 108.89034101889806,
    "expected_move": 140.43617859178056,
    "z_score": 0.13814104167834157,
    "posterior_fair_up": 0.5549355525997796,
    "posterior_final_up": 0.2659745458908964,
    "sigma_b": 0.2711197623489272,
    "bvol_multiplier": 1.1211197623489273,
    "signed_score": 8.919067831858825,
    "ema_score": 2.0,
    "vwap_score": 1.0,
    "rsi_score": 1.0,
    "atr_score": 0.0,
    "macd_score": 1.0,
    "stoch_score": 1.5,
    "mfi_score": 0.0,
    "obv_score": -2.5,
    "cvd_score": 1.2221422996542266,
    "ofi_score": 1.0,
    "imbalance_score": 0.0,
    "flow_accel_score": 1.0,
    "liq_vacuum_score": 0.0,
    "bb_position_score": 1.0,
    "cross_exch_score": -0.5,
    "accum_ofi_score": 0.0,
    "misprice_score": 0.0,
    "mtf_momentum_score": 1.0,
    "adx_stoch_boost": 0.0,
    "spread_pressure_score": 0.0,
    "oracle_lag_score": 0.0,
    "funding_rate_score": 0.0,
    "funding_rate": -3.721e-05,
    "vpin_proxy": 0.0,
    "deep_imbalance": 0.5,
    "deep_ofi": 0.0,
    "cvd": 75.06499999999798,
    "obi": -0.5003403859743799,
    "yes_mid": 0.245,
    "no_mid": 0.755,
    "regime": "normal",
    "direction": "DOWN",
    "edge_up": 0.011984927702532955,
    "edge_down": -0.02949786807062016,
    "target_edge": -0.02949786807062016,
    "target_side": "NO",
    "required_edge": 0.035,
    "min_score": 2.5,
    "skip_gates": [
      "edge_insufficient=-0.0295_req=0.035"
    ],
    "strike_price": 67354.3,
    "distance": 19.39999999999418,
    "raw_deep_ofi": 0.0,
    "raw_cvd": 75.06499999999798,
    "raw_vpin": 0.0,
    "raw_deep_imbalance": 0.5,
    "raw_obi": -0.5003403859743799,
    "monster_signal": true,
    "posterior_final_down": 0.7340254541091036
  },
  "performance": {
    "total_trades": 0,
    "closed_trades": 0,
    "wins": 0,
    "losses": 0,
    "win_rate": 0.0,
    "avg_trade": 0.0,
    "avg_pnl": 0.0,
    "total_pnl": 0,
    "profit_factor": 0.0,
    "sharpe": 0.0,
    "loss_streak": 0
  },
  "perf_db": {
    "total_trades": 0,
    "win_rate": 0.0,
    "profit_factor": 0.0,
    "sharpe_ratio": 0.0,
    "avg_pnl_per_trade": 0.0
  },
  "events": []
}