{
  "ts": 1772869244,
  "status": "HEALTHY",
  "balance": 4.567559,
  "wallet_usdc": 4.567559,
  "pm_collateral_usdc": 4.567559,
  "pm_available_usdc": 4.567559,
  "pm_allowance_usdc": 1.157920892373162e+71,
  "position": "FLAT",
  "runtime_ms": 2526,
  "latencies": {
    "data_fetch_all": 516.8,
    "fetch_polymarket": 352.6,
    "total_cycle": 2526
  },
  "trades_15m": 0,
  "last_market_slug": "btc-updown-15m-1772868600",
  "last_condition_id": "0x44c3d20df6eb5f3d3c338deaf17ebe1f5855e1d91f689e212d2894b34f7db945",
  "unclaimed_usdc": 0.0,
  "api_trade_history": [],
  "signal": {
    "atr14": 104.95774382887453,
    "expected_move": 96.95581064501839,
    "z_score": -0.5151831506301117,
    "posterior_fair_up": 0.3032125115101498,
    "posterior_final_up": 0.16073278220483947,
    "sigma_b": 0.5118503354583499,
    "bvol_multiplier": 1.36185033545835,
    "signed_score": -2.227442833836681,
    "ema_score": -2.0,
    "vwap_score": -1.0,
    "rsi_score": 0.0,
    "atr_score": 0.0,
    "macd_score": 1.0,
    "stoch_score": 0.0,
    "mfi_score": 0.0,
    "obv_score": -0.5,
    "cvd_score": 1.2221422996542266,
    "ofi_score": 1.0,
    "imbalance_score": 0.0,
    "flow_accel_score": 1.0,
    "liq_vacuum_score": 0.0,
    "bb_position_score": 0.0,
    "cross_exch_score": -0.3,
    "accum_ofi_score": 0.0,
    "misprice_score": -0.5,
    "mtf_momentum_score": -1.0,
    "adx_stoch_boost": -1.0,
    "spread_pressure_score": 0.0,
    "oracle_lag_score": 0.0,
    "funding_rate_score": 0.0,
    "funding_rate": 3.662e-05,
    "vpin_proxy": 0.0,
    "deep_imbalance": 0.5,
    "deep_ofi": 0.0,
    "cvd": 60.13899999999837,
    "obi": -0.09468358757360476,
    "yes_mid": 0.225,
    "no_mid": 0.775,
    "regime": "normal",
    "direction": "DOWN",
    "edge_up": -0.07174250264111506,
    "edge_down": 0.055574442036861904,
    "target_edge": 0.055574442036861904,
    "target_side": "NO",
    "required_edge": 0.035,
    "min_score": 2.5,
    "skip_gates": [
      "score_low=2.23_req=2.5"
    ],
    "strike_price": 67727.75,
    "distance": -49.94999999999709,
    "raw_deep_ofi": 0.0,
    "raw_cvd": 60.13899999999837,
    "raw_vpin": 0.0,
    "raw_deep_imbalance": 0.5,
    "raw_obi": -0.09468358757360476,
    "monster_signal": false,
    "posterior_final_down": 0.8392672177951606
  },
  "performance": {
    "total_trades": 0,
    "closed_trades": 0,
    "wins": 0,
    "losses": 0,
    "win_rate": 0.0,
    "avg_trade": 0.0,
    "avg_pnl": 0.0,
    "total_pnl": 0,
    "profit_factor": 0.0,
    "sharpe": 0.0,
    "loss_streak": 0
  },
  "perf_db": {
    "total_trades": 0,
    "win_rate": 0.0,
    "profit_factor": 0.0,
    "sharpe_ratio": 0.0,
    "avg_pnl_per_trade": 0.0
  },
  "events": []
}