{
  "ts": 1773851414,
  "status": "HEALTHY",
  "balance": 0.0,
  "wallet_usdc": null,
  "pm_collateral_usdc": 0.0,
  "pm_available_usdc": 0.0,
  "pm_allowance_usdc": 1.157920892373162e+71,
  "position": "FLAT",
  "runtime_ms": 4523,
  "latencies": {
    "data_fetch_all": 2119.6,
    "fetch_polymarket": 682.1,
    "total_cycle": 4523
  },
  "trades_15m": 0,
  "last_market_slug": "btc-updown-15m-1773851400",
  "last_condition_id": "0x0ad482631172e57b64f7bec2cdc76e9f89ad98a2e0e4754520509e9aa32d687a",
  "unclaimed_usdc": 0.0,
  "api_trade_history": [],
  "signal": {
    "atr14": 208.16982595158552,
    "expected_move": 357.74536252725943,
    "z_score": -0.3137147584727789,
    "posterior_fair_up": 0.3768689142487173,
    "posterior_final_up": 0.42276139802879587,
    "sigma_b": 1.7625507786609862,
    "bvol_multiplier": 2.0,
    "signed_score": -10.167883378608492,
    "ema_score": -2.0,
    "vwap_score": -1.0,
    "rsi_score": 0.0,
    "atr_score": -1.0,
    "macd_score": 1.0,
    "stoch_score": -1.5,
    "mfi_score": 0.0,
    "obv_score": 0.5,
    "cvd_score": 1.0229404438510774,
    "ofi_score": 0.0,
    "imbalance_score": 1.0,
    "flow_accel_score": 1.0,
    "liq_vacuum_score": 0.0,
    "bb_position_score": -1.0,
    "cross_exch_score": 0.3,
    "accum_ofi_score": 0.0,
    "misprice_score": -0.5,
    "mtf_momentum_score": -1.0,
    "adx_stoch_boost": 0.0,
    "spread_pressure_score": 0.0,
    "oracle_lag_score": -2.0,
    "funding_rate_score": 0.0,
    "funding_rate": 3.487e-05,
    "vpin_proxy": 0.0,
    "deep_imbalance": 0.5,
    "deep_ofi": 0.0,
    "cvd": 0.18099999999999997,
    "obi": 0.09915366824499117,
    "yes_mid": 0.485,
    "no_mid": 0.515,
    "regime": "high",
    "direction": "DOWN",
    "edge_up": -0.07155076823109785,
    "edge_down": 0.051697111392280504,
    "target_edge": 0.051697111392280504,
    "target_side": "NO",
    "required_edge": 0.025,
    "min_score": 2.0,
    "skip_gates": [
      "monster_too_early_rem=14.8min"
    ],
    "strike_price": 71229.9,
    "distance": -112.22999999999593,
    "raw_deep_ofi": 0.0,
    "raw_cvd": 0.18099999999999997,
    "raw_vpin": 0.0,
    "raw_deep_imbalance": 0.5,
    "raw_obi": 0.09915366824499117,
    "monster_signal": true,
    "posterior_final_down": 0.5772386019712041
  },
  "performance": {
    "total_trades": 0,
    "closed_trades": 0,
    "wins": 0,
    "losses": 0,
    "win_rate": 0.0,
    "avg_trade": 0.0,
    "avg_pnl": 0.0,
    "total_pnl": 0,
    "profit_factor": 0.0,
    "sharpe": 0.0,
    "loss_streak": 0
  },
  "perf_db": {
    "total_trades": 0,
    "win_rate": 0.0,
    "profit_factor": 0.0,
    "sharpe_ratio": 0.0,
    "avg_pnl_per_trade": 0.0
  },
  "events": []
}