{
  "ts": 1772870549,
  "status": "HEALTHY",
  "balance": 4.567559,
  "wallet_usdc": 4.567559,
  "pm_collateral_usdc": 4.567559,
  "pm_available_usdc": 4.567559,
  "pm_allowance_usdc": 1.157920892373162e+71,
  "position": "FLAT",
  "runtime_ms": 4419,
  "latencies": {
    "data_fetch_all": 1603.4,
    "fetch_polymarket": 560.0,
    "total_cycle": 4419
  },
  "trades_15m": 0,
  "last_market_slug": "btc-updown-15m-1772870400",
  "last_condition_id": "0xb53514635e9c784f1e807c9e0ea7b1811ad43f700f0519920e11e5593f8b4267",
  "unclaimed_usdc": 0.0,
  "api_trade_history": [],
  "signal": {
    "atr14": 92.99081529307612,
    "expected_move": 147.12937717512574,
    "z_score": -0.0891052504381634,
    "posterior_fair_up": 0.46449906923355516,
    "posterior_final_up": 0.32911017494437944,
    "sigma_b": 4.687233960594124,
    "bvol_multiplier": 2.0,
    "signed_score": 13.310999219515917,
    "ema_score": -2.0,
    "vwap_score": 1.0,
    "rsi_score": 0.0,
    "atr_score": 0.0,
    "macd_score": 1.0,
    "stoch_score": 1.0,
    "mfi_score": 0.0,
    "obv_score": 2.5,
    "cvd_score": 1.2221422996542266,
    "ofi_score": 1.0,
    "imbalance_score": 0.0,
    "flow_accel_score": 1.0,
    "liq_vacuum_score": 0.0,
    "bb_position_score": 0.0,
    "cross_exch_score": -0.3,
    "accum_ofi_score": 0.0,
    "misprice_score": 0.0,
    "mtf_momentum_score": 1.0,
    "adx_stoch_boost": 0.0,
    "spread_pressure_score": 0.0,
    "oracle_lag_score": 0.0,
    "funding_rate_score": 0.0,
    "funding_rate": 3.46e-05,
    "vpin_proxy": 0.0,
    "deep_imbalance": 0.5,
    "deep_ofi": 0.0,
    "cvd": -0.9100000000000271,
    "obi": -0.0844847062451768,
    "yes_mid": 0.345,
    "no_mid": 0.655,
    "regime": "normal",
    "direction": "DOWN",
    "edge_up": -0.02516825732989747,
    "edge_down": 0.006327774245242335,
    "target_edge": 0.006327774245242335,
    "target_side": "NO",
    "required_edge": 0.035,
    "min_score": 2.5,
    "skip_gates": [
      "edge_insufficient=0.0063_req=0.035",
      "monster_too_early_rem=12.5min"
    ],
    "strike_price": 67840.82,
    "distance": -13.110000000000582,
    "raw_deep_ofi": 0.0,
    "raw_cvd": -0.9100000000000271,
    "raw_vpin": 0.0,
    "raw_deep_imbalance": 0.5,
    "raw_obi": -0.0844847062451768,
    "monster_signal": true,
    "posterior_final_down": 0.6708898250556206
  },
  "performance": {
    "total_trades": 0,
    "closed_trades": 0,
    "wins": 0,
    "losses": 0,
    "win_rate": 0.0,
    "avg_trade": 0.0,
    "avg_pnl": 0.0,
    "total_pnl": 0,
    "profit_factor": 0.0,
    "sharpe": 0.0,
    "loss_streak": 0
  },
  "perf_db": {
    "total_trades": 0,
    "win_rate": 0.0,
    "profit_factor": 0.0,
    "sharpe_ratio": 0.0,
    "avg_pnl_per_trade": 0.0
  },
  "events": []
}