{
  "ts": 1773159612,
  "status": "HEALTHY",
  "balance": 7.513845,
  "wallet_usdc": 7.513845,
  "pm_collateral_usdc": 7.513845,
  "pm_available_usdc": 7.513845,
  "pm_allowance_usdc": 1.157920892373162e+71,
  "position": "FLAT",
  "runtime_ms": 1720,
  "latencies": {
    "data_fetch_all": 369.7,
    "fetch_polymarket": 328.7,
    "total_cycle": 1720
  },
  "trades_15m": 0,
  "last_market_slug": "btc-updown-15m-1773159300",
  "last_condition_id": "0x9563a8072834161a480a6b6e376ca50dbf1785295032b7b40923d51784262592",
  "unclaimed_usdc": 0.0,
  "api_trade_history": [],
  "signal": {
    "atr14": 303.77861091692523,
    "expected_move": 425.2900552836954,
    "z_score": 0.6431610535015615,
    "posterior_fair_up": 0.739940259900111,
    "posterior_final_up": 0.9349716213157394,
    "sigma_b": 0.22595873525597618,
    "bvol_multiplier": 1.075958735255976,
    "signed_score": 8.77498104549578,
    "ema_score": 2.0,
    "vwap_score": 1.0,
    "rsi_score": 0.0,
    "atr_score": 1.0,
    "macd_score": -1.0,
    "stoch_score": 0.0,
    "mfi_score": 0.0,
    "obv_score": 0.5,
    "cvd_score": 1.2221422996542266,
    "ofi_score": 1.0,
    "imbalance_score": 0.0,
    "flow_accel_score": 1.0,
    "liq_vacuum_score": 0.0,
    "bb_position_score": 0.5,
    "cross_exch_score": -0.3,
    "accum_ofi_score": 0.0,
    "misprice_score": 0.0,
    "mtf_momentum_score": 1.0,
    "adx_stoch_boost": 1.0,
    "spread_pressure_score": 0.0,
    "oracle_lag_score": 0.0,
    "funding_rate_score": 0.0,
    "funding_rate": 1.29e-05,
    "vpin_proxy": 0.0,
    "deep_imbalance": 0.5,
    "deep_ofi": 0.0,
    "cvd": 83.91899999999994,
    "obi": 0.4393089904532811,
    "yes_mid": 0.895,
    "no_mid": 0.10500000000000001,
    "regime": "high",
    "direction": "UP",
    "edge_up": 0.03310167807310793,
    "edge_down": -0.04612912645631925,
    "target_edge": 0.03310167807310793,
    "target_side": "YES",
    "required_edge": 0.025,
    "min_score": 2.0,
    "skip_gates": [
      "edge_insufficient=0.0331_req=0.035"
    ],
    "strike_price": 71184.98,
    "distance": 273.52999999999884,
    "raw_deep_ofi": 0.0,
    "raw_cvd": 83.91899999999994,
    "raw_vpin": 0.0,
    "raw_deep_imbalance": 0.5,
    "raw_obi": 0.4393089904532811,
    "monster_signal": true,
    "posterior_final_down": 0.06502837868426059
  },
  "performance": {
    "total_trades": 0,
    "closed_trades": 0,
    "wins": 0,
    "losses": 0,
    "win_rate": 0.0,
    "avg_trade": 0.0,
    "avg_pnl": 0.0,
    "total_pnl": 0,
    "profit_factor": 0.0,
    "sharpe": 0.0,
    "loss_streak": 0
  },
  "perf_db": {
    "total_trades": 0,
    "win_rate": 0.0,
    "profit_factor": 0.0,
    "sharpe_ratio": 0.0,
    "avg_pnl_per_trade": 0.0
  },
  "events": []
}