{
  "ts": 1773615838,
  "status": "HEALTHY",
  "balance": 0.0,
  "wallet_usdc": null,
  "pm_collateral_usdc": 0.0,
  "pm_available_usdc": 0.0,
  "pm_allowance_usdc": 1.157920892373162e+71,
  "position": "FLAT",
  "runtime_ms": 1593,
  "latencies": {
    "data_fetch_all": 288.1,
    "fetch_polymarket": 480.0,
    "total_cycle": 1593
  },
  "trades_15m": 0,
  "last_market_slug": "btc-updown-15m-1773615600",
  "last_condition_id": "0x6133a1c45746edb8822dd8af68a2bea516eb6df0e33ebbb60f11da8d92060301",
  "unclaimed_usdc": 0.0,
  "api_trade_history": [],
  "signal": {
    "atr14": 215.72235809880922,
    "expected_move": 320.4523983829559,
    "z_score": 0.429080889061348,
    "posterior_fair_up": 0.6660677842050283,
    "posterior_final_up": 0.779889074505066,
    "sigma_b": 0.2412276537931091,
    "bvol_multiplier": 1.0912276537931092,
    "signed_score": 13.43962341435965,
    "ema_score": 2.0,
    "vwap_score": 1.0,
    "rsi_score": 1.0,
    "atr_score": 1.0,
    "macd_score": 1.0,
    "stoch_score": 1.5,
    "mfi_score": 0.0,
    "obv_score": -0.5,
    "cvd_score": 1.0229404438510774,
    "ofi_score": 0.0,
    "imbalance_score": 1.0,
    "flow_accel_score": 1.0,
    "liq_vacuum_score": 0.0,
    "bb_position_score": 1.0,
    "cross_exch_score": -0.5,
    "accum_ofi_score": 0.0,
    "misprice_score": 0.5,
    "mtf_momentum_score": 1.0,
    "adx_stoch_boost": 0.0,
    "spread_pressure_score": 1.0,
    "oracle_lag_score": 0.0,
    "funding_rate_score": 0.0,
    "funding_rate": 9.71e-06,
    "vpin_proxy": 0.0,
    "deep_imbalance": 0.5,
    "deep_ofi": 0.0,
    "cvd": 7.93600000000026,
    "obi": 0.21733434100514773,
    "yes_mid": 0.715,
    "no_mid": 0.28500000000000003,
    "regime": "high",
    "direction": "UP",
    "edge_up": 0.0555216956878376,
    "edge_down": -0.07301464964709398,
    "target_edge": 0.0555216956878376,
    "target_side": "YES",
    "required_edge": 0.025,
    "min_score": 2.0,
    "skip_gates": [
      "monster_too_early_rem=11.0min"
    ],
    "strike_price": 72766.4,
    "distance": 137.5,
    "raw_deep_ofi": 0.0,
    "raw_cvd": 7.93600000000026,
    "raw_vpin": 0.0,
    "raw_deep_imbalance": 0.5,
    "raw_obi": 0.21733434100514773,
    "monster_signal": true,
    "posterior_final_down": 0.22011092549493405
  },
  "performance": {
    "total_trades": 0,
    "closed_trades": 0,
    "wins": 0,
    "losses": 0,
    "win_rate": 0.0,
    "avg_trade": 0.0,
    "avg_pnl": 0.0,
    "total_pnl": 0,
    "profit_factor": 0.0,
    "sharpe": 0.0,
    "loss_streak": 0
  },
  "perf_db": {
    "total_trades": 0,
    "win_rate": 0.0,
    "profit_factor": 0.0,
    "sharpe_ratio": 0.0,
    "avg_pnl_per_trade": 0.0
  },
  "events": []
}