{
  "ts": 1773151318,
  "status": "HEALTHY",
  "balance": 9.918881,
  "wallet_usdc": 9.918881,
  "pm_collateral_usdc": 9.918881,
  "pm_available_usdc": 9.918881,
  "pm_allowance_usdc": 1.157920892373162e+71,
  "position": "FLAT",
  "runtime_ms": 2555,
  "latencies": {
    "data_fetch_all": 1164.5,
    "fetch_polymarket": 497.5,
    "total_cycle": 2555
  },
  "trades_15m": 0,
  "last_market_slug": "btc-updown-15m-1773151200",
  "last_condition_id": "0x85a814c95ed904e951d5dcb9be0790011a5e9c0bfb6349bc778c454faf9b83b2",
  "unclaimed_usdc": 0.0,
  "api_trade_history": [],
  "signal": {
    "atr14": 220.97848776987078,
    "expected_move": 356.77362939086964,
    "z_score": 0.018695327934932147,
    "posterior_fair_up": 0.5074579607639139,
    "posterior_final_up": 0.21752832328946156,
    "sigma_b": 1.3822043604919096,
    "bvol_multiplier": 2.0,
    "signed_score": -6.791200624387265,
    "ema_score": -2.0,
    "vwap_score": -1.0,
    "rsi_score": 0.0,
    "atr_score": -1.0,
    "macd_score": -1.0,
    "stoch_score": -1.5,
    "mfi_score": 0.0,
    "obv_score": -0.5,
    "cvd_score": 1.2221422996542266,
    "ofi_score": 1.0,
    "imbalance_score": 0.0,
    "flow_accel_score": 1.0,
    "liq_vacuum_score": 0.0,
    "bb_position_score": -1.0,
    "cross_exch_score": -0.5,
    "accum_ofi_score": 0.0,
    "misprice_score": 0.0,
    "mtf_momentum_score": -1.0,
    "adx_stoch_boost": 0.0,
    "spread_pressure_score": 0.0,
    "oracle_lag_score": 2.0,
    "funding_rate_score": 0.0,
    "funding_rate": 2.485e-05,
    "vpin_proxy": 0.0,
    "deep_imbalance": 0.5,
    "deep_ofi": 0.0,
    "cvd": -360.60800000002035,
    "obi": -0.2052555807340029,
    "yes_mid": 0.215,
    "no_mid": 0.785,
    "regime": "high",
    "direction": "DOWN",
    "edge_up": -0.005865118553854021,
    "edge_down": -0.010814704331645886,
    "target_edge": -0.010814704331645886,
    "target_side": "NO",
    "required_edge": 0.025,
    "min_score": 2.0,
    "skip_gates": [
      "edge_insufficient=-0.0108_req=0.035",
      "early_window_rem=13.0min"
    ],
    "strike_price": 69920.2,
    "distance": 6.669999999998254,
    "raw_deep_ofi": 0.0,
    "raw_cvd": -360.60800000002035,
    "raw_vpin": 0.0,
    "raw_deep_imbalance": 0.5,
    "raw_obi": -0.2052555807340029,
    "monster_signal": false,
    "posterior_final_down": 0.7824716767105384
  },
  "performance": {
    "total_trades": 0,
    "closed_trades": 0,
    "wins": 0,
    "losses": 0,
    "win_rate": 0.0,
    "avg_trade": 0.0,
    "avg_pnl": 0.0,
    "total_pnl": 0,
    "profit_factor": 0.0,
    "sharpe": 0.0,
    "loss_streak": 0
  },
  "perf_db": {
    "total_trades": 0,
    "win_rate": 0.0,
    "profit_factor": 0.0,
    "sharpe_ratio": 0.0,
    "avg_pnl_per_trade": 0.0
  },
  "events": []
}