{
  "ts": 1772888642,
  "status": "HEALTHY",
  "balance": 6.767559,
  "wallet_usdc": 6.767559,
  "pm_collateral_usdc": 6.767559,
  "pm_available_usdc": 6.767559,
  "pm_allowance_usdc": 1.157920892373162e+71,
  "position": "FLAT",
  "runtime_ms": 2360,
  "latencies": {
    "data_fetch_all": 1072.9,
    "fetch_polymarket": 330.6,
    "total_cycle": 2360
  },
  "trades_15m": 0,
  "last_market_slug": "btc-updown-15m-1772888400",
  "last_condition_id": "0x2fc49266cbe3b68170c4c8ebc0b70f41fae1db9d9c63f964f454917401f388d2",
  "unclaimed_usdc": 0.0,
  "api_trade_history": [],
  "signal": {
    "atr14": 68.04988488135496,
    "expected_move": 100.78124388490491,
    "z_score": 0.08582946257215011,
    "posterior_fair_up": 0.5341990720582606,
    "posterior_final_up": 0.6409133929592415,
    "sigma_b": 0.2286620160798987,
    "bvol_multiplier": 1.0786620160798988,
    "signed_score": -0.29727958838303364,
    "ema_score": -2.0,
    "vwap_score": 1.0,
    "rsi_score": 0.0,
    "atr_score": 0.0,
    "macd_score": -1.0,
    "stoch_score": 0.0,
    "mfi_score": 0.0,
    "obv_score": -2.5,
    "cvd_score": 1.2221422996542266,
    "ofi_score": 1.0,
    "imbalance_score": 0.0,
    "flow_accel_score": 1.0,
    "liq_vacuum_score": 0.0,
    "bb_position_score": 0.0,
    "cross_exch_score": 0.3,
    "accum_ofi_score": 0.0,
    "misprice_score": 0.0,
    "mtf_momentum_score": 0.0,
    "adx_stoch_boost": 1.0,
    "spread_pressure_score": 0.0,
    "oracle_lag_score": 0.0,
    "funding_rate_score": 0.0,
    "funding_rate": -8.83e-06,
    "vpin_proxy": 0.0,
    "deep_imbalance": 0.5,
    "deep_ofi": 0.0,
    "cvd": 23.26500000000002,
    "obi": 0.06934745941716373,
    "yes_mid": 0.625,
    "no_mid": 0.375,
    "regime": "low",
    "direction": "UP",
    "edge_up": 0.006170633851343199,
    "edge_down": -0.025366066886546967,
    "target_edge": 0.006170633851343199,
    "target_side": "YES",
    "required_edge": 0.05,
    "min_score": 3.0,
    "skip_gates": [
      "edge_insufficient=0.0062_req=0.035",
      "score_low=0.30_req=3.0",
      "early_window_rem=11.0min"
    ],
    "strike_price": 67990.0,
    "distance": 8.64999999999418,
    "raw_deep_ofi": 0.0,
    "raw_cvd": 23.26500000000002,
    "raw_vpin": 0.0,
    "raw_deep_imbalance": 0.5,
    "raw_obi": 0.06934745941716373,
    "monster_signal": false,
    "posterior_final_down": 0.35908660704075845
  },
  "performance": {
    "total_trades": 0,
    "closed_trades": 0,
    "wins": 0,
    "losses": 0,
    "win_rate": 0.0,
    "avg_trade": 0.0,
    "avg_pnl": 0.0,
    "total_pnl": 0,
    "profit_factor": 0.0,
    "sharpe": 0.0,
    "loss_streak": 0
  },
  "perf_db": {
    "total_trades": 0,
    "win_rate": 0.0,
    "profit_factor": 0.0,
    "sharpe_ratio": 0.0,
    "avg_pnl_per_trade": 0.0
  },
  "events": []
}