{
  "ts": 1773862347,
  "status": "HEALTHY",
  "balance": 0.0,
  "wallet_usdc": null,
  "pm_collateral_usdc": 0.0,
  "pm_available_usdc": 0.0,
  "pm_allowance_usdc": 1.157920892373162e+71,
  "position": "FLAT",
  "runtime_ms": 2364,
  "latencies": {
    "data_fetch_all": 508.1,
    "fetch_polymarket": 914.3,
    "total_cycle": 2364
  },
  "trades_15m": 0,
  "last_market_slug": "btc-updown-15m-1773862200",
  "last_condition_id": "0x780b08b29ddac54e36ac68a54373a08ae1c6064e46c3791eb7e1edebb90a802e",
  "unclaimed_usdc": 0.0,
  "api_trade_history": [],
  "signal": {
    "atr14": 187.70874093227084,
    "expected_move": 297.38657378935204,
    "z_score": -0.07471756278997406,
    "posterior_fair_up": 0.47021964845682135,
    "posterior_final_up": 0.3022771850559288,
    "sigma_b": 4.827628530996318,
    "bvol_multiplier": 2.0,
    "signed_score": -13.167883378608492,
    "ema_score": -2.0,
    "vwap_score": -1.0,
    "rsi_score": 0.0,
    "atr_score": -1.0,
    "macd_score": -1.0,
    "stoch_score": 0.0,
    "mfi_score": 0.0,
    "obv_score": -0.5,
    "cvd_score": 1.0229404438510774,
    "ofi_score": 0.0,
    "imbalance_score": 1.0,
    "flow_accel_score": 1.0,
    "liq_vacuum_score": 0.0,
    "bb_position_score": -0.5,
    "cross_exch_score": 0.3,
    "accum_ofi_score": 0.0,
    "misprice_score": 0.0,
    "mtf_momentum_score": -1.0,
    "adx_stoch_boost": -1.0,
    "spread_pressure_score": 0.0,
    "oracle_lag_score": -2.0,
    "funding_rate_score": 0.0,
    "funding_rate": 4.585e-05,
    "vpin_proxy": 0.0,
    "deep_imbalance": 0.5,
    "deep_ofi": 0.0,
    "cvd": -113.83300000000182,
    "obi": -0.22583127224398838,
    "yes_mid": 0.315,
    "no_mid": 0.685,
    "regime": "normal",
    "direction": "DOWN",
    "edge_up": -0.0218337846608318,
    "edge_down": 0.0033969334914180083,
    "target_edge": 0.0033969334914180083,
    "target_side": "NO",
    "required_edge": 0.035,
    "min_score": 2.5,
    "skip_gates": [
      "edge_insufficient=0.0034_req=0.035",
      "monster_too_early_rem=12.6min"
    ],
    "strike_price": 71283.16,
    "distance": -22.220000000001164,
    "raw_deep_ofi": 0.0,
    "raw_cvd": -113.83300000000182,
    "raw_vpin": 0.0,
    "raw_deep_imbalance": 0.5,
    "raw_obi": -0.22583127224398838,
    "monster_signal": true,
    "posterior_final_down": 0.6977228149440712
  },
  "performance": {
    "total_trades": 0,
    "closed_trades": 0,
    "wins": 0,
    "losses": 0,
    "win_rate": 0.0,
    "avg_trade": 0.0,
    "avg_pnl": 0.0,
    "total_pnl": 0,
    "profit_factor": 0.0,
    "sharpe": 0.0,
    "loss_streak": 0
  },
  "perf_db": {
    "total_trades": 0,
    "win_rate": 0.0,
    "profit_factor": 0.0,
    "sharpe_ratio": 0.0,
    "avg_pnl_per_trade": 0.0
  },
  "events": []
}