{
  "ts": 1773066107,
  "status": "HEALTHY",
  "balance": 8.061552,
  "wallet_usdc": 8.061552,
  "pm_collateral_usdc": 8.061552,
  "pm_available_usdc": 8.061552,
  "pm_allowance_usdc": 1.157920892373162e+71,
  "position": "FLAT",
  "runtime_ms": 3598,
  "latencies": {
    "data_fetch_all": 1710.3,
    "fetch_polymarket": 646.3,
    "total_cycle": 3598
  },
  "trades_15m": 0,
  "last_market_slug": "btc-updown-15m-1773065700",
  "last_condition_id": "0xa367f90db5855fde9bee7a1f4402a59c275e5fb0ca3455a56e4e1a9bbee6eb64",
  "unclaimed_usdc": 0.0,
  "api_trade_history": [],
  "signal": {
    "atr14": 286.07084540400734,
    "expected_move": 366.72155011193706,
    "z_score": 1.1266040947795009,
    "posterior_fair_up": 0.8700449951253422,
    "posterior_final_up": 0.8938769301772129,
    "sigma_b": 0.15945556576395195,
    "bvol_multiplier": 1.009455565763952,
    "signed_score": 14.592184536968807,
    "ema_score": 2.0,
    "vwap_score": 1.0,
    "rsi_score": 0.0,
    "atr_score": 1.0,
    "macd_score": 1.0,
    "stoch_score": 1.5,
    "mfi_score": 0.0,
    "obv_score": -0.5,
    "cvd_score": 1.2221422996542266,
    "ofi_score": 1.0,
    "imbalance_score": 0.0,
    "flow_accel_score": 1.0,
    "liq_vacuum_score": 0.0,
    "bb_position_score": 1.0,
    "cross_exch_score": 0.5,
    "accum_ofi_score": 0.0,
    "misprice_score": 1.5,
    "mtf_momentum_score": 1.0,
    "adx_stoch_boost": 0.0,
    "spread_pressure_score": 0.0,
    "oracle_lag_score": 2.0,
    "funding_rate_score": 0.0,
    "funding_rate": -2.742e-05,
    "vpin_proxy": 0.0,
    "deep_imbalance": 0.5,
    "deep_ofi": 0.0,
    "cvd": 132.79200000000407,
    "obi": 0.22167945878102688,
    "yes_mid": 0.765,
    "no_mid": 0.22999999999999998,
    "regime": "high",
    "direction": "UP",
    "edge_up": 0.11976509629839771,
    "edge_down": -0.13549000083851928,
    "target_edge": 0.11976509629839771,
    "target_side": "YES",
    "required_edge": 0.025,
    "min_score": 2.0,
    "skip_gates": [],
    "strike_price": 68856.0,
    "distance": 413.1499999999942,
    "raw_deep_ofi": 0.0,
    "raw_cvd": 132.79200000000407,
    "raw_vpin": 0.0,
    "raw_deep_imbalance": 0.5,
    "raw_obi": 0.22167945878102688,
    "monster_signal": true,
    "posterior_final_down": 0.10612306982278708
  },
  "performance": {
    "total_trades": 0,
    "closed_trades": 0,
    "wins": 0,
    "losses": 0,
    "win_rate": 0.0,
    "avg_trade": 0.0,
    "avg_pnl": 0.0,
    "total_pnl": 0,
    "profit_factor": 0.0,
    "sharpe": 0.0,
    "loss_streak": 0
  },
  "perf_db": {
    "total_trades": 0,
    "win_rate": 0.0,
    "profit_factor": 0.0,
    "sharpe_ratio": 0.0,
    "avg_pnl_per_trade": 0.0
  },
  "events": []
}