{
  "ts": 1772872874,
  "status": "HEALTHY",
  "balance": 4.567559,
  "wallet_usdc": 4.567559,
  "pm_collateral_usdc": 4.567559,
  "pm_available_usdc": 4.567559,
  "pm_allowance_usdc": 1.157920892373162e+71,
  "position": "FLAT",
  "runtime_ms": 1901,
  "latencies": {
    "data_fetch_all": 338.8,
    "fetch_polymarket": 369.2,
    "total_cycle": 1901
  },
  "trades_15m": 0,
  "last_market_slug": "btc-updown-15m-1772872200",
  "last_condition_id": "0x19cc8abe614a3b35db6940599235c61359f8b8a7d63b274df9790805d562bbeb",
  "unclaimed_usdc": 0.0,
  "api_trade_history": [],
  "signal": {
    "atr14": 82.5432122330664,
    "expected_move": 71.64319707597708,
    "z_score": -0.2861402175877202,
    "posterior_fair_up": 0.3873854310916732,
    "posterior_final_up": 0.1615147344450358,
    "sigma_b": 0.3980467193166051,
    "bvol_multiplier": 1.2480467193166052,
    "signed_score": 10.677663220072917,
    "ema_score": 2.0,
    "vwap_score": -1.0,
    "rsi_score": 0.0,
    "atr_score": 0.0,
    "macd_score": 1.0,
    "stoch_score": 0.0,
    "mfi_score": 0.0,
    "obv_score": 2.5,
    "cvd_score": 1.2221422996542266,
    "ofi_score": 1.0,
    "imbalance_score": 0.0,
    "flow_accel_score": 1.0,
    "liq_vacuum_score": 0.0,
    "bb_position_score": 0.5,
    "cross_exch_score": -0.3,
    "accum_ofi_score": 0.0,
    "misprice_score": 0.0,
    "mtf_momentum_score": 0.0,
    "adx_stoch_boost": 1.0,
    "spread_pressure_score": -0.0,
    "oracle_lag_score": 0.0,
    "funding_rate_score": 0.0,
    "funding_rate": 2.825e-05,
    "vpin_proxy": 0.0,
    "deep_imbalance": 0.5,
    "deep_ofi": 0.0,
    "cvd": 7.580000000000048,
    "obi": -0.14586575701247062,
    "yes_mid": 0.195,
    "no_mid": 0.805,
    "regime": "normal",
    "direction": "DOWN",
    "edge_up": -0.04106950130608478,
    "edge_down": 0.02529902154585517,
    "target_edge": 0.02529902154585517,
    "target_side": "NO",
    "required_edge": 0.035,
    "min_score": 2.5,
    "skip_gates": [
      "edge_insufficient=0.0253_req=0.035"
    ],
    "strike_price": 67943.43,
    "distance": -20.5,
    "raw_deep_ofi": 0.0,
    "raw_cvd": 7.580000000000048,
    "raw_vpin": 0.0,
    "raw_deep_imbalance": 0.5,
    "raw_obi": -0.14586575701247062,
    "monster_signal": true,
    "posterior_final_down": 0.8384852655549642
  },
  "performance": {
    "total_trades": 0,
    "closed_trades": 0,
    "wins": 0,
    "losses": 0,
    "win_rate": 0.0,
    "avg_trade": 0.0,
    "avg_pnl": 0.0,
    "total_pnl": 0,
    "profit_factor": 0.0,
    "sharpe": 0.0,
    "loss_streak": 0
  },
  "perf_db": {
    "total_trades": 0,
    "win_rate": 0.0,
    "profit_factor": 0.0,
    "sharpe_ratio": 0.0,
    "avg_pnl_per_trade": 0.0
  },
  "events": []
}