{
  "ts": 1773431066,
  "status": "HEALTHY",
  "balance": 0.0,
  "wallet_usdc": null,
  "pm_collateral_usdc": 0.0,
  "pm_available_usdc": 0.0,
  "pm_allowance_usdc": 1.157920892373162e+71,
  "position": "FLAT",
  "runtime_ms": 3500,
  "latencies": {
    "data_fetch_all": 908.8,
    "fetch_polymarket": 1491.9,
    "total_cycle": 3500
  },
  "trades_15m": 0,
  "last_market_slug": "btc-updown-15m-1773430200",
  "last_condition_id": "0x592710d0ad0b1fef2646e2e9865b611a05252ad6c6febe2bf7b52b05fdaaa785",
  "unclaimed_usdc": 0.0,
  "api_trade_history": [],
  "signal": {
    "atr14": 172.24170959836187,
    "expected_move": 57.98519988935275,
    "z_score": -0.15486710431509323,
    "posterior_fair_up": 0.4384630309057296,
    "posterior_final_up": 0.9326316034470858,
    "sigma_b": 0.5419739274388696,
    "bvol_multiplier": 1.3919739274388696,
    "signed_score": -3.69962546913407,
    "ema_score": -2.0,
    "vwap_score": -1.0,
    "rsi_score": 0.0,
    "atr_score": -1.0,
    "macd_score": 1.0,
    "stoch_score": 0.0,
    "mfi_score": 0.0,
    "obv_score": -0.5,
    "cvd_score": -1.031833391680986,
    "ofi_score": 1.0,
    "imbalance_score": 0.0,
    "flow_accel_score": 1.0,
    "liq_vacuum_score": 0.0,
    "bb_position_score": 0.0,
    "cross_exch_score": 0.5,
    "accum_ofi_score": 0.0,
    "misprice_score": 0.0,
    "mtf_momentum_score": -1.0,
    "adx_stoch_boost": -1.0,
    "spread_pressure_score": 0.0,
    "oracle_lag_score": 0.0,
    "funding_rate_score": 0.0,
    "funding_rate": 1.134e-05,
    "vpin_proxy": 0.0,
    "deep_imbalance": 0.5,
    "deep_ofi": 0.0,
    "cvd": -12.413999999999099,
    "obi": 0.26951563955409996,
    "yes_mid": 0.94,
    "no_mid": 0.05500000000000001,
    "regime": "normal",
    "direction": "UP",
    "edge_up": -0.018301028156361143,
    "edge_down": -0.0038846556229700513,
    "target_edge": -0.018301028156361143,
    "target_side": "YES",
    "required_edge": 0.035,
    "min_score": 2.5,
    "skip_gates": [
      "edge_insufficient=-0.0183_req=0.010"
    ],
    "strike_price": 71091.67,
    "distance": -8.979999999995925,
    "raw_deep_ofi": 0.0,
    "raw_cvd": -12.413999999999099,
    "raw_vpin": 0.0,
    "raw_deep_imbalance": 0.5,
    "raw_obi": 0.26951563955409996,
    "monster_signal": true,
    "posterior_final_down": 0.06736839655291416
  },
  "performance": {
    "total_trades": 0,
    "closed_trades": 0,
    "wins": 0,
    "losses": 0,
    "win_rate": 0.0,
    "avg_trade": 0.0,
    "avg_pnl": 0.0,
    "total_pnl": 0,
    "profit_factor": 0.0,
    "sharpe": 0.0,
    "loss_streak": 0
  },
  "perf_db": {
    "total_trades": 0,
    "win_rate": 0.0,
    "profit_factor": 0.0,
    "sharpe_ratio": 0.0,
    "avg_pnl_per_trade": 0.0
  },
  "events": []
}