{
  "ts": 1773940294,
  "status": "HEALTHY",
  "balance": 0.0,
  "wallet_usdc": null,
  "pm_collateral_usdc": 0.0,
  "pm_available_usdc": 0.0,
  "pm_allowance_usdc": 1.157920892373162e+71,
  "position": "FLAT",
  "runtime_ms": 1531,
  "latencies": {
    "data_fetch_all": 349.2,
    "fetch_polymarket": 323.3,
    "total_cycle": 1531
  },
  "trades_15m": 0,
  "last_market_slug": "btc-updown-15m-1773939600",
  "last_condition_id": "0xa2a48d4dda753fd56f27e82edffc8bd1f06f7c44e47de401f8e76a277f2a6d57",
  "unclaimed_usdc": 0.0,
  "api_trade_history": [],
  "signal": {
    "atr14": 206.33558136707796,
    "expected_move": 170.98070710313635,
    "z_score": -1.1596630015127696,
    "posterior_fair_up": 0.12309307825779614,
    "posterior_final_up": 0.0037702001039980576,
    "sigma_b": 1.9573529828085123,
    "bvol_multiplier": 1.5,
    "signed_score": -0.46073002716509537,
    "ema_score": 2.0,
    "vwap_score": -1.0,
    "rsi_score": 0.0,
    "atr_score": 1.0,
    "macd_score": -1.0,
    "stoch_score": -1.0,
    "mfi_score": 0.0,
    "obv_score": -0.5,
    "cvd_score": 1.0229404438510774,
    "ofi_score": 0.0,
    "imbalance_score": 1.0,
    "flow_accel_score": 1.0,
    "liq_vacuum_score": 0.0,
    "bb_position_score": 0.0,
    "cross_exch_score": 0.5,
    "accum_ofi_score": 0.0,
    "misprice_score": 0.0,
    "mtf_momentum_score": -1.0,
    "adx_stoch_boost": 0.0,
    "spread_pressure_score": -0.5,
    "oracle_lag_score": -2.0,
    "funding_rate_score": 0.0,
    "funding_rate": 1.529e-05,
    "vpin_proxy": 0.0,
    "deep_imbalance": 0.5,
    "deep_ofi": 0.0,
    "cvd": -63.0210000000015,
    "obi": -0.6109248245585732,
    "yes_mid": 0.006500000000000001,
    "no_mid": 0.9935,
    "regime": "high",
    "direction": "DOWN",
    "edge_up": -0.004304600666065264,
    "edge_down": 0.0011301769160123598,
    "target_edge": 0.0011301769160123598,
    "target_side": "NO",
    "required_edge": 0.025,
    "min_score": 2.0,
    "skip_gates": [],
    "strike_price": 69449.31,
    "distance": -198.27999999999884,
    "raw_deep_ofi": 0.0,
    "raw_cvd": -63.0210000000015,
    "raw_vpin": 0.0,
    "raw_deep_imbalance": 0.5,
    "raw_obi": -0.6109248245585732,
    "monster_signal": true,
    "posterior_final_down": 0.9962297998960019
  },
  "performance": {
    "total_trades": 0,
    "closed_trades": 0,
    "wins": 0,
    "losses": 0,
    "win_rate": 0.0,
    "avg_trade": 0.0,
    "avg_pnl": 0.0,
    "total_pnl": 0,
    "profit_factor": 0.0,
    "sharpe": 0.0,
    "loss_streak": 0
  },
  "perf_db": {
    "total_trades": 0,
    "win_rate": 0.0,
    "profit_factor": 0.0,
    "sharpe_ratio": 0.0,
    "avg_pnl_per_trade": 0.0
  },
  "events": []
}