{
  "ts": 1773430436,
  "status": "HEALTHY",
  "balance": 0.0,
  "wallet_usdc": null,
  "pm_collateral_usdc": 0.0,
  "pm_available_usdc": 0.0,
  "pm_allowance_usdc": 1.157920892373162e+71,
  "position": "FLAT",
  "runtime_ms": 1756,
  "latencies": {
    "data_fetch_all": 389.3,
    "fetch_polymarket": 366.7,
    "total_cycle": 1756
  },
  "trades_15m": 0,
  "last_market_slug": "btc-updown-15m-1773430200",
  "last_condition_id": "0x592710d0ad0b1fef2646e2e9865b611a05252ad6c6febe2bf7b52b05fdaaa785",
  "unclaimed_usdc": 0.0,
  "api_trade_history": [],
  "signal": {
    "atr14": 171.11127847703753,
    "expected_move": 254.56696714904402,
    "z_score": -0.09706679651615846,
    "posterior_fair_up": 0.4613366155389646,
    "posterior_final_up": 0.6475243965806153,
    "sigma_b": 0.25720602890161887,
    "bvol_multiplier": 1.1072060289016188,
    "signed_score": -3.562797121471342,
    "ema_score": -2.0,
    "vwap_score": -1.0,
    "rsi_score": 0.0,
    "atr_score": -1.0,
    "macd_score": 1.0,
    "stoch_score": 0.0,
    "mfi_score": 0.0,
    "obv_score": -0.5,
    "cvd_score": -1.031833391680986,
    "ofi_score": 1.0,
    "imbalance_score": 0.0,
    "flow_accel_score": 1.0,
    "liq_vacuum_score": 0.0,
    "bb_position_score": -0.5,
    "cross_exch_score": 0.3,
    "accum_ofi_score": 0.0,
    "misprice_score": 0.0,
    "mtf_momentum_score": -1.0,
    "adx_stoch_boost": -1.0,
    "spread_pressure_score": 0.0,
    "oracle_lag_score": 0.0,
    "funding_rate_score": 0.0,
    "funding_rate": 1.312e-05,
    "vpin_proxy": 0.0,
    "deep_imbalance": 0.5,
    "deep_ofi": 0.0,
    "cvd": -23.28900000000027,
    "obi": 0.09258041928301353,
    "yes_mid": 0.665,
    "no_mid": 0.335,
    "regime": "normal",
    "direction": "UP",
    "edge_up": -0.0267492644368168,
    "edge_down": 0.007822925454248786,
    "target_edge": -0.0267492644368168,
    "target_side": "YES",
    "required_edge": 0.035,
    "min_score": 2.5,
    "skip_gates": [
      "edge_insufficient=-0.0267_req=0.035",
      "early_window_rem=11.1min"
    ],
    "strike_price": 71091.67,
    "distance": -24.70999999999185,
    "raw_deep_ofi": 0.0,
    "raw_cvd": -23.28900000000027,
    "raw_vpin": 0.0,
    "raw_deep_imbalance": 0.5,
    "raw_obi": 0.09258041928301353,
    "monster_signal": false,
    "posterior_final_down": 0.35247560341938466
  },
  "performance": {
    "total_trades": 0,
    "closed_trades": 0,
    "wins": 0,
    "losses": 0,
    "win_rate": 0.0,
    "avg_trade": 0.0,
    "avg_pnl": 0.0,
    "total_pnl": 0,
    "profit_factor": 0.0,
    "sharpe": 0.0,
    "loss_streak": 0
  },
  "perf_db": {
    "total_trades": 0,
    "win_rate": 0.0,
    "profit_factor": 0.0,
    "sharpe_ratio": 0.0,
    "avg_pnl_per_trade": 0.0
  },
  "events": []
}