{
  "ts": 1772986714,
  "status": "HEALTHY",
  "balance": 6.767559,
  "wallet_usdc": 6.767559,
  "pm_collateral_usdc": 6.767559,
  "pm_available_usdc": 6.767559,
  "pm_allowance_usdc": 1.157920892373162e+71,
  "position": "FLAT",
  "runtime_ms": 2729,
  "latencies": {
    "data_fetch_all": 556.2,
    "fetch_polymarket": 499.7,
    "total_cycle": 2729
  },
  "trades_15m": 0,
  "last_market_slug": "btc-updown-15m-1772986500",
  "last_condition_id": "0xa440d46b8b5205dd6baed64c0abb5133ac5550f441da9d715b8662e55926e7c8",
  "unclaimed_usdc": 0.0,
  "api_trade_history": [],
  "signal": {
    "atr14": 109.53397643686128,
    "expected_move": 165.63430308899004,
    "z_score": -0.02197612410059625,
    "posterior_fair_up": 0.4912334572649202,
    "posterior_final_up": 0.600801979801653,
    "sigma_b": 0.24499020584796888,
    "bvol_multiplier": 1.0949902058479688,
    "signed_score": -3.455351435422821,
    "ema_score": -2.0,
    "vwap_score": -1.0,
    "rsi_score": 0.0,
    "atr_score": 0.0,
    "macd_score": -1.0,
    "stoch_score": -1.5,
    "mfi_score": 0.0,
    "obv_score": -0.5,
    "cvd_score": 1.2221422996542266,
    "ofi_score": 1.0,
    "imbalance_score": 0.0,
    "flow_accel_score": 1.0,
    "liq_vacuum_score": 0.0,
    "bb_position_score": -0.5,
    "cross_exch_score": 0.3,
    "accum_ofi_score": 0.0,
    "misprice_score": 0.0,
    "mtf_momentum_score": -1.0,
    "adx_stoch_boost": 0.0,
    "spread_pressure_score": 0.0,
    "oracle_lag_score": 0.0,
    "funding_rate_score": 0.0,
    "funding_rate": -3.649e-05,
    "vpin_proxy": 0.0,
    "deep_imbalance": 0.5,
    "deep_ofi": 0.0,
    "cvd": -55.15200000000063,
    "obi": 0.13016335951186564,
    "yes_mid": 0.605,
    "no_mid": 0.395,
    "regime": "normal",
    "direction": "UP",
    "edge_up": -0.01388427564079997,
    "edge_down": -0.005592356044033131,
    "target_edge": -0.01388427564079997,
    "target_side": "YES",
    "required_edge": 0.035,
    "min_score": 2.5,
    "skip_gates": [
      "edge_insufficient=-0.0139_req=0.035",
      "early_window_rem=11.4min"
    ],
    "strike_price": 67087.04,
    "distance": -3.639999999999418,
    "raw_deep_ofi": 0.0,
    "raw_cvd": -55.15200000000063,
    "raw_vpin": 0.0,
    "raw_deep_imbalance": 0.5,
    "raw_obi": 0.13016335951186564,
    "monster_signal": false,
    "posterior_final_down": 0.39919802019834705
  },
  "performance": {
    "total_trades": 0,
    "closed_trades": 0,
    "wins": 0,
    "losses": 0,
    "win_rate": 0.0,
    "avg_trade": 0.0,
    "avg_pnl": 0.0,
    "total_pnl": 0,
    "profit_factor": 0.0,
    "sharpe": 0.0,
    "loss_streak": 0
  },
  "perf_db": {
    "total_trades": 0,
    "win_rate": 0.0,
    "profit_factor": 0.0,
    "sharpe_ratio": 0.0,
    "avg_pnl_per_trade": 0.0
  },
  "events": []
}