{
  "ts": 1773014729,
  "status": "HEALTHY",
  "balance": 6.767559,
  "wallet_usdc": 6.767559,
  "pm_collateral_usdc": 6.767559,
  "pm_available_usdc": 6.767559,
  "pm_allowance_usdc": 1.157920892373162e+71,
  "position": "FLAT",
  "runtime_ms": 3497,
  "latencies": {
    "data_fetch_all": 1508.5,
    "fetch_polymarket": 507.1,
    "total_cycle": 3497
  },
  "trades_15m": 0,
  "last_market_slug": "btc-updown-15m-1773014400",
  "last_condition_id": "0xd5de982bc636508cca2f83acdc89d20ced5ad0ceb32a61d18a1504c1da0c3eb3",
  "unclaimed_usdc": 0.0,
  "api_trade_history": [],
  "signal": {
    "atr14": 203.49678066674872,
    "expected_move": 280.74690020567346,
    "z_score": 0.23551462171641516,
    "posterior_fair_up": 0.5930952863489706,
    "posterior_final_up": 0.9370675616486268,
    "sigma_b": 0.32848869516875384,
    "bvol_multiplier": 1.1784886951687539,
    "signed_score": -2.021815573348181,
    "ema_score": -2.0,
    "vwap_score": 1.0,
    "rsi_score": 0.0,
    "atr_score": -1.0,
    "macd_score": -1.0,
    "stoch_score": -1.5,
    "mfi_score": 0.0,
    "obv_score": 0.5,
    "cvd_score": 1.2221422996542266,
    "ofi_score": 1.0,
    "imbalance_score": 0.0,
    "flow_accel_score": 1.0,
    "liq_vacuum_score": 0.0,
    "bb_position_score": -0.5,
    "cross_exch_score": 0.5,
    "accum_ofi_score": 0.0,
    "misprice_score": 0.0,
    "mtf_momentum_score": 0.0,
    "adx_stoch_boost": 1.0,
    "spread_pressure_score": 0.0,
    "oracle_lag_score": -2.0,
    "funding_rate_score": 0.0,
    "funding_rate": -5.749e-05,
    "vpin_proxy": 0.0,
    "deep_imbalance": 0.5,
    "deep_ofi": 0.0,
    "cvd": 68.08800000000099,
    "obi": 0.5924826361156488,
    "yes_mid": 0.925,
    "no_mid": 0.07500000000000001,
    "regime": "high",
    "direction": "UP",
    "edge_up": 0.005755667062318781,
    "edge_down": -0.018225518514292077,
    "target_edge": 0.005755667062318781,
    "target_side": "YES",
    "required_edge": 0.025,
    "min_score": 2.0,
    "skip_gates": [
      "edge_insufficient=0.0058_req=0.012"
    ],
    "strike_price": 65970.56,
    "distance": 66.11999999999534,
    "raw_deep_ofi": 0.0,
    "raw_cvd": 68.08800000000099,
    "raw_vpin": 0.0,
    "raw_deep_imbalance": 0.5,
    "raw_obi": 0.5924826361156488,
    "monster_signal": true,
    "posterior_final_down": 0.06293243835137319
  },
  "performance": {
    "total_trades": 0,
    "closed_trades": 0,
    "wins": 0,
    "losses": 0,
    "win_rate": 0.0,
    "avg_trade": 0.0,
    "avg_pnl": 0.0,
    "total_pnl": 0,
    "profit_factor": 0.0,
    "sharpe": 0.0,
    "loss_streak": 0
  },
  "perf_db": {
    "total_trades": 0,
    "win_rate": 0.0,
    "profit_factor": 0.0,
    "sharpe_ratio": 0.0,
    "avg_pnl_per_trade": 0.0
  },
  "events": []
}