{
  "ts": 1773625363,
  "status": "HEALTHY",
  "balance": 0.0,
  "wallet_usdc": null,
  "pm_collateral_usdc": 0.0,
  "pm_available_usdc": 0.0,
  "pm_allowance_usdc": 1.157920892373162e+71,
  "position": "FLAT",
  "runtime_ms": 1956,
  "latencies": {
    "data_fetch_all": 432.4,
    "fetch_polymarket": 336.2,
    "total_cycle": 1956
  },
  "trades_15m": 0,
  "last_market_slug": "btc-updown-15m-1773624600",
  "last_condition_id": "0x918ce353c7115fb9f9816dececb0aaa1e65638a8fd302bd37426204ceec38188",
  "unclaimed_usdc": 0.0,
  "api_trade_history": [],
  "signal": {
    "atr14": 164.4462928696475,
    "expected_move": 111.12806281769504,
    "z_score": -0.11509244088035189,
    "posterior_fair_up": 0.4541858790578323,
    "posterior_final_up": 0.15742503855786363,
    "sigma_b": 0.652601658793086,
    "bvol_multiplier": 1.5,
    "signed_score": 3.619269972834905,
    "ema_score": -2.0,
    "vwap_score": 1.0,
    "rsi_score": 0.0,
    "atr_score": -1.0,
    "macd_score": 1.0,
    "stoch_score": 1.0,
    "mfi_score": 0.0,
    "obv_score": 0.5,
    "cvd_score": 1.0229404438510774,
    "ofi_score": 0.0,
    "imbalance_score": 1.0,
    "flow_accel_score": 1.0,
    "liq_vacuum_score": 0.0,
    "bb_position_score": 0.0,
    "cross_exch_score": -0.3,
    "accum_ofi_score": 0.0,
    "misprice_score": 0.0,
    "mtf_momentum_score": 1.0,
    "adx_stoch_boost": 0.0,
    "spread_pressure_score": -0.5,
    "oracle_lag_score": 0.0,
    "funding_rate_score": 0.0,
    "funding_rate": 4.846e-05,
    "vpin_proxy": 0.0,
    "deep_imbalance": 0.5,
    "deep_ofi": 0.0,
    "cvd": -32.27399999999957,
    "obi": -0.34844930667376606,
    "yes_mid": 0.16999999999999998,
    "no_mid": 0.83,
    "regime": "normal",
    "direction": "DOWN",
    "edge_up": -0.025156732074485322,
    "edge_down": -0.00012127843447840014,
    "target_edge": -0.00012127843447840014,
    "target_side": "NO",
    "required_edge": 0.035,
    "min_score": 2.5,
    "skip_gates": [
      "edge_insufficient=-0.0001_req=0.035"
    ],
    "strike_price": 72660.36,
    "distance": -12.789999999993597,
    "raw_deep_ofi": 0.0,
    "raw_cvd": -32.27399999999957,
    "raw_vpin": 0.0,
    "raw_deep_imbalance": 0.5,
    "raw_obi": -0.34844930667376606,
    "monster_signal": false,
    "posterior_final_down": 0.8425749614421364
  },
  "performance": {
    "total_trades": 0,
    "closed_trades": 0,
    "wins": 0,
    "losses": 0,
    "win_rate": 0.0,
    "avg_trade": 0.0,
    "avg_pnl": 0.0,
    "total_pnl": 0,
    "profit_factor": 0.0,
    "sharpe": 0.0,
    "loss_streak": 0
  },
  "perf_db": {
    "total_trades": 0,
    "win_rate": 0.0,
    "profit_factor": 0.0,
    "sharpe_ratio": 0.0,
    "avg_pnl_per_trade": 0.0
  },
  "events": []
}