{
  "ts": 1773618478,
  "status": "HEALTHY",
  "balance": 0.0,
  "wallet_usdc": null,
  "pm_collateral_usdc": 0.0,
  "pm_available_usdc": 0.0,
  "pm_allowance_usdc": 1.157920892373162e+71,
  "position": "FLAT",
  "runtime_ms": 1786,
  "latencies": {
    "data_fetch_all": 506.4,
    "fetch_polymarket": 392.7,
    "total_cycle": 1786
  },
  "trades_15m": 0,
  "last_market_slug": "btc-updown-15m-1773618300",
  "last_condition_id": "0x83a567cb90bf5d3f762730e9274a0cf76edb1edd5ab586125a278a5aa43ad7df",
  "unclaimed_usdc": 0.0,
  "api_trade_history": [],
  "signal": {
    "atr14": 213.25581237471565,
    "expected_move": 330.83301916714794,
    "z_score": 0.032040332693139655,
    "posterior_fair_up": 0.5127801120158605,
    "posterior_final_up": 0.5013912778808477,
    "sigma_b": 3.84978849296741,
    "bvol_multiplier": 2.0,
    "signed_score": 11.032116621391507,
    "ema_score": 2.0,
    "vwap_score": 1.0,
    "rsi_score": 0.0,
    "atr_score": 1.0,
    "macd_score": -1.0,
    "stoch_score": 0.0,
    "mfi_score": 0.0,
    "obv_score": 0.5,
    "cvd_score": 1.0229404438510774,
    "ofi_score": 0.0,
    "imbalance_score": 1.0,
    "flow_accel_score": 1.0,
    "liq_vacuum_score": 0.0,
    "bb_position_score": 0.0,
    "cross_exch_score": -0.3,
    "accum_ofi_score": 0.0,
    "misprice_score": 0.0,
    "mtf_momentum_score": 1.0,
    "adx_stoch_boost": -1.0,
    "spread_pressure_score": 0.0,
    "oracle_lag_score": 0.0,
    "funding_rate_score": 0.0,
    "funding_rate": 2.11e-05,
    "vpin_proxy": 0.0,
    "deep_imbalance": 0.5,
    "deep_ofi": 0.0,
    "cvd": -5.891999999999571,
    "obi": -0.07540771035040734,
    "yes_mid": 0.495,
    "no_mid": 0.505,
    "regime": "high",
    "direction": "UP",
    "edge_up": -0.0036226348979607748,
    "edge_down": -0.01627764335761539,
    "target_edge": -0.0036226348979607748,
    "target_side": "YES",
    "required_edge": 0.025,
    "min_score": 2.0,
    "skip_gates": [
      "edge_insufficient=-0.0036_req=0.035",
      "monster_too_early_rem=12.0min"
    ],
    "strike_price": 72710.77,
    "distance": 10.599999999991269,
    "raw_deep_ofi": 0.0,
    "raw_cvd": -5.891999999999571,
    "raw_vpin": 0.0,
    "raw_deep_imbalance": 0.5,
    "raw_obi": -0.07540771035040734,
    "monster_signal": true,
    "posterior_final_down": 0.4986087221191523
  },
  "performance": {
    "total_trades": 0,
    "closed_trades": 0,
    "wins": 0,
    "losses": 0,
    "win_rate": 0.0,
    "avg_trade": 0.0,
    "avg_pnl": 0.0,
    "total_pnl": 0,
    "profit_factor": 0.0,
    "sharpe": 0.0,
    "loss_streak": 0
  },
  "perf_db": {
    "total_trades": 0,
    "win_rate": 0.0,
    "profit_factor": 0.0,
    "sharpe_ratio": 0.0,
    "avg_pnl_per_trade": 0.0
  },
  "events": []
}