{
  "ts": 1772876744,
  "status": "HEALTHY",
  "balance": 4.567559,
  "wallet_usdc": 4.567559,
  "pm_collateral_usdc": 4.567559,
  "pm_available_usdc": 4.567559,
  "pm_allowance_usdc": 1.157920892373162e+71,
  "position": "FLAT",
  "runtime_ms": 3273,
  "latencies": {
    "data_fetch_all": 1441.5,
    "fetch_polymarket": 399.2,
    "total_cycle": 3273
  },
  "trades_15m": 0,
  "last_market_slug": "btc-updown-15m-1772876700",
  "last_condition_id": "0x5bab4b9ed6db832980d66a20035392e9dc9076b269b81c1876fe13b949e951e3",
  "unclaimed_usdc": 0.0,
  "api_trade_history": [],
  "signal": {
    "atr14": 77.62111266555361,
    "expected_move": 131.11612899145823,
    "z_score": 0.0178467745958924,
    "posterior_fair_up": 0.5071194921327988,
    "posterior_final_up": 0.5035599265181407,
    "sigma_b": 5.040134246139684,
    "bvol_multiplier": 2.0,
    "signed_score": 7.288799375612735,
    "ema_score": 2.0,
    "vwap_score": -1.0,
    "rsi_score": 0.0,
    "atr_score": 0.0,
    "macd_score": 1.0,
    "stoch_score": 0.0,
    "mfi_score": 0.0,
    "obv_score": 0.5,
    "cvd_score": 1.2221422996542266,
    "ofi_score": 1.0,
    "imbalance_score": 0.0,
    "flow_accel_score": 1.0,
    "liq_vacuum_score": 0.0,
    "bb_position_score": 0.5,
    "cross_exch_score": -0.3,
    "accum_ofi_score": 0.0,
    "misprice_score": 0.0,
    "mtf_momentum_score": 0.0,
    "adx_stoch_boost": -1.0,
    "spread_pressure_score": 0.0,
    "oracle_lag_score": 0.0,
    "funding_rate_score": 0.0,
    "funding_rate": 1.977e-05,
    "vpin_proxy": 0.0,
    "deep_imbalance": 0.5,
    "deep_ofi": 0.0,
    "cvd": -1.5480000000000007,
    "obi": -0.017283690359840807,
    "yes_mid": 0.5,
    "no_mid": 0.5,
    "regime": "low",
    "direction": "UP",
    "edge_up": -0.011374960761737052,
    "edge_down": -0.018425039238262997,
    "target_edge": -0.011374960761737052,
    "target_side": "YES",
    "required_edge": 0.05,
    "min_score": 3.0,
    "skip_gates": [
      "edge_insufficient=-0.0114_req=0.035"
    ],
    "strike_price": 67967.11,
    "distance": 2.3399999999965075,
    "raw_deep_ofi": 0.0,
    "raw_cvd": -1.5480000000000007,
    "raw_vpin": 0.0,
    "raw_deep_imbalance": 0.5,
    "raw_obi": -0.017283690359840807,
    "monster_signal": false,
    "posterior_final_down": 0.49644007348185926
  },
  "performance": {
    "total_trades": 0,
    "closed_trades": 0,
    "wins": 0,
    "losses": 0,
    "win_rate": 0.0,
    "avg_trade": 0.0,
    "avg_pnl": 0.0,
    "total_pnl": 0,
    "profit_factor": 0.0,
    "sharpe": 0.0,
    "loss_streak": 0
  },
  "perf_db": {
    "total_trades": 0,
    "win_rate": 0.0,
    "profit_factor": 0.0,
    "sharpe_ratio": 0.0,
    "avg_pnl_per_trade": 0.0
  },
  "events": []
}