{
  "ts": 1773837510,
  "status": "HEALTHY",
  "balance": 0.0,
  "wallet_usdc": null,
  "pm_collateral_usdc": 0.0,
  "pm_available_usdc": 0.0,
  "pm_allowance_usdc": 1.157920892373162e+71,
  "position": "FLAT",
  "runtime_ms": 1877,
  "latencies": {
    "data_fetch_all": 365.1,
    "fetch_polymarket": 364.5,
    "total_cycle": 1877
  },
  "trades_15m": 0,
  "last_market_slug": "btc-updown-15m-1773837000",
  "last_condition_id": "0x962ebda5847857c86f8201e21839e2cc3d8985c9232527e8cdee525eb40e13be",
  "unclaimed_usdc": 0.0,
  "api_trade_history": [],
  "signal": {
    "atr14": 191.70423492470454,
    "expected_move": 218.57645754858,
    "z_score": -1.7714167588883487,
    "posterior_fair_up": 0.038245665254045935,
    "posterior_final_up": 0.008666873025442456,
    "sigma_b": 0.35258277016124207,
    "bvol_multiplier": 1.2025827701612422,
    "signed_score": -10.082383821593824,
    "ema_score": -2.0,
    "vwap_score": -1.0,
    "rsi_score": -1.0,
    "atr_score": -1.0,
    "macd_score": -1.0,
    "stoch_score": -1.5,
    "mfi_score": 0.0,
    "obv_score": -0.5,
    "cvd_score": 1.0229404438510774,
    "ofi_score": 0.0,
    "imbalance_score": 1.0,
    "flow_accel_score": 1.0,
    "liq_vacuum_score": 0.0,
    "bb_position_score": -0.5,
    "cross_exch_score": -0.5,
    "accum_ofi_score": 0.0,
    "misprice_score": 0.0,
    "mtf_momentum_score": -1.0,
    "adx_stoch_boost": 1.0,
    "spread_pressure_score": -0.5,
    "oracle_lag_score": -2.0,
    "funding_rate_score": 0.0,
    "funding_rate": -8.429e-05,
    "vpin_proxy": 0.0,
    "deep_imbalance": 0.5,
    "deep_ofi": 0.0,
    "cvd": -198.68700000005043,
    "obi": -0.49673186915466955,
    "yes_mid": 0.041999999999999996,
    "no_mid": 0.958,
    "regime": "normal",
    "direction": "DOWN",
    "edge_up": -0.035498837586804,
    "edge_down": 0.03054006047297797,
    "target_edge": 0.03054006047297797,
    "target_side": "NO",
    "required_edge": 0.035,
    "min_score": 2.5,
    "skip_gates": [],
    "strike_price": 72836.27,
    "distance": -387.1900000000023,
    "raw_deep_ofi": 0.0,
    "raw_cvd": -198.68700000005043,
    "raw_vpin": 0.0,
    "raw_deep_imbalance": 0.5,
    "raw_obi": -0.49673186915466955,
    "monster_signal": true,
    "posterior_final_down": 0.9913331269745576
  },
  "performance": {
    "total_trades": 0,
    "closed_trades": 0,
    "wins": 0,
    "losses": 0,
    "win_rate": 0.0,
    "avg_trade": 0.0,
    "avg_pnl": 0.0,
    "total_pnl": 0,
    "profit_factor": 0.0,
    "sharpe": 0.0,
    "loss_streak": 0
  },
  "perf_db": {
    "total_trades": 0,
    "win_rate": 0.0,
    "profit_factor": 0.0,
    "sharpe_ratio": 0.0,
    "avg_pnl_per_trade": 0.0
  },
  "events": []
}