{
  "ts": 1773104898,
  "status": "HEALTHY",
  "balance": 8.475718,
  "wallet_usdc": 8.475718,
  "pm_collateral_usdc": 8.475718,
  "pm_available_usdc": 8.475718,
  "pm_allowance_usdc": 1.157920892373162e+71,
  "position": "FLAT",
  "runtime_ms": 1745,
  "latencies": {
    "data_fetch_all": 366.2,
    "fetch_polymarket": 335.6,
    "total_cycle": 1745
  },
  "trades_15m": 0,
  "last_market_slug": "btc-updown-15m-1773104400",
  "last_condition_id": "0x0511be819b537329e6dbcd81ac3019534edca1c8342b8387555b93556f409d66",
  "unclaimed_usdc": 0.0,
  "api_trade_history": [],
  "signal": {
    "atr14": 154.48844515686812,
    "expected_move": 178.8333044501558,
    "z_score": 0.19034485832864392,
    "posterior_fair_up": 0.5754805305239737,
    "posterior_final_up": 0.6885211466830851,
    "sigma_b": 0.21331764188876812,
    "bvol_multiplier": 1.0633176418887682,
    "signed_score": 13.244152473594307,
    "ema_score": 2.0,
    "vwap_score": 1.0,
    "rsi_score": 1.0,
    "atr_score": 1.0,
    "macd_score": 1.0,
    "stoch_score": 1.5,
    "mfi_score": 0.0,
    "obv_score": 0.5,
    "cvd_score": 1.2221422996542266,
    "ofi_score": 1.0,
    "imbalance_score": 0.0,
    "flow_accel_score": 1.0,
    "liq_vacuum_score": 0.0,
    "bb_position_score": 0.5,
    "cross_exch_score": 0.5,
    "accum_ofi_score": 0.0,
    "misprice_score": 0.0,
    "mtf_momentum_score": 1.0,
    "adx_stoch_boost": 0.0,
    "spread_pressure_score": 0.0,
    "oracle_lag_score": 0.0,
    "funding_rate_score": 0.0,
    "funding_rate": -2.361e-05,
    "vpin_proxy": 0.0,
    "deep_imbalance": 0.5,
    "deep_ofi": 0.0,
    "cvd": 58.387999999998605,
    "obi": 0.23280822467055454,
    "yes_mid": 0.655,
    "no_mid": 0.345,
    "regime": "normal",
    "direction": "UP",
    "edge_up": 0.02383920288564001,
    "edge_down": -0.04257037177620493,
    "target_edge": 0.02383920288564001,
    "target_side": "YES",
    "required_edge": 0.035,
    "min_score": 2.5,
    "skip_gates": [
      "edge_insufficient=0.0238_req=0.035"
    ],
    "strike_price": 69157.93,
    "distance": 34.04000000000815,
    "raw_deep_ofi": 0.0,
    "raw_cvd": 58.387999999998605,
    "raw_vpin": 0.0,
    "raw_deep_imbalance": 0.5,
    "raw_obi": 0.23280822467055454,
    "monster_signal": true,
    "posterior_final_down": 0.31147885331691494
  },
  "performance": {
    "total_trades": 0,
    "closed_trades": 0,
    "wins": 0,
    "losses": 0,
    "win_rate": 0.0,
    "avg_trade": 0.0,
    "avg_pnl": 0.0,
    "total_pnl": 0,
    "profit_factor": 0.0,
    "sharpe": 0.0,
    "loss_streak": 0
  },
  "perf_db": {
    "total_trades": 0,
    "win_rate": 0.0,
    "profit_factor": 0.0,
    "sharpe_ratio": 0.0,
    "avg_pnl_per_trade": 0.0
  },
  "events": []
}