{
  "ts": 1773243225,
  "status": "HEALTHY",
  "balance": 10.466243,
  "wallet_usdc": 10.466243,
  "pm_collateral_usdc": 10.466243,
  "pm_available_usdc": 10.466243,
  "pm_allowance_usdc": 1.157920892373162e+71,
  "position": "FLAT",
  "runtime_ms": 1813,
  "latencies": {
    "data_fetch_all": 615.6,
    "fetch_polymarket": 332.2,
    "total_cycle": 1813
  },
  "trades_15m": 0,
  "last_market_slug": "btc-updown-15m-1773243000",
  "last_condition_id": "0x85f729e88f5fae40070bcdab5a36f9fb579e9209917e528710f93896966dbda6",
  "unclaimed_usdc": 0.0,
  "api_trade_history": [],
  "signal": {
    "atr14": 301.05424277382315,
    "expected_move": 451.5813641607347,
    "z_score": -0.6905953716216641,
    "posterior_fair_up": 0.24490986016136196,
    "posterior_final_up": 0.08162815103076769,
    "sigma_b": 0.182724674065563,
    "bvol_multiplier": 1.032724674065563,
    "signed_score": -2.267450616788418,
    "ema_score": -2.0,
    "vwap_score": -1.0,
    "rsi_score": 0.0,
    "atr_score": -1.0,
    "macd_score": -1.0,
    "stoch_score": -1.5,
    "mfi_score": 0.0,
    "obv_score": 2.5,
    "cvd_score": 1.2221422996542266,
    "ofi_score": 1.0,
    "imbalance_score": 0.0,
    "flow_accel_score": 1.0,
    "liq_vacuum_score": 0.0,
    "bb_position_score": -1.0,
    "cross_exch_score": 0.5,
    "accum_ofi_score": 0.0,
    "misprice_score": -0.5,
    "mtf_momentum_score": -1.0,
    "adx_stoch_boost": 0.0,
    "spread_pressure_score": -0.0,
    "oracle_lag_score": 0.0,
    "funding_rate_score": 0.0,
    "funding_rate": -4.91e-05,
    "vpin_proxy": 0.0,
    "deep_imbalance": 0.5,
    "deep_ofi": 0.0,
    "cvd": -464.7590000000117,
    "obi": -0.20818881769687753,
    "yes_mid": 0.135,
    "no_mid": 0.865,
    "regime": "high",
    "direction": "DOWN",
    "edge_up": -0.05977585316696153,
    "edge_down": 0.0459840821619123,
    "target_edge": 0.0459840821619123,
    "target_side": "NO",
    "required_edge": 0.025,
    "min_score": 2.0,
    "skip_gates": [
      "monster_too_early_rem=11.2min"
    ],
    "strike_price": 70223.77,
    "distance": -311.8600000000006,
    "raw_deep_ofi": 0.0,
    "raw_cvd": -464.7590000000117,
    "raw_vpin": 0.0,
    "raw_deep_imbalance": 0.5,
    "raw_obi": -0.20818881769687753,
    "monster_signal": true,
    "posterior_final_down": 0.9183718489692323
  },
  "performance": {
    "total_trades": 0,
    "closed_trades": 0,
    "wins": 0,
    "losses": 0,
    "win_rate": 0.0,
    "avg_trade": 0.0,
    "avg_pnl": 0.0,
    "total_pnl": 0,
    "profit_factor": 0.0,
    "sharpe": 0.0,
    "loss_streak": 0
  },
  "perf_db": {
    "total_trades": 0,
    "win_rate": 0.0,
    "profit_factor": 0.0,
    "sharpe_ratio": 0.0,
    "avg_pnl_per_trade": 0.0
  },
  "events": []
}