{
  "ts": 1772964326,
  "status": "HEALTHY",
  "balance": 6.767559,
  "wallet_usdc": 6.767559,
  "pm_collateral_usdc": 6.767559,
  "pm_available_usdc": 6.767559,
  "pm_allowance_usdc": 1.157920892373162e+71,
  "position": "FLAT",
  "runtime_ms": 2192,
  "latencies": {
    "data_fetch_all": 423.3,
    "fetch_polymarket": 468.0,
    "total_cycle": 2192
  },
  "trades_15m": 0,
  "last_market_slug": "btc-updown-15m-1772964000",
  "last_condition_id": "0x4d70cff5b5979dd56c4d7cac282d86ea2af1a3542c6640b76a559e3f6971de39",
  "unclaimed_usdc": 0.0,
  "api_trade_history": [],
  "signal": {
    "atr14": 83.35404285762712,
    "expected_move": 115.29805676951938,
    "z_score": 0.4188275271327879,
    "posterior_fair_up": 0.6623288662742186,
    "posterior_final_up": 0.8919882178729759,
    "sigma_b": 0.13094937038529322,
    "bvol_multiplier": 0.9809493703852932,
    "signed_score": 6.332518277714575,
    "ema_score": 2.0,
    "vwap_score": 1.0,
    "rsi_score": 0.0,
    "atr_score": 0.0,
    "macd_score": -1.0,
    "stoch_score": 0.0,
    "mfi_score": 0.0,
    "obv_score": 0.5,
    "cvd_score": 1.2221422996542266,
    "ofi_score": 1.0,
    "imbalance_score": 0.0,
    "flow_accel_score": 1.0,
    "liq_vacuum_score": 0.0,
    "bb_position_score": 0.0,
    "cross_exch_score": -0.5,
    "accum_ofi_score": 0.0,
    "misprice_score": 0.0,
    "mtf_momentum_score": 1.0,
    "adx_stoch_boost": 1.0,
    "spread_pressure_score": 0.0,
    "oracle_lag_score": 0.0,
    "funding_rate_score": 0.0,
    "funding_rate": -1.764e-05,
    "vpin_proxy": 0.0,
    "deep_imbalance": 0.5,
    "deep_ofi": 0.0,
    "cvd": 175.8810000000001,
    "obi": 0.41582373096635783,
    "yes_mid": 0.855,
    "no_mid": 0.14500000000000002,
    "regime": "normal",
    "direction": "UP",
    "edge_up": 0.029490650862931567,
    "edge_down": -0.04382441816913529,
    "target_edge": 0.029490650862931567,
    "target_side": "YES",
    "required_edge": 0.035,
    "min_score": 2.5,
    "skip_gates": [
      "edge_insufficient=0.0295_req=0.035",
      "early_window_rem=9.6min"
    ],
    "strike_price": 67689.99,
    "distance": 48.2899999999936,
    "raw_deep_ofi": 0.0,
    "raw_cvd": 175.8810000000001,
    "raw_vpin": 0.0,
    "raw_deep_imbalance": 0.5,
    "raw_obi": 0.41582373096635783,
    "monster_signal": false,
    "posterior_final_down": 0.10801178212702411
  },
  "performance": {
    "total_trades": 0,
    "closed_trades": 0,
    "wins": 0,
    "losses": 0,
    "win_rate": 0.0,
    "avg_trade": 0.0,
    "avg_pnl": 0.0,
    "total_pnl": 0,
    "profit_factor": 0.0,
    "sharpe": 0.0,
    "loss_streak": 0
  },
  "perf_db": {
    "total_trades": 0,
    "win_rate": 0.0,
    "profit_factor": 0.0,
    "sharpe_ratio": 0.0,
    "avg_pnl_per_trade": 0.0
  },
  "events": []
}