{
  "ts": 1772962571,
  "status": "HEALTHY",
  "balance": 6.767559,
  "wallet_usdc": 6.767559,
  "pm_collateral_usdc": 6.767559,
  "pm_available_usdc": 6.767559,
  "pm_allowance_usdc": 1.157920892373162e+71,
  "position": "FLAT",
  "runtime_ms": 2462,
  "latencies": {
    "data_fetch_all": 487.4,
    "fetch_polymarket": 442.5,
    "total_cycle": 2462
  },
  "trades_15m": 0,
  "last_market_slug": "btc-updown-15m-1772962200",
  "last_condition_id": "0xb5accef4ff4fe59efa9cdf1cce17d0d16076b00b529a936e291ba4cd8e4644cf",
  "unclaimed_usdc": 0.0,
  "api_trade_history": [],
  "signal": {
    "atr14": 114.1871016509451,
    "expected_move": 151.6296939151595,
    "z_score": -0.485722803352773,
    "posterior_fair_up": 0.31358186308045843,
    "posterior_final_up": 0.11782400900195755,
    "sigma_b": 0.13841851078543316,
    "bvol_multiplier": 0.9884185107854332,
    "signed_score": 9.840200098401924,
    "ema_score": 2.0,
    "vwap_score": 1.0,
    "rsi_score": 1.0,
    "atr_score": 0.0,
    "macd_score": 1.0,
    "stoch_score": 1.5,
    "mfi_score": 0.0,
    "obv_score": -0.5,
    "cvd_score": 1.2221422996542266,
    "ofi_score": 1.0,
    "imbalance_score": 0.0,
    "flow_accel_score": 1.0,
    "liq_vacuum_score": 0.0,
    "bb_position_score": 1.0,
    "cross_exch_score": 0.5,
    "accum_ofi_score": 0.0,
    "misprice_score": 0.0,
    "mtf_momentum_score": 1.0,
    "adx_stoch_boost": -1.0,
    "spread_pressure_score": -0.0,
    "oracle_lag_score": 0.0,
    "funding_rate_score": 0.0,
    "funding_rate": -1.98e-05,
    "vpin_proxy": 0.0,
    "deep_imbalance": 0.5,
    "deep_ofi": 0.0,
    "cvd": -55.28300000000056,
    "obi": -0.47127854770083993,
    "yes_mid": 0.165,
    "no_mid": 0.835,
    "regime": "normal",
    "direction": "DOWN",
    "edge_up": -0.05413186954747495,
    "edge_down": 0.039353027826848797,
    "target_edge": 0.039353027826848797,
    "target_side": "NO",
    "required_edge": 0.035,
    "min_score": 2.5,
    "skip_gates": [],
    "strike_price": 67843.48,
    "distance": -73.64999999999418,
    "raw_deep_ofi": 0.0,
    "raw_cvd": -55.28300000000056,
    "raw_vpin": 0.0,
    "raw_deep_imbalance": 0.5,
    "raw_obi": -0.47127854770083993,
    "monster_signal": true,
    "posterior_final_down": 0.8821759909980424
  },
  "performance": {
    "total_trades": 0,
    "closed_trades": 0,
    "wins": 0,
    "losses": 0,
    "win_rate": 0.0,
    "avg_trade": 0.0,
    "avg_pnl": 0.0,
    "total_pnl": 0,
    "profit_factor": 0.0,
    "sharpe": 0.0,
    "loss_streak": 0
  },
  "perf_db": {
    "total_trades": 0,
    "win_rate": 0.0,
    "profit_factor": 0.0,
    "sharpe_ratio": 0.0,
    "avg_pnl_per_trade": 0.0
  },
  "events": []
}