{
  "ts": 1773069891,
  "status": "HEALTHY",
  "balance": 9.745522,
  "wallet_usdc": 9.745522,
  "pm_collateral_usdc": 9.745522,
  "pm_available_usdc": 9.745522,
  "pm_allowance_usdc": 1.157920892373162e+71,
  "position": "FLAT",
  "runtime_ms": 1834,
  "latencies": {
    "data_fetch_all": 361.9,
    "fetch_polymarket": 364.2,
    "total_cycle": 1834
  },
  "trades_15m": 0,
  "last_market_slug": "btc-updown-15m-1773069300",
  "last_condition_id": "0xcedc139457ebea73fbcef8cf8e267b568084b76d1cafa7fdcc89c69983274bf5",
  "unclaimed_usdc": 0.0,
  "api_trade_history": [],
  "signal": {
    "atr14": 236.64084086831917,
    "expected_move": 240.16422338448146,
    "z_score": -0.3871101144451666,
    "posterior_fair_up": 0.34933739933508984,
    "posterior_final_up": 0.25202849866740573,
    "sigma_b": 0.22228173631050793,
    "bvol_multiplier": 1.072281736310508,
    "signed_score": 4.079388302860166,
    "ema_score": 2.0,
    "vwap_score": -1.0,
    "rsi_score": 0.0,
    "atr_score": 1.0,
    "macd_score": -1.0,
    "stoch_score": 0.0,
    "mfi_score": 0.0,
    "obv_score": 2.5,
    "cvd_score": 1.2221422996542266,
    "ofi_score": 1.0,
    "imbalance_score": 0.0,
    "flow_accel_score": 1.0,
    "liq_vacuum_score": 0.0,
    "bb_position_score": 0.0,
    "cross_exch_score": 0.5,
    "accum_ofi_score": 0.0,
    "misprice_score": -0.5,
    "mtf_momentum_score": -1.0,
    "adx_stoch_boost": -1.0,
    "spread_pressure_score": 0.0,
    "oracle_lag_score": 0.0,
    "funding_rate_score": 0.0,
    "funding_rate": -4.234e-05,
    "vpin_proxy": 0.0,
    "deep_imbalance": 0.5,
    "deep_ofi": 0.0,
    "cvd": -84.11299999999984,
    "obi": -0.16042476661796862,
    "yes_mid": 0.315,
    "no_mid": 0.685,
    "regime": "high",
    "direction": "DOWN",
    "edge_up": -0.07139908891447097,
    "edge_down": 0.05333407802433221,
    "target_edge": 0.05333407802433221,
    "target_side": "NO",
    "required_edge": 0.025,
    "min_score": 2.0,
    "skip_gates": [],
    "strike_price": 69196.0,
    "distance": -92.97000000000116,
    "raw_deep_ofi": 0.0,
    "raw_cvd": -84.11299999999984,
    "raw_vpin": 0.0,
    "raw_deep_imbalance": 0.5,
    "raw_obi": -0.16042476661796862,
    "monster_signal": false,
    "posterior_final_down": 0.7479715013325943
  },
  "performance": {
    "total_trades": 0,
    "closed_trades": 0,
    "wins": 0,
    "losses": 0,
    "win_rate": 0.0,
    "avg_trade": 0.0,
    "avg_pnl": 0.0,
    "total_pnl": 0,
    "profit_factor": 0.0,
    "sharpe": 0.0,
    "loss_streak": 0
  },
  "perf_db": {
    "total_trades": 0,
    "win_rate": 0.0,
    "profit_factor": 0.0,
    "sharpe_ratio": 0.0,
    "avg_pnl_per_trade": 0.0
  },
  "events": []
}