{
  "ts": 1774045153,
  "status": "HEALTHY",
  "balance": 0.0,
  "wallet_usdc": null,
  "pm_collateral_usdc": 0.0,
  "pm_available_usdc": 0.0,
  "pm_allowance_usdc": 1.157920892373162e+71,
  "position": "FLAT",
  "runtime_ms": 1553,
  "latencies": {
    "data_fetch_all": 338.3,
    "fetch_polymarket": 330.7,
    "total_cycle": 1553
  },
  "trades_15m": 0,
  "last_market_slug": "btc-updown-15m-1774044900",
  "last_condition_id": "0xe165298811457308a55d83cb0344063626f1bf8c1e3cc5f7064639be5e371245",
  "unclaimed_usdc": 0.0,
  "api_trade_history": [],
  "signal": {
    "atr14": 174.09087946503186,
    "expected_move": 255.6627948454216,
    "z_score": 0.19912948237450842,
    "posterior_fair_up": 0.5789192461312241,
    "posterior_final_up": 0.544673019267605,
    "sigma_b": 0.08130069179537512,
    "bvol_multiplier": 0.9313006917953751,
    "signed_score": 10.073002587250071,
    "ema_score": 2.0,
    "vwap_score": 1.0,
    "rsi_score": 1.0,
    "atr_score": 1.0,
    "macd_score": 1.0,
    "stoch_score": 1.5,
    "mfi_score": 0.0,
    "obv_score": 0.5,
    "cvd_score": 1.0229404438510774,
    "ofi_score": 0.0,
    "imbalance_score": 1.0,
    "flow_accel_score": 1.0,
    "liq_vacuum_score": 0.0,
    "bb_position_score": 1.0,
    "cross_exch_score": 0.5,
    "accum_ofi_score": 0.0,
    "misprice_score": 0.0,
    "mtf_momentum_score": 1.0,
    "adx_stoch_boost": 0.0,
    "spread_pressure_score": 0.0,
    "oracle_lag_score": -2.0,
    "funding_rate_score": 0.0,
    "funding_rate": -7.8e-06,
    "vpin_proxy": 0.0,
    "deep_imbalance": 0.5,
    "deep_ofi": 0.0,
    "cvd": -22.837000000000067,
    "obi": -0.11147207478877773,
    "yes_mid": 0.505,
    "no_mid": 0.495,
    "regime": "normal",
    "direction": "UP",
    "edge_up": 0.029335223678782496,
    "edge_down": -0.049226289074928986,
    "target_edge": 0.029335223678782496,
    "target_side": "YES",
    "required_edge": 0.035,
    "min_score": 2.5,
    "skip_gates": [
      "edge_insufficient=0.0293_req=0.035"
    ],
    "strike_price": 70797.82,
    "distance": 50.90999999998894,
    "raw_deep_ofi": 0.0,
    "raw_cvd": -22.837000000000067,
    "raw_vpin": 0.0,
    "raw_deep_imbalance": 0.5,
    "raw_obi": -0.11147207478877773,
    "monster_signal": true,
    "posterior_final_down": 0.45532698073239497
  },
  "performance": {
    "total_trades": 0,
    "closed_trades": 0,
    "wins": 0,
    "losses": 0,
    "win_rate": 0.0,
    "avg_trade": 0.0,
    "avg_pnl": 0.0,
    "total_pnl": 0,
    "profit_factor": 0.0,
    "sharpe": 0.0,
    "loss_streak": 0
  },
  "perf_db": {
    "total_trades": 0,
    "win_rate": 0.0,
    "profit_factor": 0.0,
    "sharpe_ratio": 0.0,
    "avg_pnl_per_trade": 0.0
  },
  "events": []
}