{
  "ts": 1773411887,
  "status": "HEALTHY",
  "balance": 0.0,
  "wallet_usdc": null,
  "pm_collateral_usdc": 0.0,
  "pm_available_usdc": 0.0,
  "pm_allowance_usdc": 1.157920892373162e+71,
  "position": "FLAT",
  "runtime_ms": 1884,
  "latencies": {
    "data_fetch_all": 469.2,
    "fetch_polymarket": 395.8,
    "total_cycle": 1884
  },
  "trades_15m": 0,
  "last_market_slug": "btc-updown-15m-1773411300",
  "last_condition_id": "0x8f87265081c8f7460c2cbf1db9b8420235d5b11de9d3239eed4c2ae981c76cf4",
  "unclaimed_usdc": 0.0,
  "api_trade_history": [],
  "signal": {
    "atr14": 238.51588156792158,
    "expected_move": 243.6289218115564,
    "z_score": 1.1642706370444538,
    "posterior_fair_up": 0.8778427645460487,
    "posterior_final_up": 0.9787502417229873,
    "sigma_b": 0.4298229535195579,
    "bvol_multiplier": 1.2798229535195578,
    "signed_score": 13.537604533554118,
    "ema_score": 2.0,
    "vwap_score": 1.0,
    "rsi_score": 1.0,
    "atr_score": 1.0,
    "macd_score": 1.0,
    "stoch_score": 1.5,
    "mfi_score": 0.0,
    "obv_score": 0.5,
    "cvd_score": -1.031833391680986,
    "ofi_score": 1.0,
    "imbalance_score": 0.0,
    "flow_accel_score": 1.0,
    "liq_vacuum_score": 0.0,
    "bb_position_score": 1.0,
    "cross_exch_score": -0.3,
    "accum_ofi_score": 0.0,
    "misprice_score": 0.0,
    "mtf_momentum_score": 1.0,
    "adx_stoch_boost": 0.0,
    "spread_pressure_score": 0.0,
    "oracle_lag_score": 0.0,
    "funding_rate_score": 0.0,
    "funding_rate": -8.49e-06,
    "vpin_proxy": 0.0,
    "deep_imbalance": 0.5,
    "deep_ofi": 0.0,
    "cvd": 279.0779999999965,
    "obi": 0.4812655391336249,
    "yes_mid": 0.945,
    "no_mid": 0.055,
    "regime": "high",
    "direction": "UP",
    "edge_up": 0.027771491481264343,
    "edge_down": -0.03914973717859514,
    "target_edge": 0.027771491481264343,
    "target_side": "YES",
    "required_edge": 0.025,
    "min_score": 2.0,
    "skip_gates": [],
    "strike_price": 73534.05,
    "distance": 283.6499999999942,
    "raw_deep_ofi": 0.0,
    "raw_cvd": 279.0779999999965,
    "raw_vpin": 0.0,
    "raw_deep_imbalance": 0.5,
    "raw_obi": 0.4812655391336249,
    "monster_signal": true,
    "posterior_final_down": 0.021249758277012698
  },
  "performance": {
    "total_trades": 0,
    "closed_trades": 0,
    "wins": 0,
    "losses": 0,
    "win_rate": 0.0,
    "avg_trade": 0.0,
    "avg_pnl": 0.0,
    "total_pnl": 0,
    "profit_factor": 0.0,
    "sharpe": 0.0,
    "loss_streak": 0
  },
  "perf_db": {
    "total_trades": 0,
    "win_rate": 0.0,
    "profit_factor": 0.0,
    "sharpe_ratio": 0.0,
    "avg_pnl_per_trade": 0.0
  },
  "events": []
}