{
  "ts": 1772878874,
  "status": "HEALTHY",
  "balance": 4.567559,
  "wallet_usdc": 4.567559,
  "pm_collateral_usdc": 4.567559,
  "pm_available_usdc": 4.567559,
  "pm_allowance_usdc": 1.157920892373162e+71,
  "position": "FLAT",
  "runtime_ms": 2847,
  "latencies": {
    "data_fetch_all": 475.0,
    "fetch_polymarket": 1091.5,
    "total_cycle": 2847
  },
  "trades_15m": 0,
  "last_market_slug": "btc-updown-15m-1772878500",
  "last_condition_id": "0x31aa62bed23270e2274dbec2be16ffaa54efdcd8b40ee5826db84decc3f9bda5",
  "unclaimed_usdc": 0.0,
  "api_trade_history": [],
  "signal": {
    "atr14": 67.76397033938828,
    "expected_move": 89.72864064609549,
    "z_score": -1.2386234673759726,
    "posterior_fair_up": 0.10774255466889865,
    "posterior_final_up": 0.039170675162802204,
    "sigma_b": 0.32523777397696607,
    "bvol_multiplier": 1.1752377739769662,
    "signed_score": 1.6505035628715012,
    "ema_score": 2.0,
    "vwap_score": -1.0,
    "rsi_score": 0.0,
    "atr_score": 0.0,
    "macd_score": 1.0,
    "stoch_score": 0.0,
    "mfi_score": 0.0,
    "obv_score": -0.5,
    "cvd_score": 1.2221422996542266,
    "ofi_score": 1.0,
    "imbalance_score": 0.0,
    "flow_accel_score": 1.0,
    "liq_vacuum_score": 0.0,
    "bb_position_score": 0.0,
    "cross_exch_score": -0.5,
    "accum_ofi_score": 0.0,
    "misprice_score": -0.5,
    "mtf_momentum_score": -1.0,
    "adx_stoch_boost": -1.0,
    "spread_pressure_score": -0.0,
    "oracle_lag_score": 0.0,
    "funding_rate_score": 0.0,
    "funding_rate": 2.004e-05,
    "vpin_proxy": 0.0,
    "deep_imbalance": 0.5,
    "deep_ofi": 0.0,
    "cvd": 11.432999999999977,
    "obi": -0.49723282410599345,
    "yes_mid": 0.10500000000000001,
    "no_mid": 0.895,
    "regime": "low",
    "direction": "DOWN",
    "edge_up": -0.07152656285509568,
    "edge_down": 0.0589076661875233,
    "target_edge": 0.0589076661875233,
    "target_side": "NO",
    "required_edge": 0.05,
    "min_score": 3.0,
    "skip_gates": [],
    "strike_price": 68092.01,
    "distance": -111.13999999999942,
    "raw_deep_ofi": 0.0,
    "raw_cvd": 11.432999999999977,
    "raw_vpin": 0.0,
    "raw_deep_imbalance": 0.5,
    "raw_obi": -0.49723282410599345,
    "monster_signal": true,
    "posterior_final_down": 0.9608293248371977
  },
  "performance": {
    "total_trades": 0,
    "closed_trades": 0,
    "wins": 0,
    "losses": 0,
    "win_rate": 0.0,
    "avg_trade": 0.0,
    "avg_pnl": 0.0,
    "total_pnl": 0,
    "profit_factor": 0.0,
    "sharpe": 0.0,
    "loss_streak": 0
  },
  "perf_db": {
    "total_trades": 0,
    "win_rate": 0.0,
    "profit_factor": 0.0,
    "sharpe_ratio": 0.0,
    "avg_pnl_per_trade": 0.0
  },
  "events": []
}