{
  "ts": 1773416072,
  "status": "HEALTHY",
  "balance": 0.0,
  "wallet_usdc": null,
  "pm_collateral_usdc": 0.0,
  "pm_available_usdc": 0.0,
  "pm_allowance_usdc": 1.157920892373162e+71,
  "position": "FLAT",
  "runtime_ms": 2659,
  "latencies": {
    "data_fetch_all": 1136.3,
    "fetch_polymarket": 456.8,
    "total_cycle": 2659
  },
  "trades_15m": 0,
  "last_market_slug": "btc-updown-15m-1773415800",
  "last_condition_id": "0x751b2e87a8088d995b76601910b8f605fa58e0fd2a1fa46cd0ba4312d56c40e6",
  "unclaimed_usdc": 0.0,
  "api_trade_history": [],
  "signal": {
    "atr14": 280.40641284521985,
    "expected_move": 405.7019883159172,
    "z_score": 0.27744502921282843,
    "posterior_fair_up": 0.6092807306496388,
    "posterior_final_up": 0.78486830745816,
    "sigma_b": 0.2518014560507674,
    "bvol_multiplier": 1.1018014560507674,
    "signed_score": -7.51680175525882,
    "ema_score": -2.0,
    "vwap_score": -1.0,
    "rsi_score": 0.0,
    "atr_score": -1.0,
    "macd_score": -1.0,
    "stoch_score": 0.0,
    "mfi_score": -2.0,
    "obv_score": -0.5,
    "cvd_score": -1.031833391680986,
    "ofi_score": 1.0,
    "imbalance_score": 0.0,
    "flow_accel_score": 1.0,
    "liq_vacuum_score": 0.0,
    "bb_position_score": -0.5,
    "cross_exch_score": -0.5,
    "accum_ofi_score": 0.0,
    "misprice_score": 0.0,
    "mtf_momentum_score": -1.0,
    "adx_stoch_boost": 1.0,
    "spread_pressure_score": 0.0,
    "oracle_lag_score": 0.0,
    "funding_rate_score": 0.0,
    "funding_rate": -1.189e-05,
    "vpin_proxy": 0.0,
    "deep_imbalance": 0.5,
    "deep_ofi": 0.0,
    "cvd": -84.35699999998535,
    "obi": 0.15483285651160988,
    "yes_mid": 0.745,
    "no_mid": 0.255,
    "regime": "high",
    "direction": "UP",
    "edge_up": 0.030943965920869232,
    "edge_down": -0.048052256507779306,
    "target_edge": 0.030943965920869232,
    "target_side": "YES",
    "required_edge": 0.025,
    "min_score": 2.0,
    "skip_gates": [
      "edge_insufficient=0.0309_req=0.035"
    ],
    "strike_price": 72499.04,
    "distance": 112.56000000001222,
    "raw_deep_ofi": 0.0,
    "raw_cvd": -84.35699999998535,
    "raw_vpin": 0.0,
    "raw_deep_imbalance": 0.5,
    "raw_obi": 0.15483285651160988,
    "monster_signal": false,
    "posterior_final_down": 0.21513169254183995
  },
  "performance": {
    "total_trades": 0,
    "closed_trades": 0,
    "wins": 0,
    "losses": 0,
    "win_rate": 0.0,
    "avg_trade": 0.0,
    "avg_pnl": 0.0,
    "total_pnl": 0,
    "profit_factor": 0.0,
    "sharpe": 0.0,
    "loss_streak": 0
  },
  "perf_db": {
    "total_trades": 0,
    "win_rate": 0.0,
    "profit_factor": 0.0,
    "sharpe_ratio": 0.0,
    "avg_pnl_per_trade": 0.0
  },
  "events": []
}