{
  "ts": 1773964517,
  "status": "HEALTHY",
  "balance": 0.0,
  "wallet_usdc": null,
  "pm_collateral_usdc": 0.0,
  "pm_available_usdc": 0.0,
  "pm_allowance_usdc": 1.157920892373162e+71,
  "position": "FLAT",
  "runtime_ms": 1575,
  "latencies": {
    "data_fetch_all": 338.4,
    "fetch_polymarket": 325.1,
    "total_cycle": 1575
  },
  "trades_15m": 0,
  "last_market_slug": "btc-updown-15m-1773963900",
  "last_condition_id": "0xcc2fa8acd2ec67b6e71099eddb0276de50dee1b866dfc95bf731989c5390bad5",
  "unclaimed_usdc": 0.0,
  "api_trade_history": [],
  "signal": {
    "atr14": 120.56326094575482,
    "expected_move": 117.09748743154697,
    "z_score": -0.14534897693644924,
    "posterior_fair_up": 0.44221765228015997,
    "posterior_final_up": 0.9608604875572485,
    "sigma_b": 0.3379343312305456,
    "bvol_multiplier": 1.1879343312305457,
    "signed_score": -2.6457119270947804,
    "ema_score": -2.0,
    "vwap_score": 1.0,
    "rsi_score": 0.0,
    "atr_score": -1.0,
    "macd_score": -1.0,
    "stoch_score": 0.0,
    "mfi_score": 0.0,
    "obv_score": -0.5,
    "cvd_score": 1.0229404438510774,
    "ofi_score": 0.0,
    "imbalance_score": 1.0,
    "flow_accel_score": 1.0,
    "liq_vacuum_score": 0.0,
    "bb_position_score": -0.5,
    "cross_exch_score": 0.5,
    "accum_ofi_score": 0.0,
    "misprice_score": 0.0,
    "mtf_momentum_score": 0.0,
    "adx_stoch_boost": -1.0,
    "spread_pressure_score": 1.0,
    "oracle_lag_score": -2.0,
    "funding_rate_score": 0.0,
    "funding_rate": 4.27e-06,
    "vpin_proxy": 0.0,
    "deep_imbalance": 0.5,
    "deep_ofi": 0.0,
    "cvd": 130.77800000000198,
    "obi": 0.6449105505206733,
    "yes_mid": 0.965,
    "no_mid": 0.035,
    "regime": "normal",
    "direction": "UP",
    "edge_up": -0.009716028735285875,
    "edge_down": -0.0016119661961493392,
    "target_edge": -0.009716028735285875,
    "target_side": "YES",
    "required_edge": 0.035,
    "min_score": 2.5,
    "skip_gates": [],
    "strike_price": 69853.41,
    "distance": -17.020000000004075,
    "raw_deep_ofi": 0.0,
    "raw_cvd": 130.77800000000198,
    "raw_vpin": 0.0,
    "raw_deep_imbalance": 0.5,
    "raw_obi": 0.6449105505206733,
    "monster_signal": true,
    "posterior_final_down": 0.03913951244275149
  },
  "performance": {
    "total_trades": 0,
    "closed_trades": 0,
    "wins": 0,
    "losses": 0,
    "win_rate": 0.0,
    "avg_trade": 0.0,
    "avg_pnl": 0.0,
    "total_pnl": 0,
    "profit_factor": 0.0,
    "sharpe": 0.0,
    "loss_streak": 0
  },
  "perf_db": {
    "total_trades": 0,
    "win_rate": 0.0,
    "profit_factor": 0.0,
    "sharpe_ratio": 0.0,
    "avg_pnl_per_trade": 0.0
  },
  "events": []
}