{
  "ts": 1773365838,
  "status": "HEALTHY",
  "balance": 0.0,
  "wallet_usdc": null,
  "pm_collateral_usdc": 0.0,
  "pm_available_usdc": 0.0,
  "pm_allowance_usdc": 1.157920892373162e+71,
  "position": "FLAT",
  "runtime_ms": 3453,
  "latencies": {
    "data_fetch_all": 1598.3,
    "fetch_polymarket": 561.0,
    "total_cycle": 3453
  },
  "trades_15m": 0,
  "last_market_slug": "btc-updown-15m-1773365400",
  "last_condition_id": "0x8a431a0ae4abcbaecd441c3c7b16981396068c73df82d1d71ffa8c6c05617d46",
  "unclaimed_usdc": 0.0,
  "api_trade_history": [],
  "signal": {
    "atr14": 204.8525201821507,
    "expected_move": 254.21529210192458,
    "z_score": 0.0016521429396539205,
    "posterior_fair_up": 0.5006591139922922,
    "posterior_final_up": 0.1351540102423299,
    "sigma_b": 0.27040692672941563,
    "bvol_multiplier": 1.1204069267294157,
    "signed_score": 5.913190264887436,
    "ema_score": 2.0,
    "vwap_score": -1.0,
    "rsi_score": 0.0,
    "atr_score": 1.0,
    "macd_score": -1.0,
    "stoch_score": 0.0,
    "mfi_score": 0.0,
    "obv_score": 2.5,
    "cvd_score": -1.031833391680986,
    "ofi_score": 1.0,
    "imbalance_score": 0.0,
    "flow_accel_score": 1.0,
    "liq_vacuum_score": 0.0,
    "bb_position_score": 0.0,
    "cross_exch_score": -0.5,
    "accum_ofi_score": 0.0,
    "misprice_score": 0.0,
    "mtf_momentum_score": 0.0,
    "adx_stoch_boost": -1.0,
    "spread_pressure_score": -0.0,
    "oracle_lag_score": 2.0,
    "funding_rate_score": 0.0,
    "funding_rate": -3.16e-06,
    "vpin_proxy": 0.0,
    "deep_imbalance": 0.5,
    "deep_ofi": 0.0,
    "cvd": -93.62400000000017,
    "obi": -0.38426696606162625,
    "yes_mid": 0.135,
    "no_mid": 0.865,
    "regime": "high",
    "direction": "DOWN",
    "edge_up": -0.007170638733838192,
    "edge_down": -0.0074026098156998454,
    "target_edge": -0.0074026098156998454,
    "target_side": "NO",
    "required_edge": 0.025,
    "min_score": 2.0,
    "skip_gates": [
      "edge_insufficient=-0.0074_req=0.035"
    ],
    "strike_price": 71534.94,
    "distance": 0.41999999999825377,
    "raw_deep_ofi": 0.0,
    "raw_cvd": -93.62400000000017,
    "raw_vpin": 0.0,
    "raw_deep_imbalance": 0.5,
    "raw_obi": -0.38426696606162625,
    "monster_signal": false,
    "posterior_final_down": 0.8648459897576701
  },
  "performance": {
    "total_trades": 0,
    "closed_trades": 0,
    "wins": 0,
    "losses": 0,
    "win_rate": 0.0,
    "avg_trade": 0.0,
    "avg_pnl": 0.0,
    "total_pnl": 0,
    "profit_factor": 0.0,
    "sharpe": 0.0,
    "loss_streak": 0
  },
  "perf_db": {
    "total_trades": 0,
    "win_rate": 0.0,
    "profit_factor": 0.0,
    "sharpe_ratio": 0.0,
    "avg_pnl_per_trade": 0.0
  },
  "events": []
}