{
  "ts": 1772917515,
  "status": "HEALTHY",
  "balance": 6.767559,
  "wallet_usdc": 6.767559,
  "pm_collateral_usdc": 6.767559,
  "pm_available_usdc": 6.767559,
  "pm_allowance_usdc": 1.157920892373162e+71,
  "position": "FLAT",
  "runtime_ms": 2688,
  "latencies": {
    "data_fetch_all": 491.0,
    "fetch_polymarket": 748.2,
    "total_cycle": 2688
  },
  "trades_15m": 0,
  "last_market_slug": "btc-updown-15m-1772917200",
  "last_condition_id": "0xbadcc8046a3e256360414bb80eb9b6d41ca11209683d3598fab5da3a7290578f",
  "unclaimed_usdc": 0.0,
  "api_trade_history": [],
  "signal": {
    "atr14": 97.60209780369902,
    "expected_move": 136.29391225062665,
    "z_score": 0.2848256342412572,
    "posterior_fair_up": 0.612111067909105,
    "posterior_final_up": 0.6295713228743649,
    "sigma_b": 0.21464905199176787,
    "bvol_multiplier": 1.064649051991768,
    "signed_score": 14.325384903604416,
    "ema_score": 2.0,
    "vwap_score": 1.0,
    "rsi_score": 0.0,
    "atr_score": 0.0,
    "macd_score": 1.0,
    "stoch_score": 1.5,
    "mfi_score": 0.0,
    "obv_score": 2.5,
    "cvd_score": 1.2221422996542266,
    "ofi_score": 1.0,
    "imbalance_score": 0.0,
    "flow_accel_score": 1.0,
    "liq_vacuum_score": 0.0,
    "bb_position_score": 1.0,
    "cross_exch_score": 0.5,
    "accum_ofi_score": 0.0,
    "misprice_score": 0.5,
    "mtf_momentum_score": 1.0,
    "adx_stoch_boost": 0.0,
    "spread_pressure_score": 0.0,
    "oracle_lag_score": 0.0,
    "funding_rate_score": 0.0,
    "funding_rate": -4.224e-05,
    "vpin_proxy": 0.0,
    "deep_imbalance": 0.5,
    "deep_ofi": 0.0,
    "cvd": 32.84299999999995,
    "obi": 0.12591485171731218,
    "yes_mid": 0.575,
    "no_mid": 0.425,
    "regime": "normal",
    "direction": "UP",
    "edge_up": 0.044282923762220316,
    "edge_down": -0.06379420979359712,
    "target_edge": 0.044282923762220316,
    "target_side": "YES",
    "required_edge": 0.035,
    "min_score": 2.5,
    "skip_gates": [],
    "strike_price": 67396.68,
    "distance": 38.820000000006985,
    "raw_deep_ofi": 0.0,
    "raw_cvd": 32.84299999999995,
    "raw_vpin": 0.0,
    "raw_deep_imbalance": 0.5,
    "raw_obi": 0.12591485171731218,
    "monster_signal": true,
    "posterior_final_down": 0.3704286771256351
  },
  "performance": {
    "total_trades": 0,
    "closed_trades": 0,
    "wins": 0,
    "losses": 0,
    "win_rate": 0.0,
    "avg_trade": 0.0,
    "avg_pnl": 0.0,
    "total_pnl": 0,
    "profit_factor": 0.0,
    "sharpe": 0.0,
    "loss_streak": 0
  },
  "perf_db": {
    "total_trades": 0,
    "win_rate": 0.0,
    "profit_factor": 0.0,
    "sharpe_ratio": 0.0,
    "avg_pnl_per_trade": 0.0
  },
  "events": []
}