{
  "ts": 1773265885,
  "status": "HEALTHY",
  "balance": 8.185442,
  "wallet_usdc": 8.185442,
  "pm_collateral_usdc": 8.185442,
  "pm_available_usdc": 8.185442,
  "pm_allowance_usdc": 1.157920892373162e+71,
  "position": "FLAT",
  "runtime_ms": 2404,
  "latencies": {
    "data_fetch_all": 1026.9,
    "fetch_polymarket": 348.6,
    "total_cycle": 2404
  },
  "trades_15m": 0,
  "last_market_slug": "btc-updown-15m-1773265500",
  "last_condition_id": "0x93897c8def4d4d76a9d0c73b6bdcc4b5ddfc295180761cb60988f18ac5451316",
  "unclaimed_usdc": 0.0,
  "api_trade_history": [],
  "signal": {
    "atr14": 105.90203187054067,
    "expected_move": 138.75456487949194,
    "z_score": 0.645888660152152,
    "posterior_fair_up": 0.7408243293844705,
    "posterior_final_up": 0.8816304015016229,
    "sigma_b": 0.0957942379499054,
    "bvol_multiplier": 0.9457942379499054,
    "signed_score": 5.727256638816978,
    "ema_score": 2.0,
    "vwap_score": -1.0,
    "rsi_score": 0.0,
    "atr_score": 0.0,
    "macd_score": 1.0,
    "stoch_score": 0.0,
    "mfi_score": 0.0,
    "obv_score": -0.5,
    "cvd_score": 1.2221422996542266,
    "ofi_score": 1.0,
    "imbalance_score": 0.0,
    "flow_accel_score": 1.0,
    "liq_vacuum_score": 0.0,
    "bb_position_score": 0.5,
    "cross_exch_score": -0.3,
    "accum_ofi_score": 0.0,
    "misprice_score": 0.5,
    "mtf_momentum_score": 0.0,
    "adx_stoch_boost": 1.0,
    "spread_pressure_score": 0.0,
    "oracle_lag_score": 0.0,
    "funding_rate_score": 0.0,
    "funding_rate": -7.435e-05,
    "vpin_proxy": 0.0,
    "deep_imbalance": 0.5,
    "deep_ofi": 0.0,
    "cvd": 15.778000000000038,
    "obi": 0.33953050862483913,
    "yes_mid": 0.815,
    "no_mid": 0.185,
    "regime": "normal",
    "direction": "UP",
    "edge_up": 0.058456532056217037,
    "edge_down": -0.07354798899729657,
    "target_edge": 0.058456532056217037,
    "target_side": "YES",
    "required_edge": 0.035,
    "min_score": 2.5,
    "skip_gates": [],
    "strike_price": 70556.34,
    "distance": 89.6200000000099,
    "raw_deep_ofi": 0.0,
    "raw_cvd": 15.778000000000038,
    "raw_vpin": 0.0,
    "raw_deep_imbalance": 0.5,
    "raw_obi": 0.33953050862483913,
    "monster_signal": false,
    "posterior_final_down": 0.11836959849837714
  },
  "performance": {
    "total_trades": 0,
    "closed_trades": 0,
    "wins": 0,
    "losses": 0,
    "win_rate": 0.0,
    "avg_trade": 0.0,
    "avg_pnl": 0.0,
    "total_pnl": 0,
    "profit_factor": 0.0,
    "sharpe": 0.0,
    "loss_streak": 0
  },
  "perf_db": {
    "total_trades": 0,
    "win_rate": 0.0,
    "profit_factor": 0.0,
    "sharpe_ratio": 0.0,
    "avg_pnl_per_trade": 0.0
  },
  "events": []
}