{
  "ts": 1772867159,
  "status": "HEALTHY",
  "balance": 4.567559,
  "wallet_usdc": 4.567559,
  "pm_collateral_usdc": 4.567559,
  "pm_available_usdc": 4.567559,
  "pm_allowance_usdc": 1.157920892373162e+71,
  "position": "FLAT",
  "runtime_ms": 4452,
  "latencies": {
    "data_fetch_all": 541.0,
    "fetch_polymarket": 596.6,
    "total_cycle": 4452
  },
  "trades_15m": 0,
  "last_market_slug": "btc-updown-15m-1772866800",
  "last_condition_id": "0xaa5eb27eed627f8659ef3233338fd42ad6c42e9ba172ce80eb3a1f416aeef68d",
  "unclaimed_usdc": 0.0,
  "api_trade_history": [],
  "signal": {
    "atr14": 90.87253084955597,
    "expected_move": 122.0311288549619,
    "z_score": -1.0948845696478031,
    "posterior_fair_up": 0.13678364775305474,
    "posterior_final_up": 0.09830706522230245,
    "sigma_b": 0.2606316134210298,
    "bvol_multiplier": 1.11063161342103,
    "signed_score": -7.712781672817489,
    "ema_score": -2.0,
    "vwap_score": -1.0,
    "rsi_score": -1.0,
    "atr_score": 0.0,
    "macd_score": -1.0,
    "stoch_score": -1.5,
    "mfi_score": 0.0,
    "obv_score": -0.5,
    "cvd_score": 1.2221422996542266,
    "ofi_score": 1.0,
    "imbalance_score": 0.0,
    "flow_accel_score": 1.0,
    "liq_vacuum_score": 0.0,
    "bb_position_score": -1.0,
    "cross_exch_score": 0.3,
    "accum_ofi_score": 0.0,
    "misprice_score": -1.5,
    "mtf_momentum_score": -1.0,
    "adx_stoch_boost": 0.0,
    "spread_pressure_score": 0.0,
    "oracle_lag_score": 0.0,
    "funding_rate_score": 0.0,
    "funding_rate": 3.143e-05,
    "vpin_proxy": 0.0,
    "deep_imbalance": 0.5,
    "deep_ofi": 0.0,
    "cvd": -194.36400000001228,
    "obi": -0.34577380937507024,
    "yes_mid": 0.215,
    "no_mid": 0.785,
    "regime": "normal",
    "direction": "DOWN",
    "edge_up": -0.12322652499516547,
    "edge_down": 0.10790582445163122,
    "target_edge": 0.10790582445163122,
    "target_side": "NO",
    "required_edge": 0.035,
    "min_score": 2.5,
    "skip_gates": [],
    "strike_price": 67684.0,
    "distance": -133.61000000000058,
    "raw_deep_ofi": 0.0,
    "raw_cvd": -194.36400000001228,
    "raw_vpin": 0.0,
    "raw_deep_imbalance": 0.5,
    "raw_obi": -0.34577380937507024,
    "monster_signal": true,
    "posterior_final_down": 0.9016929347776975
  },
  "performance": {
    "total_trades": 0,
    "closed_trades": 0,
    "wins": 0,
    "losses": 0,
    "win_rate": 0.0,
    "avg_trade": 0.0,
    "avg_pnl": 0.0,
    "total_pnl": 0,
    "profit_factor": 0.0,
    "sharpe": 0.0,
    "loss_streak": 0
  },
  "perf_db": {
    "total_trades": 0,
    "win_rate": 0.0,
    "profit_factor": 0.0,
    "sharpe_ratio": 0.0,
    "avg_pnl_per_trade": 0.0
  },
  "events": []
}