{
  "ts": 1773631603,
  "status": "HEALTHY",
  "balance": 0.0,
  "wallet_usdc": null,
  "pm_collateral_usdc": 0.0,
  "pm_available_usdc": 0.0,
  "pm_allowance_usdc": 1.157920892373162e+71,
  "position": "FLAT",
  "runtime_ms": 1790,
  "latencies": {
    "data_fetch_all": 432.0,
    "fetch_polymarket": 390.3,
    "total_cycle": 1790
  },
  "trades_15m": 0,
  "last_market_slug": "btc-updown-15m-1773630900",
  "last_condition_id": "0x1ca4395c7631040c36c59dfb540fd58b4abf3f75dc55d614dfc03591fed141f8",
  "unclaimed_usdc": 0.0,
  "api_trade_history": [],
  "signal": {
    "atr14": 117.59036351166507,
    "expected_move": 95.28931799855096,
    "z_score": 1.3816868749339315,
    "posterior_fair_up": 0.9164660089022518,
    "posterior_final_up": 0.9969597041595767,
    "sigma_b": 1.4096359485176708,
    "bvol_multiplier": 1.5,
    "signed_score": 13.974087466043631,
    "ema_score": 2.0,
    "vwap_score": 1.0,
    "rsi_score": 0.0,
    "atr_score": 0.0,
    "macd_score": 1.0,
    "stoch_score": 0.0,
    "mfi_score": 0.0,
    "obv_score": 0.5,
    "cvd_score": 1.0229404438510774,
    "ofi_score": 0.0,
    "imbalance_score": 1.0,
    "flow_accel_score": 1.0,
    "liq_vacuum_score": 0.0,
    "bb_position_score": 0.0,
    "cross_exch_score": -0.5,
    "accum_ofi_score": 0.0,
    "misprice_score": 0.0,
    "mtf_momentum_score": 1.0,
    "adx_stoch_boost": 1.0,
    "spread_pressure_score": 1.0,
    "oracle_lag_score": 0.0,
    "funding_rate_score": 0.0,
    "funding_rate": 5.978e-05,
    "vpin_proxy": 0.0,
    "deep_imbalance": 0.5,
    "deep_ofi": 0.0,
    "cvd": 148.60999999999677,
    "obi": 0.677150824129479,
    "yes_mid": 0.992,
    "no_mid": 0.008,
    "regime": "normal",
    "direction": "UP",
    "edge_up": 0.003820129800994332,
    "edge_down": -0.006019962823133876,
    "target_edge": 0.003820129800994332,
    "target_side": "YES",
    "required_edge": 0.035,
    "min_score": 2.5,
    "skip_gates": [],
    "strike_price": 72535.72,
    "distance": 131.6600000000035,
    "raw_deep_ofi": 0.0,
    "raw_cvd": 148.60999999999677,
    "raw_vpin": 0.0,
    "raw_deep_imbalance": 0.5,
    "raw_obi": 0.677150824129479,
    "monster_signal": true,
    "posterior_final_down": 0.0030402958404233127
  },
  "performance": {
    "total_trades": 0,
    "closed_trades": 0,
    "wins": 0,
    "losses": 0,
    "win_rate": 0.0,
    "avg_trade": 0.0,
    "avg_pnl": 0.0,
    "total_pnl": 0,
    "profit_factor": 0.0,
    "sharpe": 0.0,
    "loss_streak": 0
  },
  "perf_db": {
    "total_trades": 0,
    "win_rate": 0.0,
    "profit_factor": 0.0,
    "sharpe_ratio": 0.0,
    "avg_pnl_per_trade": 0.0
  },
  "events": []
}