{
  "ts": 1772878589,
  "status": "HEALTHY",
  "balance": 4.567559,
  "wallet_usdc": 4.567559,
  "pm_collateral_usdc": 4.567559,
  "pm_available_usdc": 4.567559,
  "pm_allowance_usdc": 1.157920892373162e+71,
  "position": "FLAT",
  "runtime_ms": 2282,
  "latencies": {
    "data_fetch_all": 481.2,
    "fetch_polymarket": 397.9,
    "total_cycle": 2282
  },
  "trades_15m": 0,
  "last_market_slug": "btc-updown-15m-1772878500",
  "last_condition_id": "0x31aa62bed23270e2274dbec2be16ffaa54efdcd8b40ee5826db84decc3f9bda5",
  "unclaimed_usdc": 0.0,
  "api_trade_history": [],
  "signal": {
    "atr14": 63.858297996439234,
    "expected_move": 104.99464244831178,
    "z_score": -0.13762606989314466,
    "posterior_fair_up": 0.44526794728423463,
    "posterior_final_up": 0.1876677033419508,
    "sigma_b": 4.34090966667016,
    "bvol_multiplier": 2.0,
    "signed_score": 21.91099921951592,
    "ema_score": 2.0,
    "vwap_score": 1.0,
    "rsi_score": 0.0,
    "atr_score": 0.0,
    "macd_score": 1.0,
    "stoch_score": 1.5,
    "mfi_score": 0.0,
    "obv_score": 2.5,
    "cvd_score": 1.2221422996542266,
    "ofi_score": 1.0,
    "imbalance_score": 0.0,
    "flow_accel_score": 1.0,
    "liq_vacuum_score": 0.0,
    "bb_position_score": 1.0,
    "cross_exch_score": -0.5,
    "accum_ofi_score": 0.0,
    "misprice_score": 0.0,
    "mtf_momentum_score": 1.0,
    "adx_stoch_boost": -1.0,
    "spread_pressure_score": 0.0,
    "oracle_lag_score": 0.0,
    "funding_rate_score": 0.0,
    "funding_rate": 2.115e-05,
    "vpin_proxy": 0.0,
    "deep_imbalance": 0.5,
    "deep_ofi": 0.0,
    "cvd": -18.360999999999954,
    "obi": -0.26180196381005605,
    "yes_mid": 0.20500000000000002,
    "no_mid": 0.795,
    "regime": "low",
    "direction": "DOWN",
    "edge_up": -0.025297446370852017,
    "edge_down": 0.009082967471416903,
    "target_edge": 0.009082967471416903,
    "target_side": "NO",
    "required_edge": 0.05,
    "min_score": 3.0,
    "skip_gates": [
      "edge_insufficient=0.0091_req=0.035",
      "monster_too_early_rem=13.5min"
    ],
    "strike_price": 68092.01,
    "distance": -14.44999999999709,
    "raw_deep_ofi": 0.0,
    "raw_cvd": -18.360999999999954,
    "raw_vpin": 0.0,
    "raw_deep_imbalance": 0.5,
    "raw_obi": -0.26180196381005605,
    "monster_signal": true,
    "posterior_final_down": 0.8123322966580492
  },
  "performance": {
    "total_trades": 0,
    "closed_trades": 0,
    "wins": 0,
    "losses": 0,
    "win_rate": 0.0,
    "avg_trade": 0.0,
    "avg_pnl": 0.0,
    "total_pnl": 0,
    "profit_factor": 0.0,
    "sharpe": 0.0,
    "loss_streak": 0
  },
  "perf_db": {
    "total_trades": 0,
    "win_rate": 0.0,
    "profit_factor": 0.0,
    "sharpe_ratio": 0.0,
    "avg_pnl_per_trade": 0.0
  },
  "events": []
}