{
  "ts": 1773240106,
  "status": "HEALTHY",
  "balance": 10.693203,
  "wallet_usdc": 10.693203,
  "pm_collateral_usdc": 10.693203,
  "pm_available_usdc": 10.693203,
  "pm_allowance_usdc": 1.157920892373162e+71,
  "position": "FLAT",
  "runtime_ms": 1500,
  "latencies": {
    "data_fetch_all": 332.0,
    "fetch_polymarket": 315.5,
    "total_cycle": 1500
  },
  "trades_15m": 0,
  "last_market_slug": "btc-updown-15m-1773239400",
  "last_condition_id": "0xe1a2dc56eb4c2048adc3fec2a2ae559d368ddd50451620e19872ed57b08779f7",
  "unclaimed_usdc": 0.0,
  "api_trade_history": [],
  "signal": {
    "atr14": 314.3640658904905,
    "expected_move": 252.79770956966712,
    "z_score": 0.26827774711826197,
    "posterior_fair_up": 0.6057571712189114,
    "posterior_final_up": 0.7566775052472676,
    "sigma_b": 0.2907861152582373,
    "bvol_multiplier": 1.1407861152582373,
    "signed_score": 11.35709572527068,
    "ema_score": 2.0,
    "vwap_score": 1.0,
    "rsi_score": 0.0,
    "atr_score": 1.0,
    "macd_score": 1.0,
    "stoch_score": 0.0,
    "mfi_score": 0.0,
    "obv_score": 0.5,
    "cvd_score": 1.2221422996542266,
    "ofi_score": 1.0,
    "imbalance_score": 0.0,
    "flow_accel_score": 1.0,
    "liq_vacuum_score": 0.0,
    "bb_position_score": 0.5,
    "cross_exch_score": -0.5,
    "accum_ofi_score": 0.0,
    "misprice_score": 0.0,
    "mtf_momentum_score": 1.0,
    "adx_stoch_boost": 1.0,
    "spread_pressure_score": 0.0,
    "oracle_lag_score": 0.0,
    "funding_rate_score": 0.0,
    "funding_rate": -2.423e-05,
    "vpin_proxy": 0.0,
    "deep_imbalance": 0.5,
    "deep_ofi": 0.0,
    "cvd": -219.7109999999934,
    "obi": 0.20134328975104365,
    "yes_mid": 0.715,
    "no_mid": 0.28500000000000003,
    "regime": "high",
    "direction": "UP",
    "edge_up": 0.03244011121788293,
    "edge_down": -0.05013268467275639,
    "target_edge": 0.03244011121788293,
    "target_side": "YES",
    "required_edge": 0.025,
    "min_score": 2.0,
    "skip_gates": [
      "edge_insufficient=0.0324_req=0.035"
    ],
    "strike_price": 70678.43,
    "distance": 67.82000000000698,
    "raw_deep_ofi": 0.0,
    "raw_cvd": -219.7109999999934,
    "raw_vpin": 0.0,
    "raw_deep_imbalance": 0.5,
    "raw_obi": 0.20134328975104365,
    "monster_signal": true,
    "posterior_final_down": 0.24332249475273238
  },
  "performance": {
    "total_trades": 0,
    "closed_trades": 0,
    "wins": 0,
    "losses": 0,
    "win_rate": 0.0,
    "avg_trade": 0.0,
    "avg_pnl": 0.0,
    "total_pnl": 0,
    "profit_factor": 0.0,
    "sharpe": 0.0,
    "loss_streak": 0
  },
  "perf_db": {
    "total_trades": 0,
    "win_rate": 0.0,
    "profit_factor": 0.0,
    "sharpe_ratio": 0.0,
    "avg_pnl_per_trade": 0.0
  },
  "events": []
}