{
  "ts": 1772876279,
  "status": "HEALTHY",
  "balance": 4.567559,
  "wallet_usdc": 4.567559,
  "pm_collateral_usdc": 4.567559,
  "pm_available_usdc": 4.567559,
  "pm_allowance_usdc": 1.157920892373162e+71,
  "position": "FLAT",
  "runtime_ms": 2460,
  "latencies": {
    "data_fetch_all": 542.6,
    "fetch_polymarket": 654.2,
    "total_cycle": 2460
  },
  "trades_15m": 0,
  "last_market_slug": "btc-updown-15m-1772875800",
  "last_condition_id": "0x49fad1b3e9aee978e1664109b8bc142848c8b242e8ba4653b661e8dea1d6037f",
  "unclaimed_usdc": 0.0,
  "api_trade_history": [],
  "signal": {
    "atr14": 90.36744555179459,
    "expected_move": 107.05141857614205,
    "z_score": 0.245396094226482,
    "posterior_fair_up": 0.5969250706348779,
    "posterior_final_up": 0.807383434904902,
    "sigma_b": 0.14151279854449827,
    "bvol_multiplier": 0.9915127985444983,
    "signed_score": 9.375248879707526,
    "ema_score": 2.0,
    "vwap_score": 1.0,
    "rsi_score": 0.0,
    "atr_score": 0.0,
    "macd_score": 1.0,
    "stoch_score": 0.0,
    "mfi_score": 0.0,
    "obv_score": 0.5,
    "cvd_score": 1.2221422996542266,
    "ofi_score": 1.0,
    "imbalance_score": 0.0,
    "flow_accel_score": 1.0,
    "liq_vacuum_score": 0.0,
    "bb_position_score": 0.5,
    "cross_exch_score": 0.0,
    "accum_ofi_score": 0.0,
    "misprice_score": 0.0,
    "mtf_momentum_score": 1.0,
    "adx_stoch_boost": 1.0,
    "spread_pressure_score": 0.0,
    "oracle_lag_score": 0.0,
    "funding_rate_score": 0.0,
    "funding_rate": 2.123e-05,
    "vpin_proxy": 0.0,
    "deep_imbalance": 0.5,
    "deep_ofi": 0.0,
    "cvd": 43.57299999999991,
    "obi": 0.3555531638996724,
    "yes_mid": 0.775,
    "no_mid": 0.225,
    "regime": "normal",
    "direction": "UP",
    "edge_up": 0.023830947791320445,
    "edge_down": -0.04034973000736655,
    "target_edge": 0.023830947791320445,
    "target_side": "YES",
    "required_edge": 0.035,
    "min_score": 2.5,
    "skip_gates": [
      "edge_insufficient=0.0238_req=0.035"
    ],
    "strike_price": 67959.99,
    "distance": 26.269999999989523,
    "raw_deep_ofi": 0.0,
    "raw_cvd": 43.57299999999991,
    "raw_vpin": 0.0,
    "raw_deep_imbalance": 0.5,
    "raw_obi": 0.3555531638996724,
    "monster_signal": true,
    "posterior_final_down": 0.19261656509509795
  },
  "performance": {
    "total_trades": 0,
    "closed_trades": 0,
    "wins": 0,
    "losses": 0,
    "win_rate": 0.0,
    "avg_trade": 0.0,
    "avg_pnl": 0.0,
    "total_pnl": 0,
    "profit_factor": 0.0,
    "sharpe": 0.0,
    "loss_streak": 0
  },
  "perf_db": {
    "total_trades": 0,
    "win_rate": 0.0,
    "profit_factor": 0.0,
    "sharpe_ratio": 0.0,
    "avg_pnl_per_trade": 0.0
  },
  "events": []
}