{
  "ts": 1773148204,
  "status": "HEALTHY",
  "balance": 2.982429,
  "wallet_usdc": 2.982429,
  "pm_collateral_usdc": 2.982429,
  "pm_available_usdc": 2.982429,
  "pm_allowance_usdc": 1.157920892373162e+71,
  "position": "FLAT",
  "runtime_ms": 1608,
  "latencies": {
    "data_fetch_all": 324.4,
    "fetch_polymarket": 363.3,
    "total_cycle": 1608
  },
  "trades_15m": 0,
  "last_market_slug": "btc-updown-15m-1773147600",
  "last_condition_id": "0x1b4842e33e06b2e7ec7a0d6f4b476a647c54d13b2b4fd7f80696ae185983bdcd",
  "unclaimed_usdc": 0.0,
  "api_trade_history": [
    {
      "slug": "btc-updown-15m-1773147600",
      "outcome": "Up",
      "size": 7.0,
      "entry_price": 0.0,
      "exit_price": 0.975,
      "realized_pnl": 0.0,
      "percent_pnl": 0.0,
      "timestamp": "2026-03-10"
    }
  ],
  "signal": {
    "atr14": 110.86171116472295,
    "expected_move": 110.12015293459618,
    "z_score": 1.643477557713579,
    "posterior_fair_up": 0.949857931011591,
    "posterior_final_up": 0.9976845795563559,
    "sigma_b": 0.4147826102064148,
    "bvol_multiplier": 1.2647826102064148,
    "signed_score": 12.844499304379898,
    "ema_score": 2.0,
    "vwap_score": 1.0,
    "rsi_score": 0.0,
    "atr_score": 0.0,
    "macd_score": 1.0,
    "stoch_score": 1.5,
    "mfi_score": 0.0,
    "obv_score": 0.5,
    "cvd_score": 1.2221422996542266,
    "ofi_score": 1.0,
    "imbalance_score": 0.0,
    "flow_accel_score": 1.0,
    "liq_vacuum_score": 0.0,
    "bb_position_score": 1.0,
    "cross_exch_score": -0.3,
    "accum_ofi_score": 0.0,
    "misprice_score": 0.0,
    "mtf_momentum_score": 1.0,
    "adx_stoch_boost": 0.0,
    "spread_pressure_score": 0.0,
    "oracle_lag_score": 0.0,
    "funding_rate_score": 0.0,
    "funding_rate": 3.747e-05,
    "vpin_proxy": 0.0,
    "deep_imbalance": 0.5,
    "deep_ofi": 0.0,
    "cvd": 500.6269999999761,
    "obi": 0.7217680694884915,
    "yes_mid": 0.9915,
    "no_mid": 0.0085,
    "regime": "normal",
    "direction": "UP",
    "edge_up": 0.004544903715217985,
    "edge_down": -0.007730424881140075,
    "target_edge": 0.004544903715217985,
    "target_side": "YES",
    "required_edge": 0.035,
    "min_score": 2.5,
    "skip_gates": [],
    "strike_price": 70539.56,
    "distance": 180.97999999999593,
    "raw_deep_ofi": 0.0,
    "raw_cvd": 500.6269999999761,
    "raw_vpin": 0.0,
    "raw_deep_imbalance": 0.5,
    "raw_obi": 0.7217680694884915,
    "monster_signal": true,
    "posterior_final_down": 0.0023154204436440784
  },
  "performance": {
    "total_trades": 0,
    "closed_trades": 0,
    "wins": 0,
    "losses": 0,
    "win_rate": 0.0,
    "avg_trade": 0.0,
    "avg_pnl": 0.0,
    "total_pnl": 0,
    "profit_factor": 0.0,
    "sharpe": 0.0,
    "loss_streak": 0
  },
  "perf_db": {
    "total_trades": 0,
    "win_rate": 0.0,
    "profit_factor": 0.0,
    "sharpe_ratio": 0.0,
    "avg_pnl_per_trade": 0.0
  },
  "events": []
}