{
  "ts": 1773400262,
  "status": "HEALTHY",
  "balance": 0.0,
  "wallet_usdc": null,
  "pm_collateral_usdc": 0.0,
  "pm_available_usdc": 0.0,
  "pm_allowance_usdc": 1.157920892373162e+71,
  "position": "FLAT",
  "runtime_ms": 2383,
  "latencies": {
    "data_fetch_all": 471.9,
    "fetch_polymarket": 702.0,
    "total_cycle": 2383
  },
  "trades_15m": 0,
  "last_market_slug": "btc-updown-15m-1773399600",
  "last_condition_id": "0xc1d34487030e0da01d0bf543227c8ee4409849019fa5e36d1f4136ecb684df71",
  "unclaimed_usdc": 0.0,
  "api_trade_history": [],
  "signal": {
    "atr14": 151.50217687808677,
    "expected_move": 134.94187000969694,
    "z_score": -0.9757534854862796,
    "posterior_fair_up": 0.16459332051995623,
    "posterior_final_up": 0.029933692861376954,
    "sigma_b": 0.3478130623487188,
    "bvol_multiplier": 1.1978130623487189,
    "signed_score": 1.607672711464623,
    "ema_score": 2.0,
    "vwap_score": -1.0,
    "rsi_score": 0.0,
    "atr_score": 1.0,
    "macd_score": 1.0,
    "stoch_score": 0.0,
    "mfi_score": 0.0,
    "obv_score": -0.5,
    "cvd_score": -1.031833391680986,
    "ofi_score": 1.0,
    "imbalance_score": 0.0,
    "flow_accel_score": 1.0,
    "liq_vacuum_score": 0.0,
    "bb_position_score": 0.0,
    "cross_exch_score": -0.5,
    "accum_ofi_score": 0.0,
    "misprice_score": 0.0,
    "mtf_momentum_score": -1.0,
    "adx_stoch_boost": -1.0,
    "spread_pressure_score": -0.0,
    "oracle_lag_score": 0.0,
    "funding_rate_score": 0.0,
    "funding_rate": 8.43e-06,
    "vpin_proxy": 0.0,
    "deep_imbalance": 0.5,
    "deep_ofi": 0.0,
    "cvd": -326.48799999999653,
    "obi": -0.4534204115398768,
    "yes_mid": 0.065,
    "no_mid": 0.935,
    "regime": "normal",
    "direction": "DOWN",
    "edge_up": -0.040623073825844666,
    "edge_down": 0.028902227570056782,
    "target_edge": 0.028902227570056782,
    "target_side": "NO",
    "required_edge": 0.035,
    "min_score": 2.5,
    "skip_gates": [],
    "strike_price": 72483.94,
    "distance": -131.66999999999825,
    "raw_deep_ofi": 0.0,
    "raw_cvd": -326.48799999999653,
    "raw_vpin": 0.0,
    "raw_deep_imbalance": 0.5,
    "raw_obi": -0.4534204115398768,
    "monster_signal": true,
    "posterior_final_down": 0.9700663071386231
  },
  "performance": {
    "total_trades": 0,
    "closed_trades": 0,
    "wins": 0,
    "losses": 0,
    "win_rate": 0.0,
    "avg_trade": 0.0,
    "avg_pnl": 0.0,
    "total_pnl": 0,
    "profit_factor": 0.0,
    "sharpe": 0.0,
    "loss_streak": 0
  },
  "perf_db": {
    "total_trades": 0,
    "win_rate": 0.0,
    "profit_factor": 0.0,
    "sharpe_ratio": 0.0,
    "avg_pnl_per_trade": 0.0
  },
  "events": []
}