{
  "ts": 1773020093,
  "status": "HEALTHY",
  "balance": 6.767559,
  "wallet_usdc": 6.767559,
  "pm_collateral_usdc": 6.767559,
  "pm_available_usdc": 6.767559,
  "pm_allowance_usdc": 1.157920892373162e+71,
  "position": "FLAT",
  "runtime_ms": 2616,
  "latencies": {
    "data_fetch_all": 934.0,
    "fetch_polymarket": 650.3,
    "total_cycle": 2616
  },
  "trades_15m": 0,
  "last_market_slug": "btc-updown-15m-1773019800",
  "last_condition_id": "0x85bcee3ebd2edafe3addcad4e03c05a03eb7e042b58fb08a0502d984cb939f9a",
  "unclaimed_usdc": 0.0,
  "api_trade_history": [],
  "signal": {
    "atr14": 217.8327404219886,
    "expected_move": 309.8538332797705,
    "z_score": -0.11879794937621929,
    "posterior_fair_up": 0.4527176728929222,
    "posterior_final_up": 0.7370344271376726,
    "sigma_b": 0.3682112446171963,
    "bvol_multiplier": 1.2182112446171962,
    "signed_score": 7.742341089767349,
    "ema_score": 2.0,
    "vwap_score": -1.0,
    "rsi_score": 0.0,
    "atr_score": 1.0,
    "macd_score": 1.0,
    "stoch_score": 0.0,
    "mfi_score": 0.0,
    "obv_score": 2.5,
    "cvd_score": 1.2221422996542266,
    "ofi_score": 1.0,
    "imbalance_score": 0.0,
    "flow_accel_score": 1.0,
    "liq_vacuum_score": 0.0,
    "bb_position_score": 0.5,
    "cross_exch_score": 0.5,
    "accum_ofi_score": 0.0,
    "misprice_score": 0.0,
    "mtf_momentum_score": 0.0,
    "adx_stoch_boost": -1.0,
    "spread_pressure_score": 0.0,
    "oracle_lag_score": -2.0,
    "funding_rate_score": 0.0,
    "funding_rate": -7.09e-05,
    "vpin_proxy": 0.0,
    "deep_imbalance": 0.5,
    "deep_ofi": 0.0,
    "cvd": 91.66800000000013,
    "obi": 0.05470342586621447,
    "yes_mid": 0.755,
    "no_mid": 0.245,
    "regime": "high",
    "direction": "UP",
    "edge_up": -0.026503338112588204,
    "edge_down": 0.009021089269392435,
    "target_edge": -0.026503338112588204,
    "target_side": "YES",
    "required_edge": 0.025,
    "min_score": 2.0,
    "skip_gates": [
      "edge_insufficient=-0.0265_req=0.035"
    ],
    "strike_price": 66475.86,
    "distance": -36.80999999999767,
    "raw_deep_ofi": 0.0,
    "raw_cvd": 91.66800000000013,
    "raw_vpin": 0.0,
    "raw_deep_imbalance": 0.5,
    "raw_obi": 0.05470342586621447,
    "monster_signal": false,
    "posterior_final_down": 0.26296557286232736
  },
  "performance": {
    "total_trades": 0,
    "closed_trades": 0,
    "wins": 0,
    "losses": 0,
    "win_rate": 0.0,
    "avg_trade": 0.0,
    "avg_pnl": 0.0,
    "total_pnl": 0,
    "profit_factor": 0.0,
    "sharpe": 0.0,
    "loss_streak": 0
  },
  "perf_db": {
    "total_trades": 0,
    "win_rate": 0.0,
    "profit_factor": 0.0,
    "sharpe_ratio": 0.0,
    "avg_pnl_per_trade": 0.0
  },
  "events": []
}