{
  "ts": 1773247509,
  "status": "HEALTHY",
  "balance": 4.017255,
  "wallet_usdc": 4.017255,
  "pm_collateral_usdc": 4.017255,
  "pm_available_usdc": 4.017255,
  "pm_allowance_usdc": 1.157920892373162e+71,
  "position": "FLAT",
  "runtime_ms": 2028,
  "latencies": {
    "data_fetch_all": 459.1,
    "fetch_polymarket": 382.0,
    "total_cycle": 2028
  },
  "trades_15m": 0,
  "last_market_slug": "btc-updown-15m-1773247500",
  "last_condition_id": "0xad8c49ca5246ef08edeedc5448fbb792c6861d4b83b3200257663fbdba0ff41d",
  "unclaimed_usdc": 0.0,
  "api_trade_history": [
    {
      "slug": "btc-updown-15m-1773246600",
      "outcome": "Up",
      "size": 5.99873,
      "entry_price": 0.0,
      "exit_price": 0.9995000000000002,
      "realized_pnl": 0.0,
      "percent_pnl": 0.0,
      "timestamp": "2026-03-11"
    }
  ],
  "signal": {
    "atr14": 245.0205025229319,
    "expected_move": 422.26068792876345,
    "z_score": -0.29524415500655127,
    "posterior_fair_up": 0.38390375460631565,
    "posterior_final_up": 0.3876029187363182,
    "sigma_b": 5.079316163020591,
    "bvol_multiplier": 2.0,
    "signed_score": 17.310999219515917,
    "ema_score": 2.0,
    "vwap_score": 1.0,
    "rsi_score": 0.0,
    "atr_score": 1.0,
    "macd_score": 1.0,
    "stoch_score": 1.5,
    "mfi_score": 0.0,
    "obv_score": -0.5,
    "cvd_score": 1.2221422996542266,
    "ofi_score": 1.0,
    "imbalance_score": 0.0,
    "flow_accel_score": 1.0,
    "liq_vacuum_score": 0.0,
    "bb_position_score": 1.0,
    "cross_exch_score": -0.3,
    "accum_ofi_score": 0.0,
    "misprice_score": -0.5,
    "mtf_momentum_score": 1.0,
    "adx_stoch_boost": -1.0,
    "spread_pressure_score": 0.0,
    "oracle_lag_score": 0.0,
    "funding_rate_score": 0.0,
    "funding_rate": -7.398e-05,
    "vpin_proxy": 0.0,
    "deep_imbalance": 0.5,
    "deep_ofi": 0.0,
    "cvd": 0.4680000000000001,
    "obi": -0.1150291030100149,
    "yes_mid": 0.445,
    "no_mid": 0.555,
    "regime": "high",
    "direction": "DOWN",
    "edge_up": -0.0666607133697813,
    "edge_down": 0.04700798694856134,
    "target_edge": 0.04700798694856134,
    "target_side": "NO",
    "required_edge": 0.025,
    "min_score": 2.0,
    "skip_gates": [
      "monster_too_early_rem=14.8min"
    ],
    "strike_price": 70773.57,
    "distance": -124.6700000000128,
    "raw_deep_ofi": 0.0,
    "raw_cvd": 0.4680000000000001,
    "raw_vpin": 0.0,
    "raw_deep_imbalance": 0.5,
    "raw_obi": -0.1150291030100149,
    "monster_signal": true,
    "posterior_final_down": 0.6123970812636819
  },
  "performance": {
    "total_trades": 0,
    "closed_trades": 0,
    "wins": 0,
    "losses": 0,
    "win_rate": 0.0,
    "avg_trade": 0.0,
    "avg_pnl": 0.0,
    "total_pnl": 0,
    "profit_factor": 0.0,
    "sharpe": 0.0,
    "loss_streak": 0
  },
  "perf_db": {
    "total_trades": 0,
    "win_rate": 0.0,
    "profit_factor": 0.0,
    "sharpe_ratio": 0.0,
    "avg_pnl_per_trade": 0.0
  },
  "events": []
}