{
  "ts": 1773253569,
  "status": "HEALTHY",
  "balance": 8.979006,
  "wallet_usdc": 8.979006,
  "pm_collateral_usdc": 8.979006,
  "pm_available_usdc": 8.979006,
  "pm_allowance_usdc": 1.157920892373162e+71,
  "position": "FLAT",
  "runtime_ms": 3687,
  "latencies": {
    "data_fetch_all": 1473.4,
    "fetch_polymarket": 429.1,
    "total_cycle": 3687
  },
  "trades_15m": 0,
  "last_market_slug": "btc-updown-15m-1773252900",
  "last_condition_id": "0x38583b295337779dba76f18518c309a49a72499dab0435ed1d561d301be74964",
  "unclaimed_usdc": 0.0,
  "api_trade_history": [],
  "signal": {
    "atr14": 205.3353134502312,
    "expected_move": 180.18100629997775,
    "z_score": 0.5610469276195234,
    "posterior_fair_up": 0.7126172588301725,
    "posterior_final_up": 0.836765370108987,
    "sigma_b": 0.24599930921937102,
    "bvol_multiplier": 1.095999309219371,
    "signed_score": 8.719222076789698,
    "ema_score": 2.0,
    "vwap_score": 1.0,
    "rsi_score": 0.0,
    "atr_score": 1.0,
    "macd_score": -1.0,
    "stoch_score": 0.0,
    "mfi_score": 0.0,
    "obv_score": 0.5,
    "cvd_score": 1.2221422996542266,
    "ofi_score": 1.0,
    "imbalance_score": 0.0,
    "flow_accel_score": 1.0,
    "liq_vacuum_score": 0.0,
    "bb_position_score": 0.0,
    "cross_exch_score": -0.5,
    "accum_ofi_score": 0.0,
    "misprice_score": 0.5,
    "mtf_momentum_score": 1.0,
    "adx_stoch_boost": 1.0,
    "spread_pressure_score": 0.0,
    "oracle_lag_score": 0.0,
    "funding_rate_score": 0.0,
    "funding_rate": -6.466e-05,
    "vpin_proxy": 0.0,
    "deep_imbalance": 0.5,
    "deep_ofi": 0.0,
    "cvd": 98.57600000000379,
    "obi": 0.4311231297696841,
    "yes_mid": 0.765,
    "no_mid": 0.235,
    "regime": "high",
    "direction": "UP",
    "edge_up": 0.06291624940648555,
    "edge_down": -0.07924653648333038,
    "target_edge": 0.06291624940648555,
    "target_side": "YES",
    "required_edge": 0.025,
    "min_score": 2.0,
    "skip_gates": [],
    "strike_price": 70775.86,
    "distance": 101.08999999999651,
    "raw_deep_ofi": 0.0,
    "raw_cvd": 98.57600000000379,
    "raw_vpin": 0.0,
    "raw_deep_imbalance": 0.5,
    "raw_obi": 0.4311231297696841,
    "monster_signal": true,
    "posterior_final_down": 0.163234629891013
  },
  "performance": {
    "total_trades": 0,
    "closed_trades": 0,
    "wins": 0,
    "losses": 0,
    "win_rate": 0.0,
    "avg_trade": 0.0,
    "avg_pnl": 0.0,
    "total_pnl": 0,
    "profit_factor": 0.0,
    "sharpe": 0.0,
    "loss_streak": 0
  },
  "perf_db": {
    "total_trades": 0,
    "win_rate": 0.0,
    "profit_factor": 0.0,
    "sharpe_ratio": 0.0,
    "avg_pnl_per_trade": 0.0
  },
  "events": []
}