{
  "ts": 1773421720,
  "status": "HEALTHY",
  "balance": 0.0,
  "wallet_usdc": null,
  "pm_collateral_usdc": 0.0,
  "pm_available_usdc": 0.0,
  "pm_allowance_usdc": 1.157920892373162e+71,
  "position": "FLAT",
  "runtime_ms": 1939,
  "latencies": {
    "data_fetch_all": 362.5,
    "fetch_polymarket": 325.2,
    "total_cycle": 1939
  },
  "trades_15m": 0,
  "last_market_slug": "btc-updown-15m-1773421200",
  "last_condition_id": "0xee72d83e61ff735e6ebc0fe4f458e5cae955e757920d45427e5f9a869d67d09a",
  "unclaimed_usdc": 0.0,
  "api_trade_history": [],
  "signal": {
    "atr14": 265.7305777042108,
    "expected_move": 299.0698980297927,
    "z_score": 0.09235299233378029,
    "posterior_fair_up": 0.5367912682931657,
    "posterior_final_up": 0.7006850153498941,
    "sigma_b": 0.28271496133887686,
    "bvol_multiplier": 1.132714961338877,
    "signed_score": -0.8357473412192308,
    "ema_score": -2.0,
    "vwap_score": -1.0,
    "rsi_score": 0.0,
    "atr_score": -1.0,
    "macd_score": 1.0,
    "stoch_score": 0.0,
    "mfi_score": 0.0,
    "obv_score": -0.5,
    "cvd_score": -1.031833391680986,
    "ofi_score": 1.0,
    "imbalance_score": 0.0,
    "flow_accel_score": 1.0,
    "liq_vacuum_score": 0.0,
    "bb_position_score": 0.0,
    "cross_exch_score": 0.3,
    "accum_ofi_score": 0.0,
    "misprice_score": 0.0,
    "mtf_momentum_score": 0.0,
    "adx_stoch_boost": 1.0,
    "spread_pressure_score": 0.0,
    "oracle_lag_score": 0.0,
    "funding_rate_score": 0.0,
    "funding_rate": 1.031e-05,
    "vpin_proxy": 0.0,
    "deep_imbalance": 0.5,
    "deep_ofi": 0.0,
    "cvd": 60.27199999999991,
    "obi": 0.16098698086257177,
    "yes_mid": 0.685,
    "no_mid": 0.315,
    "regime": "high",
    "direction": "UP",
    "edge_up": 0.006340768254724849,
    "edge_down": -0.024755699141135568,
    "target_edge": 0.006340768254724849,
    "target_side": "YES",
    "required_edge": 0.025,
    "min_score": 2.0,
    "skip_gates": [
      "edge_insufficient=0.0063_req=0.035",
      "score_low=0.84_req=2.0"
    ],
    "strike_price": 71901.98,
    "distance": 27.620000000009895,
    "raw_deep_ofi": 0.0,
    "raw_cvd": 60.27199999999991,
    "raw_vpin": 0.0,
    "raw_deep_imbalance": 0.5,
    "raw_obi": 0.16098698086257177,
    "monster_signal": false,
    "posterior_final_down": 0.29931498465010586
  },
  "performance": {
    "total_trades": 0,
    "closed_trades": 0,
    "wins": 0,
    "losses": 0,
    "win_rate": 0.0,
    "avg_trade": 0.0,
    "avg_pnl": 0.0,
    "total_pnl": 0,
    "profit_factor": 0.0,
    "sharpe": 0.0,
    "loss_streak": 0
  },
  "perf_db": {
    "total_trades": 0,
    "win_rate": 0.0,
    "profit_factor": 0.0,
    "sharpe_ratio": 0.0,
    "avg_pnl_per_trade": 0.0
  },
  "events": []
}