{
  "ts": 1772867969,
  "status": "HEALTHY",
  "balance": 4.567559,
  "wallet_usdc": 4.567559,
  "pm_collateral_usdc": 4.567559,
  "pm_available_usdc": 4.567559,
  "pm_allowance_usdc": 1.157920892373162e+71,
  "position": "FLAT",
  "runtime_ms": 3139,
  "latencies": {
    "data_fetch_all": 1236.3,
    "fetch_polymarket": 302.3,
    "total_cycle": 3139
  },
  "trades_15m": 0,
  "last_market_slug": "btc-updown-15m-1772867700",
  "last_condition_id": "0x6192c1b79fd4f4cb38c537b41a10fadb4181154cfdb12edcf50b70a173e0a5fd",
  "unclaimed_usdc": 0.0,
  "api_trade_history": [],
  "signal": {
    "atr14": 105.9576757363363,
    "expected_move": 153.66907440925124,
    "z_score": -0.00045552431597629744,
    "posterior_fair_up": 0.49981827044489163,
    "posterior_final_up": 0.434910672944574,
    "sigma_b": 0.11731455984072546,
    "bvol_multiplier": 0.9673145598407255,
    "signed_score": 1.048955606701836,
    "ema_score": -2.0,
    "vwap_score": 1.0,
    "rsi_score": 0.0,
    "atr_score": 0.0,
    "macd_score": -1.0,
    "stoch_score": 0.0,
    "mfi_score": 0.0,
    "obv_score": 0.5,
    "cvd_score": 1.2221422996542266,
    "ofi_score": 1.0,
    "imbalance_score": 0.0,
    "flow_accel_score": 1.0,
    "liq_vacuum_score": 0.0,
    "bb_position_score": -0.5,
    "cross_exch_score": -0.5,
    "accum_ofi_score": 0.0,
    "misprice_score": 0.0,
    "mtf_momentum_score": 0.0,
    "adx_stoch_boost": 1.0,
    "spread_pressure_score": 0.0,
    "oracle_lag_score": 0.0,
    "funding_rate_score": 0.0,
    "funding_rate": 3.706e-05,
    "vpin_proxy": 0.0,
    "deep_imbalance": 0.5,
    "deep_ofi": 0.0,
    "cvd": -18.747999999999973,
    "obi": -0.04653351353481274,
    "yes_mid": 0.435,
    "no_mid": 0.565,
    "regime": "normal",
    "direction": "DOWN",
    "edge_up": -0.009960326592405255,
    "edge_down": -0.009770441157250565,
    "target_edge": -0.009770441157250565,
    "target_side": "NO",
    "required_edge": 0.035,
    "min_score": 2.5,
    "skip_gates": [
      "edge_insufficient=-0.0098_req=0.035",
      "score_low=1.05_req=2.5",
      "early_window_rem=10.5min"
    ],
    "strike_price": 67624.02,
    "distance": -0.07000000000698492,
    "raw_deep_ofi": 0.0,
    "raw_cvd": -18.747999999999973,
    "raw_vpin": 0.0,
    "raw_deep_imbalance": 0.5,
    "raw_obi": -0.04653351353481274,
    "monster_signal": false,
    "posterior_final_down": 0.565089327055426
  },
  "performance": {
    "total_trades": 0,
    "closed_trades": 0,
    "wins": 0,
    "losses": 0,
    "win_rate": 0.0,
    "avg_trade": 0.0,
    "avg_pnl": 0.0,
    "total_pnl": 0,
    "profit_factor": 0.0,
    "sharpe": 0.0,
    "loss_streak": 0
  },
  "perf_db": {
    "total_trades": 0,
    "win_rate": 0.0,
    "profit_factor": 0.0,
    "sharpe_ratio": 0.0,
    "avg_pnl_per_trade": 0.0
  },
  "events": []
}