{
  "ts": 1773144113,
  "status": "HEALTHY",
  "balance": 8.172429,
  "wallet_usdc": 8.172429,
  "pm_collateral_usdc": 8.172429,
  "pm_available_usdc": 8.172429,
  "pm_allowance_usdc": 1.157920892373162e+71,
  "position": "FLAT",
  "runtime_ms": 1851,
  "latencies": {
    "data_fetch_all": 588.2,
    "fetch_polymarket": 367.8,
    "total_cycle": 1851
  },
  "trades_15m": 0,
  "last_market_slug": "btc-updown-15m-1773144000",
  "last_condition_id": "0xef7b24fc71ebfbceccf1544534c4afff612a6a8ad43dcefbe0e1081a33ad0501",
  "unclaimed_usdc": 0.0,
  "api_trade_history": [],
  "signal": {
    "atr14": 130.42036173413427,
    "expected_move": 211.23804490098163,
    "z_score": 0.0,
    "posterior_fair_up": 0.5000000005,
    "posterior_final_up": 0.5750000002443749,
    "sigma_b": 0.5914082028288357,
    "bvol_multiplier": 1.4414082028288355,
    "signed_score": -2.818818331450534,
    "ema_score": -2.0,
    "vwap_score": -1.0,
    "rsi_score": 0.0,
    "atr_score": -1.0,
    "macd_score": 1.0,
    "stoch_score": 0.0,
    "mfi_score": 0.0,
    "obv_score": -0.5,
    "cvd_score": 1.2221422996542266,
    "ofi_score": 1.0,
    "imbalance_score": 0.0,
    "flow_accel_score": 1.0,
    "liq_vacuum_score": 0.0,
    "bb_position_score": -0.5,
    "cross_exch_score": 0.3,
    "accum_ofi_score": 0.0,
    "misprice_score": 0.0,
    "mtf_momentum_score": -1.0,
    "adx_stoch_boost": -1.0,
    "spread_pressure_score": 0.0,
    "oracle_lag_score": 0.0,
    "funding_rate_score": 0.0,
    "funding_rate": 2.401e-05,
    "vpin_proxy": 0.0,
    "deep_imbalance": 0.5,
    "deep_ofi": 0.0,
    "cvd": 3.3029999999999986,
    "obi": 0.029922038989198745,
    "yes_mid": 0.575,
    "no_mid": 0.425,
    "regime": "normal",
    "direction": "UP",
    "edge_up": -0.009829999757677732,
    "edge_down": -0.00984500024158902,
    "target_edge": -0.009829999757677732,
    "target_side": "YES",
    "required_edge": 0.035,
    "min_score": 2.5,
    "skip_gates": [
      "edge_insufficient=-0.0098_req=0.035",
      "early_window_rem=13.1min"
    ],
    "strike_price": 70623.61,
    "distance": 0.0,
    "raw_deep_ofi": 0.0,
    "raw_cvd": 3.3029999999999986,
    "raw_vpin": 0.0,
    "raw_deep_imbalance": 0.5,
    "raw_obi": 0.029922038989198745,
    "monster_signal": false,
    "posterior_final_down": 0.4249999997556251
  },
  "performance": {
    "total_trades": 0,
    "closed_trades": 0,
    "wins": 0,
    "losses": 0,
    "win_rate": 0.0,
    "avg_trade": 0.0,
    "avg_pnl": 0.0,
    "total_pnl": 0,
    "profit_factor": 0.0,
    "sharpe": 0.0,
    "loss_streak": 0
  },
  "perf_db": {
    "total_trades": 0,
    "win_rate": 0.0,
    "profit_factor": 0.0,
    "sharpe_ratio": 0.0,
    "avg_pnl_per_trade": 0.0
  },
  "events": []
}