{
  "ts": 1773146476,
  "status": "HEALTHY",
  "balance": 8.172429,
  "wallet_usdc": 8.172429,
  "pm_collateral_usdc": 8.172429,
  "pm_available_usdc": 8.172429,
  "pm_allowance_usdc": 1.157920892373162e+71,
  "position": "FLAT",
  "runtime_ms": 1579,
  "latencies": {
    "data_fetch_all": 400.2,
    "fetch_polymarket": 316.7,
    "total_cycle": 1579
  },
  "trades_15m": 0,
  "last_market_slug": "btc-updown-15m-1773145800",
  "last_condition_id": "0x22c505ca7dabcf126433b37db3801b935805a5a4268c5095fcc0390cd279cd16",
  "unclaimed_usdc": 0.0,
  "api_trade_history": [],
  "signal": {
    "atr14": 120.35435911625699,
    "expected_move": 103.9980524474029,
    "z_score": 0.599338146563131,
    "posterior_fair_up": 0.7255263403822084,
    "posterior_final_up": 0.891630709263646,
    "sigma_b": 0.40965757503121,
    "bvol_multiplier": 1.25965757503121,
    "signed_score": 1.66829009911426,
    "ema_score": -2.0,
    "vwap_score": 1.0,
    "rsi_score": 0.0,
    "atr_score": -1.0,
    "macd_score": -1.0,
    "stoch_score": 0.0,
    "mfi_score": 0.0,
    "obv_score": 0.5,
    "cvd_score": 1.2221422996542266,
    "ofi_score": 1.0,
    "imbalance_score": 0.0,
    "flow_accel_score": 1.0,
    "liq_vacuum_score": 0.0,
    "bb_position_score": -0.5,
    "cross_exch_score": 0.3,
    "accum_ofi_score": 0.0,
    "misprice_score": 0.5,
    "mtf_momentum_score": 0.0,
    "adx_stoch_boost": 1.0,
    "spread_pressure_score": 0.0,
    "oracle_lag_score": 0.0,
    "funding_rate_score": 0.0,
    "funding_rate": 3.428e-05,
    "vpin_proxy": 0.0,
    "deep_imbalance": 0.5,
    "deep_ofi": 0.0,
    "cvd": -2.246000000000194,
    "obi": 0.4564517682213319,
    "yes_mid": 0.835,
    "no_mid": 0.165,
    "regime": "normal",
    "direction": "UP",
    "edge_up": 0.048777490994002304,
    "edge_down": -0.06342963948986945,
    "target_edge": 0.048777490994002304,
    "target_side": "YES",
    "required_edge": 0.035,
    "min_score": 2.5,
    "skip_gates": [
      "score_low=1.67_req=2.5"
    ],
    "strike_price": 70400.98,
    "distance": 62.330000000001746,
    "raw_deep_ofi": 0.0,
    "raw_cvd": -2.246000000000194,
    "raw_vpin": 0.0,
    "raw_deep_imbalance": 0.5,
    "raw_obi": 0.4564517682213319,
    "monster_signal": false,
    "posterior_final_down": 0.10836929073635404
  },
  "performance": {
    "total_trades": 0,
    "closed_trades": 0,
    "wins": 0,
    "losses": 0,
    "win_rate": 0.0,
    "avg_trade": 0.0,
    "avg_pnl": 0.0,
    "total_pnl": 0,
    "profit_factor": 0.0,
    "sharpe": 0.0,
    "loss_streak": 0
  },
  "perf_db": {
    "total_trades": 0,
    "win_rate": 0.0,
    "profit_factor": 0.0,
    "sharpe_ratio": 0.0,
    "avg_pnl_per_trade": 0.0
  },
  "events": []
}