{
  "ts": 1773246054,
  "status": "HEALTHY",
  "balance": 10.93767,
  "wallet_usdc": 10.93767,
  "pm_collateral_usdc": 10.93767,
  "pm_available_usdc": 10.93767,
  "pm_allowance_usdc": 1.157920892373162e+71,
  "position": "FLAT",
  "runtime_ms": 5614,
  "latencies": {
    "data_fetch_all": 2073.8,
    "fetch_polymarket": 790.0,
    "total_cycle": 5614
  },
  "trades_15m": 0,
  "last_market_slug": "btc-updown-15m-1773245700",
  "last_condition_id": "0xdb830615d0cf20272077885d6221ecc152ca7da4b665737ad6b3ed22bd46e17d",
  "unclaimed_usdc": 0.0,
  "api_trade_history": [],
  "signal": {
    "atr14": 276.09542257285506,
    "expected_move": 372.47308883400393,
    "z_score": -0.24203090827908083,
    "posterior_fair_up": 0.40437815814216677,
    "posterior_final_up": 0.2290349514253522,
    "sigma_b": 0.22191965833329413,
    "bvol_multiplier": 1.0719196583332942,
    "signed_score": 11.100263603562313,
    "ema_score": 2.0,
    "vwap_score": -1.0,
    "rsi_score": 0.0,
    "atr_score": 1.0,
    "macd_score": 1.0,
    "stoch_score": 1.5,
    "mfi_score": 0.0,
    "obv_score": 2.5,
    "cvd_score": 1.2221422996542266,
    "ofi_score": 1.0,
    "imbalance_score": 0.0,
    "flow_accel_score": 1.0,
    "liq_vacuum_score": 0.0,
    "bb_position_score": 0.0,
    "cross_exch_score": 0.5,
    "accum_ofi_score": 0.0,
    "misprice_score": 0.0,
    "mtf_momentum_score": 0.0,
    "adx_stoch_boost": 0.0,
    "spread_pressure_score": 0.0,
    "oracle_lag_score": 0.0,
    "funding_rate_score": 0.0,
    "funding_rate": -6.842e-05,
    "vpin_proxy": 0.0,
    "deep_imbalance": 0.5,
    "deep_ofi": 0.0,
    "cvd": -5.214000000000234,
    "obi": -0.3749871784694615,
    "yes_mid": 0.265,
    "no_mid": 0.735,
    "regime": "high",
    "direction": "DOWN",
    "edge_up": -0.04430895886545794,
    "edge_down": 0.02695603032205962,
    "target_edge": 0.02695603032205962,
    "target_side": "NO",
    "required_edge": 0.025,
    "min_score": 2.0,
    "skip_gates": [
      "edge_insufficient=0.0270_req=0.035"
    ],
    "strike_price": 70474.13,
    "distance": -90.15000000000873,
    "raw_deep_ofi": 0.0,
    "raw_cvd": -5.214000000000234,
    "raw_vpin": 0.0,
    "raw_deep_imbalance": 0.5,
    "raw_obi": -0.3749871784694615,
    "monster_signal": true,
    "posterior_final_down": 0.7709650485746478
  },
  "performance": {
    "total_trades": 0,
    "closed_trades": 0,
    "wins": 0,
    "losses": 0,
    "win_rate": 0.0,
    "avg_trade": 0.0,
    "avg_pnl": 0.0,
    "total_pnl": 0,
    "profit_factor": 0.0,
    "sharpe": 0.0,
    "loss_streak": 0
  },
  "perf_db": {
    "total_trades": 0,
    "win_rate": 0.0,
    "profit_factor": 0.0,
    "sharpe_ratio": 0.0,
    "avg_pnl_per_trade": 0.0
  },
  "events": []
}