{
  "ts": 1773098698,
  "status": "HEALTHY",
  "balance": 8.503853,
  "wallet_usdc": 8.503853,
  "pm_collateral_usdc": 8.503853,
  "pm_available_usdc": 8.503853,
  "pm_allowance_usdc": 1.157920892373162e+71,
  "position": "FLAT",
  "runtime_ms": 2100,
  "latencies": {
    "data_fetch_all": 357.9,
    "fetch_polymarket": 457.5,
    "total_cycle": 2100
  },
  "trades_15m": 0,
  "last_market_slug": "btc-updown-15m-1773098100",
  "last_condition_id": "0x20e42c21a0eb66d08e4c26a75188c9c56c810cf9a751ce611d9a49bd4f2320b4",
  "unclaimed_usdc": 0.0,
  "api_trade_history": [],
  "signal": {
    "atr14": 124.0795054478121,
    "expected_move": 124.49241675695801,
    "z_score": -0.5928875181537703,
    "posterior_fair_up": 0.27662817054873184,
    "posterior_final_up": 0.19774980207387902,
    "sigma_b": 0.26687937923921384,
    "bvol_multiplier": 1.1168793792392138,
    "signed_score": -3.34572421713162,
    "ema_score": -2.0,
    "vwap_score": -1.0,
    "rsi_score": 0.0,
    "atr_score": -1.0,
    "macd_score": -1.0,
    "stoch_score": -1.5,
    "mfi_score": 0.0,
    "obv_score": 2.5,
    "cvd_score": 1.2221422996542266,
    "ofi_score": 1.0,
    "imbalance_score": 0.0,
    "flow_accel_score": 1.0,
    "liq_vacuum_score": 0.0,
    "bb_position_score": -1.0,
    "cross_exch_score": -0.5,
    "accum_ofi_score": 0.0,
    "misprice_score": -0.5,
    "mtf_momentum_score": -1.0,
    "adx_stoch_boost": 0.0,
    "spread_pressure_score": 0.0,
    "oracle_lag_score": 0.0,
    "funding_rate_score": 0.0,
    "funding_rate": -2.509e-05,
    "vpin_proxy": 0.0,
    "deep_imbalance": 0.5,
    "deep_ofi": 0.0,
    "cvd": -74.92599999999932,
    "obi": -0.2298755631472112,
    "yes_mid": 0.28500000000000003,
    "no_mid": 0.715,
    "regime": "normal",
    "direction": "DOWN",
    "edge_up": -0.09505824511557004,
    "edge_down": 0.07775759681773464,
    "target_edge": 0.07775759681773464,
    "target_side": "NO",
    "required_edge": 0.035,
    "min_score": 2.5,
    "skip_gates": [],
    "strike_price": 68659.98,
    "distance": -73.80999999999767,
    "raw_deep_ofi": 0.0,
    "raw_cvd": -74.92599999999932,
    "raw_vpin": 0.0,
    "raw_deep_imbalance": 0.5,
    "raw_obi": -0.2298755631472112,
    "monster_signal": false,
    "posterior_final_down": 0.802250197926121
  },
  "performance": {
    "total_trades": 0,
    "closed_trades": 0,
    "wins": 0,
    "losses": 0,
    "win_rate": 0.0,
    "avg_trade": 0.0,
    "avg_pnl": 0.0,
    "total_pnl": 0,
    "profit_factor": 0.0,
    "sharpe": 0.0,
    "loss_streak": 0
  },
  "perf_db": {
    "total_trades": 0,
    "win_rate": 0.0,
    "profit_factor": 0.0,
    "sharpe_ratio": 0.0,
    "avg_pnl_per_trade": 0.0
  },
  "events": []
}