{
  "ts": 1773612462,
  "status": "HEALTHY",
  "balance": 0.0,
  "wallet_usdc": null,
  "pm_collateral_usdc": 0.0,
  "pm_available_usdc": 0.0,
  "pm_allowance_usdc": 1.157920892373162e+71,
  "position": "FLAT",
  "runtime_ms": 3431,
  "latencies": {
    "data_fetch_all": 531.3,
    "fetch_polymarket": 1082.5,
    "total_cycle": 3431
  },
  "trades_15m": 0,
  "last_market_slug": "btc-updown-15m-1773612000",
  "last_condition_id": "0xc6ab158887af62b4a60d3a23ef93e8ef5650ef6c6e91115d33a0676c0d57712a",
  "unclaimed_usdc": 0.0,
  "api_trade_history": [],
  "signal": {
    "atr14": 129.0693605990833,
    "expected_move": 155.95510179011794,
    "z_score": -0.4793687358853169,
    "posterior_fair_up": 0.31583817513461176,
    "posterior_final_up": 0.23806301496406596,
    "sigma_b": 0.468105339475952,
    "bvol_multiplier": 1.3181053394759519,
    "signed_score": 5.121712111837855,
    "ema_score": 2.0,
    "vwap_score": -1.0,
    "rsi_score": 0.0,
    "atr_score": 1.0,
    "macd_score": 1.0,
    "stoch_score": 0.0,
    "mfi_score": -2.0,
    "obv_score": -0.5,
    "cvd_score": -1.0204825512502782,
    "ofi_score": 2.0,
    "imbalance_score": 1.0,
    "flow_accel_score": 1.0,
    "liq_vacuum_score": 2.0,
    "bb_position_score": 0.5,
    "cross_exch_score": -0.5,
    "accum_ofi_score": 0.0,
    "misprice_score": -0.5,
    "mtf_momentum_score": 0.0,
    "adx_stoch_boost": -1.0,
    "spread_pressure_score": 0.0,
    "oracle_lag_score": 0.0,
    "funding_rate_score": 0.0,
    "funding_rate": 2.36e-06,
    "vpin_proxy": 0.9249494535929446,
    "deep_imbalance": 0.9624747267964723,
    "deep_ofi": 6.495030000000001,
    "cvd": -31.419000000002267,
    "obi": -0.2807446484800111,
    "yes_mid": 0.315,
    "no_mid": 0.685,
    "regime": "normal",
    "direction": "DOWN",
    "edge_up": -0.08517464203944533,
    "edge_down": 0.06721297572871132,
    "target_edge": 0.06721297572871132,
    "target_side": "NO",
    "required_edge": 0.035,
    "min_score": 2.5,
    "skip_gates": [],
    "strike_price": 72109.59,
    "distance": -74.75999999999476,
    "raw_deep_ofi": 6.495030000000001,
    "raw_cvd": -31.419000000002267,
    "raw_vpin": 0.9249494535929446,
    "raw_deep_imbalance": 0.9624747267964723,
    "raw_obi": -0.2807446484800111,
    "monster_signal": false,
    "posterior_final_down": 0.7619369850359341
  },
  "performance": {
    "total_trades": 0,
    "closed_trades": 0,
    "wins": 0,
    "losses": 0,
    "win_rate": 0.0,
    "avg_trade": 0.0,
    "avg_pnl": 0.0,
    "total_pnl": 0,
    "profit_factor": 0.0,
    "sharpe": 0.0,
    "loss_streak": 0
  },
  "perf_db": {
    "total_trades": 0,
    "win_rate": 0.0,
    "profit_factor": 0.0,
    "sharpe_ratio": 0.0,
    "avg_pnl_per_trade": 0.0
  },
  "events": []
}