{
  "ts": 1773974960,
  "status": "HEALTHY",
  "balance": 0.0,
  "wallet_usdc": null,
  "pm_collateral_usdc": 0.0,
  "pm_available_usdc": 0.0,
  "pm_allowance_usdc": 1.157920892373162e+71,
  "position": "FLAT",
  "runtime_ms": 4062,
  "latencies": {
    "data_fetch_all": 2104.1,
    "fetch_polymarket": 656.7,
    "total_cycle": 4062
  },
  "trades_15m": 0,
  "last_market_slug": "btc-updown-15m-1773974700",
  "last_condition_id": "0x9d612369165d5f4460f98f91132ca8772b81fe29eddb04ae8e11a710f3a11800",
  "unclaimed_usdc": 0.0,
  "api_trade_history": [],
  "signal": {
    "atr14": 124.28481100324493,
    "expected_move": 181.52958544464937,
    "z_score": 0.017848330298636656,
    "posterior_fair_up": 0.5071201126720426,
    "posterior_final_up": 0.7377645286838728,
    "sigma_b": 0.1886175290061834,
    "bvol_multiplier": 1.0386175290061834,
    "signed_score": 0.9273261799053114,
    "ema_score": -2.0,
    "vwap_score": 1.0,
    "rsi_score": 0.0,
    "atr_score": -1.0,
    "macd_score": -1.0,
    "stoch_score": 0.0,
    "mfi_score": 0.0,
    "obv_score": 0.5,
    "cvd_score": 1.0229404438510774,
    "ofi_score": 0.0,
    "imbalance_score": 1.0,
    "flow_accel_score": 1.0,
    "liq_vacuum_score": 0.0,
    "bb_position_score": 0.0,
    "cross_exch_score": 0.3,
    "accum_ofi_score": 0.0,
    "misprice_score": 0.0,
    "mtf_momentum_score": 1.0,
    "adx_stoch_boost": 1.0,
    "spread_pressure_score": 1.0,
    "oracle_lag_score": -2.0,
    "funding_rate_score": 0.0,
    "funding_rate": 5.71e-06,
    "vpin_proxy": 0.0,
    "deep_imbalance": 0.5,
    "deep_ofi": 0.0,
    "cvd": -4.332999999999886,
    "obi": 0.16473720077214832,
    "yes_mid": 0.735,
    "no_mid": 0.265,
    "regime": "normal",
    "direction": "UP",
    "edge_up": -0.006071846865283392,
    "edge_down": -0.011593166565088242,
    "target_edge": -0.006071846865283392,
    "target_side": "YES",
    "required_edge": 0.035,
    "min_score": 2.5,
    "skip_gates": [
      "edge_insufficient=-0.0061_req=0.035",
      "score_low=0.93_req=2.5",
      "early_window_rem=10.7min"
    ],
    "strike_price": 70267.49,
    "distance": 3.2399999999906868,
    "raw_deep_ofi": 0.0,
    "raw_cvd": -4.332999999999886,
    "raw_vpin": 0.0,
    "raw_deep_imbalance": 0.5,
    "raw_obi": 0.16473720077214832,
    "monster_signal": false,
    "posterior_final_down": 0.26223547131612723
  },
  "performance": {
    "total_trades": 0,
    "closed_trades": 0,
    "wins": 0,
    "losses": 0,
    "win_rate": 0.0,
    "avg_trade": 0.0,
    "avg_pnl": 0.0,
    "total_pnl": 0,
    "profit_factor": 0.0,
    "sharpe": 0.0,
    "loss_streak": 0
  },
  "perf_db": {
    "total_trades": 0,
    "win_rate": 0.0,
    "profit_factor": 0.0,
    "sharpe_ratio": 0.0,
    "avg_pnl_per_trade": 0.0
  },
  "events": []
}