{
  "ts": 1772848046,
  "status": "HEALTHY",
  "balance": 4.567559,
  "wallet_usdc": 4.567559,
  "pm_collateral_usdc": 4.567559,
  "pm_available_usdc": 4.567559,
  "pm_allowance_usdc": 1.157920892373162e+71,
  "position": "FLAT",
  "runtime_ms": 3728,
  "latencies": {
    "data_fetch_all": 938.1,
    "fetch_polymarket": 527.0,
    "total_cycle": 3728
  },
  "trades_15m": 0,
  "last_market_slug": "btc-updown-15m-1772847900",
  "last_condition_id": "0xfe8d8351dc103589ed26ed8b015b99470d88a83b1f26d84bc9d41f621eb9ac7b",
  "unclaimed_usdc": 0.0,
  "api_trade_history": [],
  "signal": {
    "atr14": 72.95421433720746,
    "expected_move": 115.65793403722377,
    "z_score": 0.0,
    "posterior_fair_up": 0.5000000005,
    "posterior_final_up": 0.46500000024877497,
    "sigma_b": 1.341437024455029,
    "bvol_multiplier": 2.0,
    "signed_score": 0.40879937561273394,
    "ema_score": -2.0,
    "vwap_score": -1.0,
    "rsi_score": 0.0,
    "atr_score": 0.0,
    "macd_score": -1.0,
    "stoch_score": 0.0,
    "mfi_score": 0.0,
    "obv_score": 2.5,
    "cvd_score": 1.2221422996542266,
    "ofi_score": 1.0,
    "imbalance_score": 0.0,
    "flow_accel_score": 1.0,
    "liq_vacuum_score": 0.0,
    "bb_position_score": 0.0,
    "cross_exch_score": 0.5,
    "accum_ofi_score": 0.0,
    "misprice_score": 0.0,
    "mtf_momentum_score": -1.0,
    "adx_stoch_boost": -1.0,
    "spread_pressure_score": 0.0,
    "oracle_lag_score": 0.0,
    "funding_rate_score": 0.0,
    "funding_rate": 5.69e-06,
    "vpin_proxy": 0.0,
    "deep_imbalance": 0.5,
    "deep_ofi": 0.0,
    "cvd": -0.14999999999999847,
    "obi": -0.026756539057191043,
    "yes_mid": 0.46499999999999997,
    "no_mid": 0.535,
    "regime": "low",
    "direction": "DOWN",
    "edge_up": -0.009928999753862022,
    "edge_down": -0.009922000246486262,
    "target_edge": -0.009922000246486262,
    "target_side": "NO",
    "required_edge": 0.05,
    "min_score": 3.0,
    "skip_gates": [
      "edge_insufficient=-0.0099_req=0.035",
      "score_low=0.41_req=3.0",
      "early_window_rem=12.6min",
      "bb_squeeze=0.0029"
    ],
    "strike_price": 68216.93,
    "distance": 0.0,
    "raw_deep_ofi": 0.0,
    "raw_cvd": -0.14999999999999847,
    "raw_vpin": 0.0,
    "raw_deep_imbalance": 0.5,
    "raw_obi": -0.026756539057191043,
    "monster_signal": false,
    "posterior_final_down": 0.534999999751225
  },
  "performance": {
    "total_trades": 0,
    "closed_trades": 0,
    "wins": 0,
    "losses": 0,
    "win_rate": 0.0,
    "avg_trade": 0.0,
    "avg_pnl": 0.0,
    "total_pnl": 0,
    "profit_factor": 0.0,
    "sharpe": 0.0,
    "loss_streak": 0
  },
  "perf_db": {
    "total_trades": 0,
    "win_rate": 0.0,
    "profit_factor": 0.0,
    "sharpe_ratio": 0.0,
    "avg_pnl_per_trade": 0.0
  },
  "events": []
}