{
  "ts": 1773619723,
  "status": "HEALTHY",
  "balance": 0.0,
  "wallet_usdc": null,
  "pm_collateral_usdc": 0.0,
  "pm_available_usdc": 0.0,
  "pm_allowance_usdc": 1.157920892373162e+71,
  "position": "FLAT",
  "runtime_ms": 1453,
  "latencies": {
    "data_fetch_all": 322.3,
    "fetch_polymarket": 284.9,
    "total_cycle": 1453
  },
  "trades_15m": 0,
  "last_market_slug": "btc-updown-15m-1773619200",
  "last_condition_id": "0x88613419a2a44985e1a5b4e95d6d67e537a9363944f9b196f49d19c1d23687ee",
  "unclaimed_usdc": 0.0,
  "api_trade_history": [],
  "signal": {
    "atr14": 202.7936592511269,
    "expected_move": 227.3340136131432,
    "z_score": 0.5963911772160928,
    "posterior_fair_up": 0.7245430801391508,
    "posterior_final_up": 0.9325425880262133,
    "sigma_b": 0.2150400663477149,
    "bvol_multiplier": 1.0650400663477149,
    "signed_score": 8.324415261801013,
    "ema_score": 2.0,
    "vwap_score": 1.0,
    "rsi_score": 0.0,
    "atr_score": 1.0,
    "macd_score": 1.0,
    "stoch_score": 0.0,
    "mfi_score": 0.0,
    "obv_score": -2.5,
    "cvd_score": 1.0229404438510774,
    "ofi_score": 0.0,
    "imbalance_score": 1.0,
    "flow_accel_score": 1.0,
    "liq_vacuum_score": 0.0,
    "bb_position_score": 0.5,
    "cross_exch_score": -0.5,
    "accum_ofi_score": 0.0,
    "misprice_score": 0.0,
    "mtf_momentum_score": 1.0,
    "adx_stoch_boost": 1.0,
    "spread_pressure_score": 1.0,
    "oracle_lag_score": 0.0,
    "funding_rate_score": 0.0,
    "funding_rate": 2.629e-05,
    "vpin_proxy": 0.0,
    "deep_imbalance": 0.5,
    "deep_ofi": 0.0,
    "cvd": 150.10200000000046,
    "obi": 0.43665705918807535,
    "yes_mid": 0.895,
    "no_mid": 0.10500000000000001,
    "regime": "high",
    "direction": "UP",
    "edge_up": 0.030677502850160798,
    "edge_down": -0.04374332995934667,
    "target_edge": 0.030677502850160798,
    "target_side": "YES",
    "required_edge": 0.025,
    "min_score": 2.0,
    "skip_gates": [
      "edge_insufficient=0.0307_req=0.035"
    ],
    "strike_price": 72830.01,
    "distance": 135.58000000000175,
    "raw_deep_ofi": 0.0,
    "raw_cvd": 150.10200000000046,
    "raw_vpin": 0.0,
    "raw_deep_imbalance": 0.5,
    "raw_obi": 0.43665705918807535,
    "monster_signal": true,
    "posterior_final_down": 0.06745741197378674
  },
  "performance": {
    "total_trades": 0,
    "closed_trades": 0,
    "wins": 0,
    "losses": 0,
    "win_rate": 0.0,
    "avg_trade": 0.0,
    "avg_pnl": 0.0,
    "total_pnl": 0,
    "profit_factor": 0.0,
    "sharpe": 0.0,
    "loss_streak": 0
  },
  "perf_db": {
    "total_trades": 0,
    "win_rate": 0.0,
    "profit_factor": 0.0,
    "sharpe_ratio": 0.0,
    "avg_pnl_per_trade": 0.0
  },
  "events": []
}