{
  "ts": 1773264084,
  "status": "HEALTHY",
  "balance": 8.38955,
  "wallet_usdc": 8.38955,
  "pm_collateral_usdc": 8.38955,
  "pm_available_usdc": 8.38955,
  "pm_allowance_usdc": 1.157920892373162e+71,
  "position": "FLAT",
  "runtime_ms": 4741,
  "latencies": {
    "data_fetch_all": 2242.5,
    "fetch_polymarket": 339.0,
    "total_cycle": 4741
  },
  "trades_15m": 0,
  "last_market_slug": "btc-updown-15m-1773263700",
  "last_condition_id": "0xaba29ff450ca73a7cfcd0a82b3c5945811f153ca67fd246c302998d09b2aa0f3",
  "unclaimed_usdc": 0.0,
  "api_trade_history": [],
  "signal": {
    "atr14": 117.15808354274155,
    "expected_move": 153.65138609131313,
    "z_score": 0.04145748477806951,
    "posterior_fair_up": 0.5165344699616389,
    "posterior_final_up": 0.5132673021079356,
    "sigma_b": 0.23017647581773532,
    "bvol_multiplier": 1.0801764758177352,
    "signed_score": 1.9490700957413032,
    "ema_score": 2.0,
    "vwap_score": -1.0,
    "rsi_score": 0.0,
    "atr_score": 0.0,
    "macd_score": 1.0,
    "stoch_score": 0.0,
    "mfi_score": 0.0,
    "obv_score": -0.5,
    "cvd_score": 1.2221422996542266,
    "ofi_score": 1.0,
    "imbalance_score": 0.0,
    "flow_accel_score": 1.0,
    "liq_vacuum_score": 0.0,
    "bb_position_score": 0.0,
    "cross_exch_score": -0.5,
    "accum_ofi_score": 0.0,
    "misprice_score": 0.0,
    "mtf_momentum_score": -1.0,
    "adx_stoch_boost": -1.0,
    "spread_pressure_score": 0.0,
    "oracle_lag_score": 0.0,
    "funding_rate_score": 0.0,
    "funding_rate": -8.221e-05,
    "vpin_proxy": 0.0,
    "deep_imbalance": 0.5,
    "deep_ofi": 0.0,
    "cvd": -7.625999999999967,
    "obi": -0.022488199190213755,
    "yes_mid": 0.505,
    "no_mid": 0.495,
    "regime": "normal",
    "direction": "UP",
    "edge_up": -0.0017627174527221623,
    "edge_down": -0.018134629086856258,
    "target_edge": -0.0017627174527221623,
    "target_side": "YES",
    "required_edge": 0.035,
    "min_score": 2.5,
    "skip_gates": [
      "edge_insufficient=-0.0018_req=0.035",
      "score_low=1.95_req=2.5"
    ],
    "strike_price": 70563.43,
    "distance": 6.370000000009895,
    "raw_deep_ofi": 0.0,
    "raw_cvd": -7.625999999999967,
    "raw_vpin": 0.0,
    "raw_deep_imbalance": 0.5,
    "raw_obi": -0.022488199190213755,
    "monster_signal": false,
    "posterior_final_down": 0.4867326978920644
  },
  "performance": {
    "total_trades": 0,
    "closed_trades": 0,
    "wins": 0,
    "losses": 0,
    "win_rate": 0.0,
    "avg_trade": 0.0,
    "avg_pnl": 0.0,
    "total_pnl": 0,
    "profit_factor": 0.0,
    "sharpe": 0.0,
    "loss_streak": 0
  },
  "perf_db": {
    "total_trades": 0,
    "win_rate": 0.0,
    "profit_factor": 0.0,
    "sharpe_ratio": 0.0,
    "avg_pnl_per_trade": 0.0
  },
  "events": []
}