{
  "ts": 1773583885,
  "status": "HEALTHY",
  "balance": 0.0,
  "wallet_usdc": null,
  "pm_collateral_usdc": 0.0,
  "pm_available_usdc": 0.0,
  "pm_allowance_usdc": 1.157920892373162e+71,
  "position": "FLAT",
  "runtime_ms": 1818,
  "latencies": {
    "data_fetch_all": 353.3,
    "fetch_polymarket": 489.2,
    "total_cycle": 1818
  },
  "trades_15m": 0,
  "last_market_slug": "btc-updown-15m-1773583200",
  "last_condition_id": "0xc0c2012098cb5cb049d3e6c04cf31ee6e5c0210bd1890e3d130b2e807f28cfd0",
  "unclaimed_usdc": 0.0,
  "api_trade_history": [],
  "signal": {
    "atr14": 118.77871241294201,
    "expected_move": 100.55350553034643,
    "z_score": -0.26135339450764045,
    "posterior_fair_up": 0.39691005657736805,
    "posterior_final_up": 0.44295471649855833,
    "sigma_b": 0.34460923415770245,
    "bvol_multiplier": 1.1946092341577024,
    "signed_score": -2.524286689117184,
    "ema_score": -2.0,
    "vwap_score": 1.0,
    "rsi_score": 0.0,
    "atr_score": 0.0,
    "macd_score": 1.0,
    "stoch_score": 0.0,
    "mfi_score": 0.0,
    "obv_score": 0.5,
    "cvd_score": -1.0590442358826666,
    "ofi_score": -2.0,
    "imbalance_score": 1.0,
    "flow_accel_score": -1.0,
    "liq_vacuum_score": 0.0,
    "bb_position_score": 0.0,
    "cross_exch_score": 0.5,
    "accum_ofi_score": 0.0,
    "misprice_score": -0.5,
    "mtf_momentum_score": 1.0,
    "adx_stoch_boost": -1.0,
    "spread_pressure_score": 0.0,
    "oracle_lag_score": 0.0,
    "funding_rate_score": 0.0,
    "funding_rate": -1.116e-05,
    "vpin_proxy": 0.0,
    "deep_imbalance": 0.5,
    "deep_ofi": 0.0,
    "cvd": 17.23499999999998,
    "obi": 0.0152383062861174,
    "yes_mid": 0.495,
    "no_mid": 0.505,
    "regime": "normal",
    "direction": "DOWN",
    "edge_up": -0.06147483066642728,
    "edge_down": 0.04158623972312747,
    "target_edge": 0.04158623972312747,
    "target_side": "NO",
    "required_edge": 0.035,
    "min_score": 2.5,
    "skip_gates": [],
    "strike_price": 71610.08,
    "distance": -26.279999999998836,
    "raw_deep_ofi": 0.0,
    "raw_cvd": 17.23499999999998,
    "raw_vpin": 0.0,
    "raw_deep_imbalance": 0.5,
    "raw_obi": 0.0152383062861174,
    "monster_signal": false,
    "posterior_final_down": 0.5570452835014417
  },
  "performance": {
    "total_trades": 0,
    "closed_trades": 0,
    "wins": 0,
    "losses": 0,
    "win_rate": 0.0,
    "avg_trade": 0.0,
    "avg_pnl": 0.0,
    "total_pnl": 0,
    "profit_factor": 0.0,
    "sharpe": 0.0,
    "loss_streak": 0
  },
  "perf_db": {
    "total_trades": 0,
    "win_rate": 0.0,
    "profit_factor": 0.0,
    "sharpe_ratio": 0.0,
    "avg_pnl_per_trade": 0.0
  },
  "events": []
}