{
  "ts": 1772960199,
  "status": "HEALTHY",
  "balance": 6.767559,
  "wallet_usdc": 6.767559,
  "pm_collateral_usdc": 6.767559,
  "pm_available_usdc": 6.767559,
  "pm_allowance_usdc": 1.157920892373162e+71,
  "position": "FLAT",
  "runtime_ms": 2192,
  "latencies": {
    "data_fetch_all": 359.5,
    "fetch_polymarket": 502.1,
    "total_cycle": 2192
  },
  "trades_15m": 0,
  "last_market_slug": "btc-updown-15m-1772959500",
  "last_condition_id": "0x77fc3d66302834209e413456601d83797ee1e6e645c3be829e6506e9f2a044c9",
  "unclaimed_usdc": 0.0,
  "api_trade_history": [],
  "signal": {
    "atr14": 81.99520205758735,
    "expected_move": 67.11596544423142,
    "z_score": 0.36548680835682107,
    "posterior_fair_up": 0.6426259125226004,
    "posterior_final_up": 0.8552297477069739,
    "sigma_b": 0.29994303220520996,
    "bvol_multiplier": 1.14994303220521,
    "signed_score": 11.678246014803893,
    "ema_score": 2.0,
    "vwap_score": 1.0,
    "rsi_score": 1.0,
    "atr_score": 0.0,
    "macd_score": 1.0,
    "stoch_score": 1.5,
    "mfi_score": 0.0,
    "obv_score": -0.5,
    "cvd_score": 1.2221422996542266,
    "ofi_score": 1.0,
    "imbalance_score": 0.0,
    "flow_accel_score": 1.0,
    "liq_vacuum_score": 0.0,
    "bb_position_score": 1.0,
    "cross_exch_score": -0.3,
    "accum_ofi_score": 0.0,
    "misprice_score": 0.0,
    "mtf_momentum_score": 1.0,
    "adx_stoch_boost": 0.0,
    "spread_pressure_score": 0.0,
    "oracle_lag_score": 0.0,
    "funding_rate_score": 0.0,
    "funding_rate": -1.749e-05,
    "vpin_proxy": 0.0,
    "deep_imbalance": 0.5,
    "deep_ofi": 0.0,
    "cvd": 13.182000000000174,
    "obi": 0.3881729837410177,
    "yes_mid": 0.815,
    "no_mid": 0.185,
    "regime": "normal",
    "direction": "UP",
    "edge_up": 0.03215092061522884,
    "edge_down": -0.04757502579412093,
    "target_edge": 0.03215092061522884,
    "target_side": "YES",
    "required_edge": 0.035,
    "min_score": 2.5,
    "skip_gates": [
      "edge_insufficient=0.0322_req=0.035"
    ],
    "strike_price": 67487.3,
    "distance": 24.529999999998836,
    "raw_deep_ofi": 0.0,
    "raw_cvd": 13.182000000000174,
    "raw_vpin": 0.0,
    "raw_deep_imbalance": 0.5,
    "raw_obi": 0.3881729837410177,
    "monster_signal": true,
    "posterior_final_down": 0.1447702522930261
  },
  "performance": {
    "total_trades": 0,
    "closed_trades": 0,
    "wins": 0,
    "losses": 0,
    "win_rate": 0.0,
    "avg_trade": 0.0,
    "avg_pnl": 0.0,
    "total_pnl": 0,
    "profit_factor": 0.0,
    "sharpe": 0.0,
    "loss_streak": 0
  },
  "perf_db": {
    "total_trades": 0,
    "win_rate": 0.0,
    "profit_factor": 0.0,
    "sharpe_ratio": 0.0,
    "avg_pnl_per_trade": 0.0
  },
  "events": []
}