{
  "ts": 1773001631,
  "status": "HEALTHY",
  "balance": 6.767559,
  "wallet_usdc": 6.767559,
  "pm_collateral_usdc": 6.767559,
  "pm_available_usdc": 6.767559,
  "pm_allowance_usdc": 1.157920892373162e+71,
  "position": "FLAT",
  "runtime_ms": 1711,
  "latencies": {
    "data_fetch_all": 404.3,
    "fetch_polymarket": 309.8,
    "total_cycle": 1711
  },
  "trades_15m": 0,
  "last_market_slug": "btc-updown-15m-1773000900",
  "last_condition_id": "0xf84c0d551e71f7c8f291d2dc8735a8f6771b7824406463fdbc222c87cede7f5c",
  "unclaimed_usdc": 0.0,
  "api_trade_history": [],
  "signal": {
    "atr14": 114.80283031244693,
    "expected_move": 86.16587848000881,
    "z_score": -0.21713931697855637,
    "posterior_fair_up": 0.414049924064929,
    "posterior_final_up": 0.24176547830609005,
    "sigma_b": 0.5181670494792685,
    "bvol_multiplier": 1.3681670494792684,
    "signed_score": 0.49855964569720373,
    "ema_score": 2.0,
    "vwap_score": -1.0,
    "rsi_score": 0.0,
    "atr_score": 0.0,
    "macd_score": -1.0,
    "stoch_score": -1.0,
    "mfi_score": 0.0,
    "obv_score": -0.5,
    "cvd_score": 1.2221422996542266,
    "ofi_score": 1.0,
    "imbalance_score": 0.0,
    "flow_accel_score": 1.0,
    "liq_vacuum_score": 0.0,
    "bb_position_score": 0.0,
    "cross_exch_score": -0.3,
    "accum_ofi_score": 0.0,
    "misprice_score": 0.0,
    "mtf_momentum_score": -1.0,
    "adx_stoch_boost": 0.0,
    "spread_pressure_score": 0.0,
    "oracle_lag_score": 0.0,
    "funding_rate_score": 0.0,
    "funding_rate": -3.487e-05,
    "vpin_proxy": 0.0,
    "deep_imbalance": 0.5,
    "deep_ofi": 0.0,
    "cvd": 103.16499999999823,
    "obi": -0.11545445937867874,
    "yes_mid": 0.275,
    "no_mid": 0.725,
    "regime": "normal",
    "direction": "DOWN",
    "edge_up": -0.04171594458151767,
    "edge_down": 0.024140055276762884,
    "target_edge": 0.024140055276762884,
    "target_side": "NO",
    "required_edge": 0.035,
    "min_score": 2.5,
    "skip_gates": [
      "edge_insufficient=0.0241_req=0.035",
      "score_low=0.50_req=2.5"
    ],
    "strike_price": 67096.57,
    "distance": -18.710000000006403,
    "raw_deep_ofi": 0.0,
    "raw_cvd": 103.16499999999823,
    "raw_vpin": 0.0,
    "raw_deep_imbalance": 0.5,
    "raw_obi": -0.11545445937867874,
    "monster_signal": false,
    "posterior_final_down": 0.7582345216939099
  },
  "performance": {
    "total_trades": 0,
    "closed_trades": 0,
    "wins": 0,
    "losses": 0,
    "win_rate": 0.0,
    "avg_trade": 0.0,
    "avg_pnl": 0.0,
    "total_pnl": 0,
    "profit_factor": 0.0,
    "sharpe": 0.0,
    "loss_streak": 0
  },
  "perf_db": {
    "total_trades": 0,
    "win_rate": 0.0,
    "profit_factor": 0.0,
    "sharpe_ratio": 0.0,
    "avg_pnl_per_trade": 0.0
  },
  "events": []
}