{
  "ts": 1772888988,
  "status": "HEALTHY",
  "balance": 6.767559,
  "wallet_usdc": 6.767559,
  "pm_collateral_usdc": 6.767559,
  "pm_available_usdc": 6.767559,
  "pm_allowance_usdc": 1.157920892373162e+71,
  "position": "FLAT",
  "runtime_ms": 2472,
  "latencies": {
    "data_fetch_all": 1164.3,
    "fetch_polymarket": 294.0,
    "total_cycle": 2472
  },
  "trades_15m": 0,
  "last_market_slug": "btc-updown-15m-1772888400",
  "last_condition_id": "0x2fc49266cbe3b68170c4c8ebc0b70f41fae1db9d9c63f964f454917401f388d2",
  "unclaimed_usdc": 0.0,
  "api_trade_history": [],
  "signal": {
    "atr14": 65.40444802832792,
    "expected_move": 66.69971135444185,
    "z_score": 0.7607229322233975,
    "posterior_fair_up": 0.7765887794402472,
    "posterior_final_up": 0.8517518875831327,
    "sigma_b": 0.4768333475331807,
    "bvol_multiplier": 1.3268333475331806,
    "signed_score": 3.1371643526785293,
    "ema_score": -2.0,
    "vwap_score": 1.0,
    "rsi_score": 0.0,
    "atr_score": 0.0,
    "macd_score": -1.0,
    "stoch_score": 0.0,
    "mfi_score": 0.0,
    "obv_score": -0.5,
    "cvd_score": 1.2221422996542266,
    "ofi_score": 1.0,
    "imbalance_score": 0.0,
    "flow_accel_score": 1.0,
    "liq_vacuum_score": 0.0,
    "bb_position_score": 0.0,
    "cross_exch_score": 0.5,
    "accum_ofi_score": 0.0,
    "misprice_score": 0.5,
    "mtf_momentum_score": 1.0,
    "adx_stoch_boost": 1.0,
    "spread_pressure_score": 0.0,
    "oracle_lag_score": 0.0,
    "funding_rate_score": 0.0,
    "funding_rate": -1.018e-05,
    "vpin_proxy": 0.0,
    "deep_imbalance": 0.5,
    "deep_ofi": 0.0,
    "cvd": 30.95799999999993,
    "obi": 0.3930284265678212,
    "yes_mid": 0.755,
    "no_mid": 0.245,
    "regime": "low",
    "direction": "UP",
    "edge_up": 0.0876634785227336,
    "edge_down": -0.1039756092693857,
    "target_edge": 0.0876634785227336,
    "target_side": "YES",
    "required_edge": 0.05,
    "min_score": 3.0,
    "skip_gates": [],
    "strike_price": 67990.0,
    "distance": 50.74000000000524,
    "raw_deep_ofi": 0.0,
    "raw_cvd": 30.95799999999993,
    "raw_vpin": 0.0,
    "raw_deep_imbalance": 0.5,
    "raw_obi": 0.3930284265678212,
    "monster_signal": false,
    "posterior_final_down": 0.1482481124168673
  },
  "performance": {
    "total_trades": 0,
    "closed_trades": 0,
    "wins": 0,
    "losses": 0,
    "win_rate": 0.0,
    "avg_trade": 0.0,
    "avg_pnl": 0.0,
    "total_pnl": 0,
    "profit_factor": 0.0,
    "sharpe": 0.0,
    "loss_streak": 0
  },
  "perf_db": {
    "total_trades": 0,
    "win_rate": 0.0,
    "profit_factor": 0.0,
    "sharpe_ratio": 0.0,
    "avg_pnl_per_trade": 0.0
  },
  "events": []
}