{
  "ts": 1772865928,
  "status": "HEALTHY",
  "balance": 4.567559,
  "wallet_usdc": 4.567559,
  "pm_collateral_usdc": 4.567559,
  "pm_available_usdc": 4.567559,
  "pm_allowance_usdc": 1.157920892373162e+71,
  "position": "FLAT",
  "runtime_ms": 1831,
  "latencies": {
    "data_fetch_all": 322.6,
    "fetch_polymarket": 359.9,
    "total_cycle": 1831
  },
  "trades_15m": 0,
  "last_market_slug": "btc-updown-15m-1772865900",
  "last_condition_id": "0x1884ccebf4d5c4ac9ae5a866d5f0e642f6b7e49a9e1113cbc668907d8aaa53f6",
  "unclaimed_usdc": 0.0,
  "api_trade_history": [],
  "signal": {
    "atr14": 75.17324736111114,
    "expected_move": 128.16248707020978,
    "z_score": 0.047829908268294835,
    "posterior_fair_up": 0.5190741661121017,
    "posterior_final_up": 0.574356111764115,
    "sigma_b": 1.5633502567668376,
    "bvol_multiplier": 2.0,
    "signed_score": 4.248799375612734,
    "ema_score": -2.0,
    "vwap_score": 1.0,
    "rsi_score": 0.0,
    "atr_score": 0.0,
    "macd_score": -1.0,
    "stoch_score": 0.0,
    "mfi_score": 0.0,
    "obv_score": 0.5,
    "cvd_score": 1.2221422996542266,
    "ofi_score": 1.0,
    "imbalance_score": 0.0,
    "flow_accel_score": 1.0,
    "liq_vacuum_score": 0.0,
    "bb_position_score": 0.0,
    "cross_exch_score": -0.3,
    "accum_ofi_score": 0.0,
    "misprice_score": 0.0,
    "mtf_momentum_score": 1.0,
    "adx_stoch_boost": 1.0,
    "spread_pressure_score": 0.0,
    "oracle_lag_score": 0.0,
    "funding_rate_score": 0.0,
    "funding_rate": 3.017e-05,
    "vpin_proxy": 0.0,
    "deep_imbalance": 0.5,
    "deep_ofi": 0.0,
    "cvd": 0.7469999999999986,
    "obi": 0.015974896703982992,
    "yes_mid": 0.565,
    "no_mid": 0.435,
    "regime": "low",
    "direction": "UP",
    "edge_up": -0.0005833507970562923,
    "edge_down": -0.019123323312356943,
    "target_edge": -0.0005833507970562923,
    "target_side": "YES",
    "required_edge": 0.05,
    "min_score": 3.0,
    "skip_gates": [
      "edge_insufficient=-0.0006_req=0.035",
      "early_window_rem=14.5min"
    ],
    "strike_price": 67934.65,
    "distance": 6.130000000004657,
    "raw_deep_ofi": 0.0,
    "raw_cvd": 0.7469999999999986,
    "raw_vpin": 0.0,
    "raw_deep_imbalance": 0.5,
    "raw_obi": 0.015974896703982992,
    "monster_signal": false,
    "posterior_final_down": 0.42564388823588495
  },
  "performance": {
    "total_trades": 0,
    "closed_trades": 0,
    "wins": 0,
    "losses": 0,
    "win_rate": 0.0,
    "avg_trade": 0.0,
    "avg_pnl": 0.0,
    "total_pnl": 0,
    "profit_factor": 0.0,
    "sharpe": 0.0,
    "loss_streak": 0
  },
  "perf_db": {
    "total_trades": 0,
    "win_rate": 0.0,
    "profit_factor": 0.0,
    "sharpe_ratio": 0.0,
    "avg_pnl_per_trade": 0.0
  },
  "events": []
}