{
  "ts": 1773043758,
  "status": "HEALTHY",
  "balance": 7.326783,
  "wallet_usdc": 7.326783,
  "pm_collateral_usdc": 7.326783,
  "pm_available_usdc": 7.326783,
  "pm_allowance_usdc": 1.157920892373162e+71,
  "position": "FLAT",
  "runtime_ms": 1808,
  "latencies": {
    "data_fetch_all": 515.6,
    "fetch_polymarket": 304.0,
    "total_cycle": 1808
  },
  "trades_15m": 0,
  "last_market_slug": "btc-updown-15m-1773043200",
  "last_condition_id": "0x4f69996f95467f4e2cba72378d21ecc468b1252b6fa80f9220adf2b1eb5ec09e",
  "unclaimed_usdc": 0.0,
  "api_trade_history": [],
  "signal": {
    "atr14": 176.08452661027033,
    "expected_move": 188.0068269589746,
    "z_score": -0.4336544652061474,
    "posterior_fair_up": 0.3322697224249987,
    "posterior_final_up": 0.744382739711196,
    "sigma_b": 0.42827966450052257,
    "bvol_multiplier": 1.2782796645005225,
    "signed_score": -2.397541737807953,
    "ema_score": -2.0,
    "vwap_score": -1.0,
    "rsi_score": 0.0,
    "atr_score": -1.0,
    "macd_score": 1.0,
    "stoch_score": 0.0,
    "mfi_score": 0.0,
    "obv_score": 0.5,
    "cvd_score": 1.2221422996542266,
    "ofi_score": 1.0,
    "imbalance_score": 0.0,
    "flow_accel_score": 1.0,
    "liq_vacuum_score": 0.0,
    "bb_position_score": 0.5,
    "cross_exch_score": 0.3,
    "accum_ofi_score": 0.0,
    "misprice_score": -0.5,
    "mtf_momentum_score": 0.0,
    "adx_stoch_boost": -1.0,
    "spread_pressure_score": 0.0,
    "oracle_lag_score": -2.0,
    "funding_rate_score": 0.0,
    "funding_rate": -4.815e-05,
    "vpin_proxy": 0.0,
    "deep_imbalance": 0.5,
    "deep_ofi": 0.0,
    "cvd": 98.77200000000055,
    "obi": 0.5885850786311216,
    "yes_mid": 0.805,
    "no_mid": 0.195,
    "regime": "normal",
    "direction": "UP",
    "edge_up": -0.06844591469970662,
    "edge_down": 0.05152738412418317,
    "target_edge": -0.06844591469970662,
    "target_side": "YES",
    "required_edge": 0.035,
    "min_score": 2.5,
    "skip_gates": [
      "edge_insufficient=-0.0684_req=0.035",
      "score_low=2.40_req=2.5"
    ],
    "strike_price": 67535.77,
    "distance": -81.52999999999884,
    "raw_deep_ofi": 0.0,
    "raw_cvd": 98.77200000000055,
    "raw_vpin": 0.0,
    "raw_deep_imbalance": 0.5,
    "raw_obi": 0.5885850786311216,
    "monster_signal": false,
    "posterior_final_down": 0.25561726028880405
  },
  "performance": {
    "total_trades": 0,
    "closed_trades": 0,
    "wins": 0,
    "losses": 0,
    "win_rate": 0.0,
    "avg_trade": 0.0,
    "avg_pnl": 0.0,
    "total_pnl": 0,
    "profit_factor": 0.0,
    "sharpe": 0.0,
    "loss_streak": 0
  },
  "perf_db": {
    "total_trades": 0,
    "win_rate": 0.0,
    "profit_factor": 0.0,
    "sharpe_ratio": 0.0,
    "avg_pnl_per_trade": 0.0
  },
  "events": []
}