{
  "ts": 1772875784,
  "status": "HEALTHY",
  "balance": 4.567559,
  "wallet_usdc": 4.567559,
  "pm_collateral_usdc": 4.567559,
  "pm_available_usdc": 4.567559,
  "pm_allowance_usdc": 1.157920892373162e+71,
  "position": "FLAT",
  "runtime_ms": 1886,
  "latencies": {
    "data_fetch_all": 467.6,
    "fetch_polymarket": 384.5,
    "total_cycle": 1886
  },
  "trades_15m": 0,
  "last_market_slug": "btc-updown-15m-1772874900",
  "last_condition_id": "0x793596ea1598b1b44cae8f1d06dabaa6a7027e755300d63d68cc06a0081e4a51",
  "unclaimed_usdc": 0.0,
  "api_trade_history": [],
  "signal": {
    "atr14": 86.32768012241347,
    "expected_move": 19.936523742876528,
    "z_score": -0.7779691284212276,
    "posterior_fair_up": 0.21829354229228726,
    "posterior_final_up": 0.01880590556501404,
    "sigma_b": 0.581049011876555,
    "bvol_multiplier": 1.431049011876555,
    "signed_score": 10.526080448402514,
    "ema_score": 2.0,
    "vwap_score": -1.0,
    "rsi_score": 0.0,
    "atr_score": 0.0,
    "macd_score": -1.0,
    "stoch_score": 0.0,
    "mfi_score": 0.0,
    "obv_score": 2.5,
    "cvd_score": 1.2221422996542266,
    "ofi_score": 1.0,
    "imbalance_score": 0.0,
    "flow_accel_score": 1.0,
    "liq_vacuum_score": 0.0,
    "bb_position_score": 0.5,
    "cross_exch_score": 0.5,
    "accum_ofi_score": 0.0,
    "misprice_score": 0.0,
    "mtf_momentum_score": 0.0,
    "adx_stoch_boost": 1.0,
    "spread_pressure_score": -0.0,
    "oracle_lag_score": 0.0,
    "funding_rate_score": 0.0,
    "funding_rate": 2.172e-05,
    "vpin_proxy": 0.0,
    "deep_imbalance": 0.5,
    "deep_ofi": 0.0,
    "cvd": -51.10799999999906,
    "obi": -0.5360198028017092,
    "yes_mid": 0.035,
    "no_mid": 0.965,
    "regime": "normal",
    "direction": "DOWN",
    "edge_up": -0.02155516782183423,
    "edge_down": 0.010605377978324948,
    "target_edge": 0.010605377978324948,
    "target_side": "NO",
    "required_edge": 0.035,
    "min_score": 2.5,
    "skip_gates": [],
    "strike_price": 67969.72,
    "distance": -15.509999999994761,
    "raw_deep_ofi": 0.0,
    "raw_cvd": -51.10799999999906,
    "raw_vpin": 0.0,
    "raw_deep_imbalance": 0.5,
    "raw_obi": -0.5360198028017092,
    "monster_signal": true,
    "posterior_final_down": 0.981194094434986
  },
  "performance": {
    "total_trades": 0,
    "closed_trades": 0,
    "wins": 0,
    "losses": 0,
    "win_rate": 0.0,
    "avg_trade": 0.0,
    "avg_pnl": 0.0,
    "total_pnl": 0,
    "profit_factor": 0.0,
    "sharpe": 0.0,
    "loss_streak": 0
  },
  "perf_db": {
    "total_trades": 0,
    "win_rate": 0.0,
    "profit_factor": 0.0,
    "sharpe_ratio": 0.0,
    "avg_pnl_per_trade": 0.0
  },
  "events": []
}