{
  "ts": 1772919345,
  "status": "HEALTHY",
  "balance": 6.767559,
  "wallet_usdc": 6.767559,
  "pm_collateral_usdc": 6.767559,
  "pm_available_usdc": 6.767559,
  "pm_allowance_usdc": 1.157920892373162e+71,
  "position": "FLAT",
  "runtime_ms": 2394,
  "latencies": {
    "data_fetch_all": 375.0,
    "fetch_polymarket": 492.7,
    "total_cycle": 2394
  },
  "trades_15m": 0,
  "last_market_slug": "btc-updown-15m-1772919000",
  "last_condition_id": "0xecd8dee8ac96852c43571fe978d43498e2b4e73b47481f7fe5e0e5e0218adffc",
  "unclaimed_usdc": 0.0,
  "api_trade_history": [],
  "signal": {
    "atr14": 81.11238491170418,
    "expected_move": 110.32477112697421,
    "z_score": 0.002266036878628751,
    "posterior_fair_up": 0.5009040232569051,
    "posterior_final_up": 0.18527276378446536,
    "sigma_b": 0.24294853818833506,
    "bvol_multiplier": 1.092948538188335,
    "signed_score": 12.520271552702004,
    "ema_score": 2.0,
    "vwap_score": 1.0,
    "rsi_score": 0.0,
    "atr_score": 0.0,
    "macd_score": 1.0,
    "stoch_score": 1.5,
    "mfi_score": 0.0,
    "obv_score": 2.5,
    "cvd_score": 1.2221422996542266,
    "ofi_score": 1.0,
    "imbalance_score": 0.0,
    "flow_accel_score": 1.0,
    "liq_vacuum_score": 0.0,
    "bb_position_score": 0.5,
    "cross_exch_score": -0.5,
    "accum_ofi_score": 0.0,
    "misprice_score": 0.0,
    "mtf_momentum_score": 1.0,
    "adx_stoch_boost": 0.0,
    "spread_pressure_score": -0.0,
    "oracle_lag_score": 0.0,
    "funding_rate_score": 0.0,
    "funding_rate": -3.958e-05,
    "vpin_proxy": 0.0,
    "deep_imbalance": 0.5,
    "deep_ofi": 0.0,
    "cvd": -20.74400000000023,
    "obi": -0.21489504776342402,
    "yes_mid": 0.185,
    "no_mid": 0.815,
    "regime": "normal",
    "direction": "DOWN",
    "edge_up": -0.007728654988842981,
    "edge_down": -0.00820578183484122,
    "target_edge": -0.00820578183484122,
    "target_side": "NO",
    "required_edge": 0.035,
    "min_score": 2.5,
    "skip_gates": [
      "edge_insufficient=-0.0082_req=0.035"
    ],
    "strike_price": 67457.21,
    "distance": 0.25,
    "raw_deep_ofi": 0.0,
    "raw_cvd": -20.74400000000023,
    "raw_vpin": 0.0,
    "raw_deep_imbalance": 0.5,
    "raw_obi": -0.21489504776342402,
    "monster_signal": true,
    "posterior_final_down": 0.8147272362155347
  },
  "performance": {
    "total_trades": 0,
    "closed_trades": 0,
    "wins": 0,
    "losses": 0,
    "win_rate": 0.0,
    "avg_trade": 0.0,
    "avg_pnl": 0.0,
    "total_pnl": 0,
    "profit_factor": 0.0,
    "sharpe": 0.0,
    "loss_streak": 0
  },
  "perf_db": {
    "total_trades": 0,
    "win_rate": 0.0,
    "profit_factor": 0.0,
    "sharpe_ratio": 0.0,
    "avg_pnl_per_trade": 0.0
  },
  "events": []
}