{
  "ts": 1773618928,
  "status": "HEALTHY",
  "balance": 0.0,
  "wallet_usdc": null,
  "pm_collateral_usdc": 0.0,
  "pm_available_usdc": 0.0,
  "pm_allowance_usdc": 1.157920892373162e+71,
  "position": "FLAT",
  "runtime_ms": 1414,
  "latencies": {
    "data_fetch_all": 305.8,
    "fetch_polymarket": 316.0,
    "total_cycle": 1414
  },
  "trades_15m": 0,
  "last_market_slug": "btc-updown-15m-1773618300",
  "last_condition_id": "0x83a567cb90bf5d3f762730e9274a0cf76edb1edd5ab586125a278a5aa43ad7df",
  "unclaimed_usdc": 0.0,
  "api_trade_history": [],
  "signal": {
    "atr14": 215.29221303713993,
    "expected_move": 204.99919075031127,
    "z_score": -0.3172695451233599,
    "posterior_fair_up": 0.3755196109161807,
    "posterior_final_up": 0.47151206800350237,
    "sigma_b": 0.3004549631514644,
    "bvol_multiplier": 1.1504549631514644,
    "signed_score": 3.5121625785722594,
    "ema_score": 2.0,
    "vwap_score": -1.0,
    "rsi_score": 0.0,
    "atr_score": 1.0,
    "macd_score": -1.0,
    "stoch_score": 0.0,
    "mfi_score": 0.0,
    "obv_score": 2.5,
    "cvd_score": 1.0229404438510774,
    "ofi_score": 0.0,
    "imbalance_score": 1.0,
    "flow_accel_score": 1.0,
    "liq_vacuum_score": 0.0,
    "bb_position_score": 0.0,
    "cross_exch_score": -0.3,
    "accum_ofi_score": 0.0,
    "misprice_score": -0.5,
    "mtf_momentum_score": -1.0,
    "adx_stoch_boost": -1.0,
    "spread_pressure_score": 0.0,
    "oracle_lag_score": 0.0,
    "funding_rate_score": 0.0,
    "funding_rate": 2.28e-05,
    "vpin_proxy": 0.0,
    "deep_imbalance": 0.5,
    "deep_ofi": 0.0,
    "cvd": 57.90300000000014,
    "obi": 0.17421738860746405,
    "yes_mid": 0.535,
    "no_mid": 0.46499999999999997,
    "regime": "high",
    "direction": "DOWN",
    "edge_up": -0.07282584302212985,
    "edge_down": 0.0528859599173348,
    "target_edge": 0.0528859599173348,
    "target_side": "NO",
    "required_edge": 0.025,
    "min_score": 2.0,
    "skip_gates": [],
    "strike_price": 72710.77,
    "distance": -65.04000000000815,
    "raw_deep_ofi": 0.0,
    "raw_cvd": 57.90300000000014,
    "raw_vpin": 0.0,
    "raw_deep_imbalance": 0.5,
    "raw_obi": 0.17421738860746405,
    "monster_signal": false,
    "posterior_final_down": 0.5284879319964977
  },
  "performance": {
    "total_trades": 0,
    "closed_trades": 0,
    "wins": 0,
    "losses": 0,
    "win_rate": 0.0,
    "avg_trade": 0.0,
    "avg_pnl": 0.0,
    "total_pnl": 0,
    "profit_factor": 0.0,
    "sharpe": 0.0,
    "loss_streak": 0
  },
  "perf_db": {
    "total_trades": 0,
    "win_rate": 0.0,
    "profit_factor": 0.0,
    "sharpe_ratio": 0.0,
    "avg_pnl_per_trade": 0.0
  },
  "events": []
}