{
  "ts": 1773960512,
  "status": "HEALTHY",
  "balance": 0.0,
  "wallet_usdc": null,
  "pm_collateral_usdc": 0.0,
  "pm_available_usdc": 0.0,
  "pm_allowance_usdc": 1.157920892373162e+71,
  "position": "FLAT",
  "runtime_ms": 2609,
  "latencies": {
    "data_fetch_all": 1253.0,
    "fetch_polymarket": 395.3,
    "total_cycle": 2609
  },
  "trades_15m": 0,
  "last_market_slug": "btc-updown-15m-1773960300",
  "last_condition_id": "0x65c9fd3d351c3dd7393ff32cd8dbbd811ca9d3d5fc09b532546176524ab1e870",
  "unclaimed_usdc": 0.0,
  "api_trade_history": [],
  "signal": {
    "atr14": 121.54652104417612,
    "expected_move": 184.06708073620274,
    "z_score": -0.26522939248414124,
    "posterior_fair_up": 0.3954164376633633,
    "posterior_final_up": 0.4323380651886111,
    "sigma_b": 0.21232986349353777,
    "bvol_multiplier": 1.0623298634935379,
    "signed_score": -8.587812671288301,
    "ema_score": -2.0,
    "vwap_score": -1.0,
    "rsi_score": -1.0,
    "atr_score": -1.0,
    "macd_score": -1.0,
    "stoch_score": -1.5,
    "mfi_score": 0.0,
    "obv_score": 0.5,
    "cvd_score": 1.0229404438510774,
    "ofi_score": 0.0,
    "imbalance_score": 1.0,
    "flow_accel_score": 1.0,
    "liq_vacuum_score": 0.0,
    "bb_position_score": -1.0,
    "cross_exch_score": 0.3,
    "accum_ofi_score": 0.0,
    "misprice_score": -0.5,
    "mtf_momentum_score": -1.0,
    "adx_stoch_boost": 0.0,
    "spread_pressure_score": 0.0,
    "oracle_lag_score": -2.0,
    "funding_rate_score": 0.0,
    "funding_rate": -1.524e-05,
    "vpin_proxy": 0.0,
    "deep_imbalance": 0.5,
    "deep_ofi": 0.0,
    "cvd": 2.420000000000118,
    "obi": 0.10702195744911483,
    "yes_mid": 0.485,
    "no_mid": 0.515,
    "regime": "normal",
    "direction": "DOWN",
    "edge_up": -0.062071783076312725,
    "edge_down": 0.04221238023719953,
    "target_edge": 0.04221238023719953,
    "target_side": "NO",
    "required_edge": 0.035,
    "min_score": 2.5,
    "skip_gates": [
      "monster_too_early_rem=11.5min"
    ],
    "strike_price": 70066.48,
    "distance": -48.81999999999243,
    "raw_deep_ofi": 0.0,
    "raw_cvd": 2.420000000000118,
    "raw_vpin": 0.0,
    "raw_deep_imbalance": 0.5,
    "raw_obi": 0.10702195744911483,
    "monster_signal": true,
    "posterior_final_down": 0.5676619348113889
  },
  "performance": {
    "total_trades": 0,
    "closed_trades": 0,
    "wins": 0,
    "losses": 0,
    "win_rate": 0.0,
    "avg_trade": 0.0,
    "avg_pnl": 0.0,
    "total_pnl": 0,
    "profit_factor": 0.0,
    "sharpe": 0.0,
    "loss_streak": 0
  },
  "perf_db": {
    "total_trades": 0,
    "win_rate": 0.0,
    "profit_factor": 0.0,
    "sharpe_ratio": 0.0,
    "avg_pnl_per_trade": 0.0
  },
  "events": []
}