{
  "ts": 1773316249,
  "status": "HEALTHY",
  "balance": 0.0,
  "wallet_usdc": null,
  "pm_collateral_usdc": 0.0,
  "pm_available_usdc": 0.0,
  "pm_allowance_usdc": 1.157920892373162e+71,
  "position": "FLAT",
  "runtime_ms": 3065,
  "latencies": {
    "data_fetch_all": 1304.7,
    "fetch_polymarket": 652.8,
    "total_cycle": 3065
  },
  "trades_15m": 0,
  "last_market_slug": "btc-updown-15m-1773315900",
  "last_condition_id": "0x2eeb58fb339f8e8bbe19866174f3f94f8d0ed2b7b8d2434f5e78927f95ed5db0",
  "unclaimed_usdc": 0.0,
  "api_trade_history": [],
  "signal": {
    "atr14": 140.96305964522935,
    "expected_move": 191.03831976581745,
    "z_score": 0.026539178140843396,
    "posterior_fair_up": 0.5105864067899613,
    "posterior_final_up": 0.1070067228263235,
    "sigma_b": 0.244942915605431,
    "bvol_multiplier": 1.094942915605431,
    "signed_score": 3.7780788729258927,
    "ema_score": 2.0,
    "vwap_score": 1.0,
    "rsi_score": 1.0,
    "atr_score": 1.0,
    "macd_score": 1.0,
    "stoch_score": 1.5,
    "mfi_score": 0.0,
    "obv_score": -0.5,
    "cvd_score": 1.0187146795503175,
    "ofi_score": -2.0,
    "imbalance_score": -1.0,
    "flow_accel_score": -1.0,
    "liq_vacuum_score": 0.0,
    "bb_position_score": 1.0,
    "cross_exch_score": -0.5,
    "accum_ofi_score": 0.0,
    "misprice_score": 0.0,
    "mtf_momentum_score": 1.0,
    "adx_stoch_boost": -1.0,
    "spread_pressure_score": 0.5,
    "oracle_lag_score": 0.0,
    "funding_rate_score": 0.0,
    "funding_rate": -5.829e-05,
    "vpin_proxy": 0.0,
    "deep_imbalance": 0.5,
    "deep_ofi": 0.0,
    "cvd": -12.384000000001313,
    "obi": -0.2859182230530939,
    "yes_mid": 0.10500000000000001,
    "no_mid": 0.895,
    "regime": "normal",
    "direction": "DOWN",
    "edge_up": -0.004897996839985069,
    "edge_down": -0.008792709380670893,
    "target_edge": -0.008792709380670893,
    "target_side": "NO",
    "required_edge": 0.035,
    "min_score": 2.5,
    "skip_gates": [
      "edge_insufficient=-0.0088_req=0.035",
      "early_window_rem=9.2min"
    ],
    "strike_price": 70705.71,
    "distance": 5.069999999992433,
    "raw_deep_ofi": 0.0,
    "raw_cvd": -12.384000000001313,
    "raw_vpin": 0.0,
    "raw_deep_imbalance": 0.5,
    "raw_obi": -0.2859182230530939,
    "monster_signal": false,
    "posterior_final_down": 0.8929932771736765
  },
  "performance": {
    "total_trades": 0,
    "closed_trades": 0,
    "wins": 0,
    "losses": 0,
    "win_rate": 0.0,
    "avg_trade": 0.0,
    "avg_pnl": 0.0,
    "total_pnl": 0,
    "profit_factor": 0.0,
    "sharpe": 0.0,
    "loss_streak": 0
  },
  "perf_db": {
    "total_trades": 0,
    "win_rate": 0.0,
    "profit_factor": 0.0,
    "sharpe_ratio": 0.0,
    "avg_pnl_per_trade": 0.0
  },
  "events": []
}