{
  "ts": 1773150384,
  "status": "HEALTHY",
  "balance": 4.623481,
  "wallet_usdc": 4.623481,
  "pm_collateral_usdc": 4.623481,
  "pm_available_usdc": 4.623481,
  "pm_allowance_usdc": 1.157920892373162e+71,
  "position": "FLAT",
  "runtime_ms": 2694,
  "latencies": {
    "data_fetch_all": 687.2,
    "fetch_polymarket": 792.0,
    "total_cycle": 2694
  },
  "trades_15m": 0,
  "last_market_slug": "btc-updown-15m-1773150300",
  "last_condition_id": "0x0245263ba320fb6ef0cd567592f3b0e7db9fc56daf890e1a8c1ec942c5b71bb7",
  "unclaimed_usdc": 0.0,
  "api_trade_history": [
    {
      "slug": "btc-updown-15m-1773149400",
      "outcome": "Down",
      "size": 7.0,
      "entry_price": 0.0,
      "exit_price": 0.9995,
      "realized_pnl": 0.0,
      "percent_pnl": 0.0,
      "timestamp": "2026-03-10"
    }
  ],
  "signal": {
    "atr14": 203.93942152565003,
    "expected_move": 336.3455104710476,
    "z_score": 0.03549921027124908,
    "posterior_fair_up": 0.5141592204290242,
    "posterior_final_up": 0.6613725660477455,
    "sigma_b": 0.16957692564091648,
    "bvol_multiplier": 1.0195769256409164,
    "signed_score": -6.366748510046483,
    "ema_score": -2.0,
    "vwap_score": -1.0,
    "rsi_score": 0.0,
    "atr_score": -1.0,
    "macd_score": -1.0,
    "stoch_score": -1.5,
    "mfi_score": 0.0,
    "obv_score": -2.5,
    "cvd_score": 1.2221422996542266,
    "ofi_score": 1.0,
    "imbalance_score": 0.0,
    "flow_accel_score": 1.0,
    "liq_vacuum_score": 0.0,
    "bb_position_score": -1.0,
    "cross_exch_score": 0.5,
    "accum_ofi_score": 0.0,
    "misprice_score": 0.0,
    "mtf_momentum_score": -1.0,
    "adx_stoch_boost": 1.0,
    "spread_pressure_score": 0.0,
    "oracle_lag_score": 0.0,
    "funding_rate_score": 0.0,
    "funding_rate": 2.377e-05,
    "vpin_proxy": 0.0,
    "deep_imbalance": 0.5,
    "deep_ofi": 0.0,
    "cvd": 129.66500000000175,
    "obi": 0.12056441268876633,
    "yes_mid": 0.655,
    "no_mid": 0.345,
    "regime": "high",
    "direction": "UP",
    "edge_up": -0.003124767401379236,
    "edge_down": -0.01577472268912483,
    "target_edge": -0.003124767401379236,
    "target_side": "YES",
    "required_edge": 0.025,
    "min_score": 2.0,
    "skip_gates": [
      "edge_insufficient=-0.0031_req=0.035",
      "early_window_rem=13.6min"
    ],
    "strike_price": 69924.01,
    "distance": 11.940000000002328,
    "raw_deep_ofi": 0.0,
    "raw_cvd": 129.66500000000175,
    "raw_vpin": 0.0,
    "raw_deep_imbalance": 0.5,
    "raw_obi": 0.12056441268876633,
    "monster_signal": false,
    "posterior_final_down": 0.3386274339522545
  },
  "performance": {
    "total_trades": 0,
    "closed_trades": 0,
    "wins": 0,
    "losses": 0,
    "win_rate": 0.0,
    "avg_trade": 0.0,
    "avg_pnl": 0.0,
    "total_pnl": 0,
    "profit_factor": 0.0,
    "sharpe": 0.0,
    "loss_streak": 0
  },
  "perf_db": {
    "total_trades": 0,
    "win_rate": 0.0,
    "profit_factor": 0.0,
    "sharpe_ratio": 0.0,
    "avg_pnl_per_trade": 0.0
  },
  "events": []
}